{"Мастер фраза для определения максимальной длины текста":"Що ж! Ця стара клешня мало не скромсала мене за своє золото!","archiv_Заметки":"","archiv_Архив":"","archiv_Восточная часть Чистилища.":"","archiv_Лекционные залы":"","archiv_Восточная часть Чистилища. Два лекционных зала. Первый принадлежит Ирэю, второй инструктору Рикарду.":"","archiv_Общежития":"","archiv_Восточная часть Чистилища. Всего два общежития.":"","archiv_Склад Расходников":"","archiv_Восточная часть Чистилища. Обменный пункт расходных материалов.":"","archiv_Столовая":"","archiv_Юго-восточная часть Чистилища. Можно покушать и поговорить со жнецами.":"","archiv_Штаб карательного корпуса":"","archiv_Юг Чистилища. Ирэй советует держаться от этого места подальше!":"","archiv_Склад со снаряжением":"","archiv_Северо-восточная часть Чистилища. Обменный пункт брони и оружия.":"","archiv_Арена":"","archiv_Север Чистилища. Любимое место Сидрина Рури.":"","archiv_Динамический телепорт":"","archiv_Западная часть Чистилища.":"","archiv_ЗОИРД":"","archiv_Западная часть Чистилища. Вход в здание очистки и распределения душ.":"","archiv_Штаб Вероломгеров":"","archiv_Центральная часть Чистилища.":"","archiv_Зоны для удара":"","archiv_Удар в голову с шансом 25% оглушает противника. Удар по торсу ослабляет физ. защиту цели на 25%. Удар по рукам ослабляет физ. атаку цели на 25%. Удар по ногам снижает скорость цели на 25%.":"","archiv_Скорость":"","archiv_Последовательность ходов зависит от параметра “Скорость”, чем он выше - тем чаще вы сможете ходить. Перед тем, как любой противник проведет атаку, вы увидите один из трех индикаторов.":"","archiv_Магическа атака":"","archiv_Магическая атака. Её невозможно контратаковать обычным навыком. От нее рекомендуется уворачиватся с помощью навыка “Уклонение” или блокировать через умение “Защита”.":"","archiv_Физическая атака":"","archiv_Физическая атака. Её можно отбить во врага с помощью навыка “Контратака”.":"","archiv_Особое умение":"","archiv_Особое умение. Это усиливающие умения, или боевые навыки пробивающие “Уклонение” и “Контратаку”. Рекомендуется не допустить использование такого навыка с помощью “оглушения”.":"","archiv_Расходники в бою":"","archiv_Слитки жизни восстанавливают 50% полученных ранений(ОЗ). Слитки магии восстанавливают 50% магической энергии(ОМ). Адреналиновые слитки восстанавливают 50% физической энергии(ОЭ). Слиток “атаки” увеличивает урон от физических атак на 50%. Слиток “защиты” снижает урон от физических повреждений на 50%. Магический барьер снижает урон от магических повреждений на 50%. Усилитель можно активировать как в самом бою, так и вне, подготовившись заранее. Используйте расходное снаряжение с умом, в ином случае, можете попасть в неловкое положение.":"","archiv_Расходники вне боя":"","archiv_Вне битвы усилитель “атаки” поможет обойти физические преграды. Слиток “защиты” снизит входящий урон от физических угроз. Вроде камней, лезвие и прочего. Аналогично работает и магический барьер - защищает от магического урона.":"","archiv_Зрение противников":"","archiv_Пока ты не попал в поле зрения врага, он никак не будет реагировать. В случае обнаружения у тебя будет несколько вариантов. Сразиться, или попытаться сбежать. Оценивай ситуацию и решай, как лучше всего поступить.":"","archiv_Бестиарий":"","archiv_Предметы":"","archiv_Броня":"","archiv_Оружие":"","archiv_Умения":"","archiv_Состояния":"","archiv_Чистилище":"","archiv_Подсказки":"","archiv_Локальная карта":"","archiv_На случай, если вы заблудитесь, у каждого жнеца есть локальная карта местности. Черными квадратами показана область, где вы не были. Всё остальное - миниатюрная карта местности. Иконка Риома это жнец в сером шлеме, где находиться он, там находитесь вы.":""}