{"Мастер фраза для определения максимальной длины текста":"Що ж! Ця стара клешня мало не скромсала мене за своє золото!","battle_list_Тини погиб.":"","battle_list_Риом Рури погиб\\..\\..\\..":"","battle_list_Стой! Стой!":"","battle_list_Сдаюсь...":"","battle_list_Неплохо...":"","battle_list_Получайте, уроды!   \\| \\^":"","battle_list_Ловите!   \\| \\^":"","battle_list_Опустошитель-стрелок бежит с поля боя!":"","battle_list_Достаточно...":""}