{"Мастер фраза для определения максимальной длины текста":"Що ж! Ця стара клешня мало не скромсала мене за своє золото!","common_ev_Внимание! Активация ключей!":"","common_ev_Двери в красные комнаты разблокированы!":"","common_ev_\\>Ошибка\\.\\.\\.\\^":"","common_ev_Красные комнаты\\..\\..\\..":"","common_ev_Это не то, что мне нужно.":"","common_ev_А ну-ка ещё раз!":"","common_ev_Ай!":"","common_ev_Ах ты зараза!\\! Сейчас я тебя...\\^":"","common_ev_Эй!":"","common_ev_Я помню, как разбирал такую панель на прикладной механике!":"","common_ev_Ну-ка, ну-ка!":"","common_ev_Риом внимательно осматривает панель.\\.":"","common_ev_Даже я смогу починить её!\\! Всего-навсего нужно найти цельную основу, и заменить её в панели управления.":"","common_ev_Здесь много ящиков с инструментами.\\! В каком-нибудь должна быть эта деталь.":"","common_ev_Эффекты расходников можно использовать вне боя.":"","common_ev_В этом ящике ничего нет.":"","common_ev_Здесь нет ничего интересного.":"","common_ev_В ящике только хлам.":"","common_ev_Рита!!":"","common_ev_Нет! Риом! РИОМ!!!":"","common_ev_Кен! Очнись! КЕНЧИРУ!!":"","common_ev_Штаб Вероломгеров в другой стороне.":"","common_ev_Количество зарядов:":"","common_ev_Лечение":"","common_ev_Подзарядка":"","common_ev_(Оставить в покое)":"","common_ev_Риом активирует Инженерную установку.":"","common_ev_Количество зарядов выше нормы. Медиинский механизм перегружен. Попытка лечения преведет к детонации устройства.":"","common_ev_Сбросить показатель энергии до стандартного значения?":"","common_ev_Да":"","common_ev_Нет":"","common_ev_Отряд серьезно ранен!":"","common_ev_Здоровье отряда восстановлено!":"","common_ev_Заряд лечения закончился! Требуется подзарядка!":"","common_ev_Отряд полностью здоров.":"","common_ev_Заряд энергии восстановлен! Потерян Осколок Гидрита!":"","common_ev_Осколок Гидрита отсутствует!":"","common_ev_Количество зарядов лечения:":"","common_ev_Вы уверены, что хотите потратить осколок гидрита на зарядку?":"","common_ev_Стой! \\!Вы оба, следуйте за мной в кабинет командира Рикарда!":"","common_ev_Вы двое, притормозите! \\!За нарушение порядка Чистилища, Ирни должен пройти со мной к Лаурите, а ты Риом\\..\\..\\.. за компанию.":"","common_ev_Перейти в выбранную локацию?":"","common_ev_Слишком темно\\..\\..\\..":"","common_ev_Ммм\\..\\..\\..":"","common_ev_Это не проблема.":"","common_ev_Риом напрягся.":"","common_ev_Так лучше?":"","common_ev_Фух\\..\\..\\.. Специфичный вид.":"","common_ev_Ну, привыкай.":"","common_ev_С-сейчас.":"","common_ev_Да, так лучше.\\! Спасибо, Тини.":"","common_ev_Здесь ничего нет...":"","common_ev_Пусто...":"","common_ev_Хватит с меня походов в гости.":"","common_ev_Отправиться в мир Коельтана?":"","common_ev_(Хм, с кем же связаться?)":"","common_ev_Сидрин Рури":"","common_ev_Ирей":"","common_ev_Рикард":"","common_ev_Не связываться":"","common_ev_Ещё не время.":"","common_ev_Я должен позвонить отцу когда буду в Южном каньоне на базе Разведывательного корпуса Ривальсеров.":"","common_ev_Отец?\\. Пап, ты меня слышишь?":"","common_ev_РИОМ?!\\. Слава Богу, ты жив\\..\\..\\.. Как у тебя обстановка? Сильно ранен?":"","common_ev_Со мной всё в порядке.\\. Я цел настолько, насколько это возможно.":"","common_ev_А вот обстановка.\\..\\.. не очень. Вокруг полно опустошителей. Повсюду тела жнецов, и я точно не знаю куда мне идти.":"","common_ev_О нет\\..\\..\\.. Ты находишься в Северном районе Зубчатого каньона.\\. По данным разведки - это опасное место. Хуже только Южный район или Тёмный лес.":"","common_ev_Так, сын, слушай внимательно! Армия Восставших находится в сотнях километров от тебя. Это и плохо, и хорошо.":"","common_ev_С одной стороны, ты рискуешь провалить поставленное перед твоим отрядом задание\\..\\..\\..":"","common_ev_С другой, у тебя есть возможность собрать разбросанные силы жнецов.":"","common_ev_В смысле, собрать силы?!\\. Ты хочешь, чтобы я возглавил армию из пары сотен жнецов?":"","common_ev_Нет! Нет!\\. Я не это имел ввиду.":"","common_ev_Помоги им с чем нужно и объясни ситуацию, если они не понимают, что происходит.":"","common_ev_Походу дела, продвигайся в сторону Южного каньона к базе моих воинов - Разведывательного корпуса Ривальсеров. Это место - точка сбора оставшихся войск Чистилища. Когда прибудешь - сможешь нанести удар по Восставшим.":"","common_ev_Спасибо, отец! Как буду на месте - сообщу.":"","common_ev_Конечно, Риом. Жду твоего следующего звонка.":"","common_ev_Не стоит отвлекать вероломгера без причины.":"","common_ev_Вероломгер Ирей, это Риом Рури!":"","common_ev_Нашёл что-то крайне необычное?":"","common_ev_Нет, ничего такого\\..\\..\\..":"","common_ev_Звони мне только если увидишь что-то необычное, что не видел ни разу.":"","common_ev_О!\\. Давно тебя не было слышно. Знаю, поход потерпел крах\\..\\..\\.. Сожалею, насчёт твоего отряда\\..\\..\\.. Почти весь батальон разгромлен\\..\\..\\..":"","common_ev_Почти?":"","common_ev_Ага.\\. Дюжина раненых и полсотни уцелевших. Мне неизвестно куда они направились. Но, если встретишь их, помоги добраться до ближайшего форпоста.":"","common_ev_Не позволь им разбить лагерь где-то под камнями в Зубчатом каньоне. На запах крови быстро сбегутся опустошители.":"","common_ev_Посмотрю по обстановке\\..\\..\\..":"","common_ev_Буду признателен, если сделаешь, как я сказал.":"","common_ev_Сидрин рассказал о базе разведчиков в Южном районе?":"","common_ev_Да, отец говорил, что на Юге есть точка сбора всех жнецов. Оттуда я смогу нанести удар по Восставшим\\..\\..\\.. И убить их.":"","common_ev_Нет, я без понятия, что это за база.":"","common_ev_Точка сбора жнецов в Южном районе Зубчатого каньона. Сейчас там находится разведчики Сидрина.":"","common_ev_Хорошо. Если не уверен, что тебе нужно делать - посоветуйся с Сидрином.\\. А я помогу с проблемами магического характера.":"","common_ev_Какими именно?":"","common_ev_Если увидишь что-то крайне необычное, что не видел ни разу\\..\\..\\.. или явления, которые ты сам не можешь понять.\\. Не медли - сразу дай мне знать.":"","common_ev_Благодарю за заботу, Ирей!":"","common_ev_Сейчас нет причин звонить командуру.":"","common_ev_Командир Рикард, это Риом Рури!":"","common_ev_О! Ты ещё жив?\\. Неплохо для начала.":"","common_ev_Что тебе нужно?":"","common_ev_Помощь! Я застрял в Северном каньоне\\..\\..\\.. мой отряд разбили\\..\\..\\..":"","common_ev_Это твои проблемы.":"","common_ev_Я дал тебе одно из самых смертоносных орудий - Геном Моркрет. С тобой были далеко не слабые бойцы.\\. Остальное меня не волнует.":"","common_ev_К твоему счастью, настроение у меня хорошее.":"","common_ev_Опустошители наконец-то сделали величайшую глупость - объединились с Восставшими, а значит\\..\\..\\.. Мы можем законно их истребить!":"","common_ev_Ха-ха-ха!\\.\\. Эти твари давно напрашивались.":"","common_ev_(Как тебя самого за такие мысли не казнили?)":"","common_ev_Командир, из-за этого союза мы несём такие потери, каких не было в Первую войну Адаманта.":"","common_ev_Я постараюсь найти иной способ решения проблемы с Опустошителями. А вот с Восставшими мне в одиночку не справиться.":"","common_ev_Дерзай!\\. Весь карательный корпус выдвигается в сторону Южного района Зубчатого каньона. Двигайся туда, и может даже с кем пересечёшься.":"","common_ev_Если рядом с тобой будут каратели, я сообщу.":"","common_ev_До связи и\\..\\..\\.. постарайся не сдохнуть.":"","common_ev_Недавно ты говорил, что расскажешь о том, зачем напал на меня.":"","common_ev_Ммм\\..\\..\\.. насчет этого\\..\\..\\.. Хотел узнать кто ты. Увидеть, что из себя представляешь.":"","common_ev_Ради этого?! Мог бы, просто устроить мирные посиделки за костром! \\.\\.Как сейчас! \\!Обязательно меня до полусмерти избивать?":"","common_ev_Почему бы и нет? Для тебя это не впервые.":"","common_ev_Странное у тебя приветствие. Сначала избил, а после как ни в чем не бывало пригласил на чай.":"","common_ev_Забей.":"","common_ev_Обычное мужское приветствие, в мое время все так делали.":"","common_ev_Да и я узнал о тебе достаточно.":"","common_ev_Лучший способ узнать человека - окунуть его в бездну отчаяния и посмотреть, как он выберется.":"","common_ev_Что сделает ради выживания.":"","common_ev_Твой выпад с голыми кулаками\\..\\..\\.. Он\\..\\..\\.. Ха-ха-ха! \\.Он мне понравился! \\.Давно я не видел такую волю к жизни.":"","common_ev_Ты достоин владеть мечом. \\!Осталось только навыки поднатаскать.":"","common_ev_С-спасибо\\..\\..\\.. Но все же\\..\\..\\.. Неужели всё настолько просто?":"","common_ev_Почему никто из карателей не смог пройти это испытание?":"","common_ev_Действительно\\..\\..\\.. Почему?":"","common_ev_Предыдущие жнецы так поддавались отчаянию, что переставали как-либо сопротивляться. \\!При том, что все руки, ноги на месте, сердце еще бьется\\..\\..\\..":"","common_ev_Кто-то всерьез пытался от меня сбежать,  кто-то стоял столбом, падал на колени. \\!Были и такие, кто начинал со слезами на глазах молить о пощаде\\..\\..\\..":"","common_ev_Чем больше Рикард отправлял испытуемых, тем меньше я видел достойных.":"","common_ev_По итогу все дошло до ультиматума - \\.либо он лично найдет мне достойного жнеца\\..\\..\\.. либо о силе Генома Моркрета можно будет забыть.":"","common_ev_И что во мне такого особенного?":"","common_ev_Твоя душа.":"","common_ev_Забыл? Да?":"","common_ev_Нет\\..\\..\\.. Я помню. Мое тело создано из мертвой плоти, как и у всех жнецов. \\. Но душа - полностью человеческая. \\!Что в этом такого?..":"","common_ev_Серьезно? Черт\\..\\..\\.. хорошо же тебя выдрессировали\\..\\..\\..":"","common_ev_У тебя больше свободы, чем у любого высшего жнеца! Похоже\\..\\..\\.. это чего они боятся больше всего\\..\\..\\..":"","common_ev_К чему ты клонишь?":"","common_ev_Неважно\\..\\..\\..":"","common_ev_Что-то мы засиделись\\..\\..\\.. Если ко мне дел нет, то тебе пора на выход.":"","common_ev_Поговорим в другой раз.":"","common_ev_Слишком высоко\\..\\..\\..":"","common_ev_Кхм.":"","common_ev_(Сдержанный смех) Ха-ха-ха\\..\\..\\..":"","common_ev_Риом, что ты делаешь?":"","common_ev_(Шепотом)Пытаюсь попасть на верх.":"","common_ev_Не-не-не. Не позорься. Если тебе нужно попасть на возвышенность\\..\\..\\.. без сторонней помощи, приходи ко мне, в любом безопасном месте.":"","common_ev_Подумаю\\..\\..\\..":"","common_ev_Черт\\..\\..\\..":"","common_ev_Найден ящик с припасами.":"","common_ev_Молодец.":"","common_ev_Теперь стань по центру и замахнись так, чтобы меч был прямо над головой.":"","common_ev_Риом взял меч в обе руки и замахнулся.":"","common_ev_Жнец ощутил прилив темной энергии.":"","common_ev_А теперь. Бей!":"","common_ev_Теперь экипируй Геном Моркрет.":"","common_ev_О! Чую\\..\\..\\..":"","common_ev_Целительная.\\. Чистая энергия.\\. Где-то под нами.":"","common_ev_Прекрасно. \\!Теперь бы пещеру найти.":"","common_ev_Необязательно искать. \\.Ты можешь сам её сделать.":"","common_ev_И как ты себе это представляешь? \\|Предлагаешь мечом землю ковырять?":"","common_ev_Хах! Я бы на это посмотрел. \\.Есть вариант получше.":"","common_ev_Вооружись моим мечом и подойди во-о-он к той трещине.":"","common_ev_Ваша задача - отбить атаку опустошителей и сохранить прочность барьера минимум на 5%.":"","common_ev_В вашем распоряжении будут два вида боевых расходников.":"","common_ev_Взрывной слиток. Он наносит урон в 1 ед. и быстро восстанавливается. Максимальное количество - 10 штук.":"","common_ev_Магический слиток. Он наносит урон в 2 ед., но восстанавливается медленно. Максимальное количество - 4 штуки.":"","common_ev_Для броска взрывного слитка нажмите одну из клавиш - \\C[3]'Z', 'Space' \\C[0]или \\C[3]'Enter'.":"","common_ev_Для броска магического слитка нажмите одну из клавиш - \\C[2]'X', 'Num 0', \\C[0]или \\C[2]'Esc'.":"","common_ev_Стой!!!":"","common_ev_Почему бы нам не попробовать обойти стороной.":"","common_ev_Не видишь, тут километровая пропасть?!":"","common_ev_Ой!\\. По форме очень похожа на\\..\\..\\.. ногу?!":"","common_ev_Это Колосс.\\. Гигантский опустошитель, который иногда бродит по серебрянной пустыне. ":"","common_ev_Боюсь, в обход у нас не получится обойти арахноидов.":"","common_ev_Без слитка атаки этот камень мне не сдвинуть.":"","common_ev_Телепортироваться в выбранную область?":""}