{"Мастер фраза для определения максимальной длины текста":"Що ж! Ця стара клешня мало не скромсала мене за своє золото!","dialogs_chapter_3_Глава 3":"","dialogs_chapter_3_А\\..\\..\\..\\! *Кашляет кровью*\\..\\..\\..\\! Помогите...":"","dialogs_chapter_3_Кто-нибудь\\..\\..\\..":"","dialogs_chapter_3_Ты!.. \\!Снова драки хочешь?!..":"","dialogs_chapter_3_Успокойся, Риом.":"","dialogs_chapter_3_Я не сражаться сюда пришел.":"","dialogs_chapter_3_Нам с тобой предстоит долгий... очень долгий путь.":"","dialogs_chapter_3_Но для начала\\..\\..\\.. Встань.":"","dialogs_chapter_3_Ха\\..\\..\\.. Ха-ха\\..\\..\\..":"","dialogs_chapter_3_Мои кости смешались с органами\\..\\..\\..":"","dialogs_chapter_3_Как ты себе это представляешь?! \\!*Кашляет кровью*":"","dialogs_chapter_3_Не беда, сейчас помогу\\..\\..\\..":"","dialogs_chapter_3_Риом почувствовал, как тьма впилась ему в рёбра. \\.Она быстро расползалась по телу.":"","dialogs_chapter_3_Ах ты су\\..\\..\\..":"","dialogs_chapter_3_Призрак заткнул Риому рот.":"","dialogs_chapter_3_Тише. \\!Забыл где мы?":"","dialogs_chapter_3_Мог бы и помягче исцелить!":"","dialogs_chapter_3_Не вредничай. Ты жив и можешь двигаться.":"","dialogs_chapter_3_Кто ты и зачем напал на меня в штабе карателей?":"","dialogs_chapter_3_Меня зовут Коельтан, я твой напарник.":"","dialogs_chapter_3_А насчёт нападения\\..\\..\\.. Это была проверка. \\!Подробности объясню в более спокойной обстановке.":"","dialogs_chapter_3_Риом достает рацию.":"","dialogs_chapter_3_Даже рация всмятку.":"","dialogs_chapter_3_Незачем по пустякам беспокоить высших жнецов! \\!Тот стремный каратель ясно дал знать что нужно сделать. \\.Убить Восставших. \\.Всех.":"","dialogs_chapter_3_А?!":"","dialogs_chapter_3_Черт\\..\\..\\.. Я слышу твой голос у себя в голове\\..\\..\\.. Это н-нормально?\\..\\..":"","dialogs_chapter_3_Да, вполне.":"","dialogs_chapter_3_Пора в путь! Я буду по возможности помогать, а ты двигайся к цели\\..\\..\\..":"","dialogs_chapter_3_И постарайся не сдохнуть!":"","dialogs_chapter_3_Прости, тебе уже не к чему\\..\\..\\..":"","dialogs_chapter_3_Это мне тоже пригодится.":"","dialogs_chapter_3_Теперь нужно найти безопасное место.":"","dialogs_chapter_3_О!":"","dialogs_chapter_3_Это динамичный телепорт.":"","dialogs_chapter_3_Вроде цел\\..\\..\\..":"","dialogs_chapter_3_Только сам механизм в сонном режиме.":"","dialogs_chapter_3_Значит разбуди его!":"","dialogs_chapter_3_Направь немного энергии в ядро. Легкий импульс приведет машину в чувство.":"","dialogs_chapter_3_Стоп\\..\\..\\..":"","dialogs_chapter_3_Риом осматривает ядро телепорта.":"","dialogs_chapter_3_Кто-то вынул батарейку.":"","dialogs_chapter_3_У меня как раз есть одна.":"","dialogs_chapter_3_Нужно найти новую, или сделать её самому.":"","dialogs_chapter_3_И меня как раз есть чертеж батарейки.":"","dialogs_chapter_3_Ну хоть напоследок нам помог\\..\\..\\..":"","dialogs_chapter_3_На что ты намекаешь?":"","dialogs_chapter_3_Да так\\..\\..\\.. Предчувствие. \\.Не бери в голову.":"","dialogs_chapter_3_Что за предчувствие?":"","dialogs_chapter_3_(Промолчать)":"","dialogs_chapter_3_Что за предчувствие? Ты кого-то засек рядом с Тини?":"","dialogs_chapter_3_Да, но всего на миг\\..\\..\\.. Не уверен, что это опустошитель\\..\\..\\..":"","dialogs_chapter_3_Кто ещё кроме жнецов и опустошителей может разгуливать по каньону?":"","dialogs_chapter_3_Много кто.\\. Каньон - излюбленное место тех, кто скрывается от глаз Высших существ, вроде Бога, Дьявола и твоей создательницы -\\. Смерти.":"","dialogs_chapter_3_Так что\\..\\..\\.. Если тебе небезразлична судьба того мелкого жнеца - стоит вернуться в лагерь. Но учти, сила Генома Моркрета не безгранична.":"","dialogs_chapter_3_Если столкнешься с чем-то\\..\\..\\.. или кем-то, непохожим на местных обитателей, лучше беги. \\.Твое выживание в наших общих интересах.":"","dialogs_chapter_3_А рецепт изготовления знаешь?":"","dialogs_chapter_3_Не помню.":"","dialogs_chapter_3_Досадно.":"","dialogs_chapter_3_Думаю, у кого-то из покойников есть запасная батарейка, или её чертеж.":"","dialogs_chapter_3_Нужно раздобыть батарею.":"","dialogs_chapter_3_Что за\\..\\..\\..":"","dialogs_chapter_3_Черт! Только не ты!":"","dialogs_chapter_3_ЖНЕЦЫ!!!":"","dialogs_chapter_3_Тини, отойди в сторону\\..\\..\\..":"","dialogs_chapter_3_ВАША СМЕРТЬ СТАНЕТ РАССВЕТОМ ДЛЯ НАШЕЙ РАСЫ!":"","dialogs_chapter_3_СВОБОДА БЛИЗКО!":"","dialogs_chapter_3_И ВЫ\\..\\..\\..":"","dialogs_chapter_3_НАМ\\..\\..\\..":"","dialogs_chapter_3_НЕ ПОМЕШАЕТЕ!!!!!":"","dialogs_chapter_3_И смотреть, как ты умираешь?!":"","dialogs_chapter_3_Н-нет\\..\\..\\..":"","dialogs_chapter_3_Первым ударом гигант Линкер раздробил ноги инженера в труху\\..\\..\\..":"","dialogs_chapter_3_Вторым ударом - располовинил тело на двое.":"","dialogs_chapter_3_ТИНИ!!":"","dialogs_chapter_3_Сейчас\\..\\..\\..":"","dialogs_chapter_3_1 заряд слитка жизни и будешь, как новый\\..\\..\\..":"","dialogs_chapter_3_*Хриплым голосом* Ри\\..\\..\\.. ом\\..\\..\\..":"","dialogs_chapter_3_Тини что-то крепко сжал в левой руке.":"","dialogs_chapter_3_Он медленно поднял руку и упер её в торс Риома.":"","dialogs_chapter_3_Передай\\..\\..\\.. И\\..\\..\\.. рею\\..\\..\\..":"","dialogs_chapter_3_Риом перехватил руку Тини.":"","dialogs_chapter_3_Получено Окрававленное удостоверение Тини.":"","dialogs_chapter_3_После этого свет жизни в глазах раненого жнеца погас.":"","dialogs_chapter_3_Нет\\..\\..\\.. Тини\\..\\..\\..":"","dialogs_chapter_3_Твою ж мать\\..\\..\\..":"","dialogs_chapter_3_И что дальше?":"","dialogs_chapter_3_Для начала выберемся из окружения опустошителей. \\|Потом найдем способ связаться с Высшими жнецами. \\.\\.Кто-нибудь из них подскажет что делать дальше.":"","dialogs_chapter_3_А как с Восставшими будешь воевать?":"","dialogs_chapter_3_Как раз для этого мне и нужен совет Вероломгеров.":"","dialogs_chapter_3_Живучий урод\\..\\..\\..":"","dialogs_chapter_3_*Кашляет с кровью*":"","dialogs_chapter_3_Кхе-кх\\..\\..\\..":"","dialogs_chapter_3_Не двигайся.":"","dialogs_chapter_3_Тини достал слиток жизни.":"","dialogs_chapter_3_Спасибо.":"","dialogs_chapter_3_Та не за что\\..\\..\\..":"","dialogs_chapter_3_Мы справились!":"","dialogs_chapter_3_У нас получилось его одолеть!!":"","dialogs_chapter_3_Ага. На одну проблему меньше.":"","dialogs_chapter_3_Давай, ты первый.":"","dialogs_chapter_3_Спасибо, что помог выбраться\\..\\..\\.. без тебя меня бы рано или поздно убили.":"","dialogs_chapter_3_Как я могу отблагодарить тебя?":"","dialogs_chapter_3_Расскажи штабу Вероломгеров всё, что ты увидел и скажи, что я жив и мне нужна помощь.":"","dialogs_chapter_3_Каньон со всех сторон кишит опустошителями и я без понятия где искать Восставших.":"","dialogs_chapter_3_Как только я буду в безопасной зоне - смогу выйти на связь.":"","dialogs_chapter_3_Хорошо, я передам. И ещё возьми это\\..\\..\\..":"","dialogs_chapter_3_Получено Инженерная установка!":"","dialogs_chapter_3_Эмм\\..\\..\\.. И как она мне поможет?":"","dialogs_chapter_3_С помощью этой установки можно сносить крупные преграды, ставить ловушки и многое другое\\..\\..\\..":"","dialogs_chapter_3_Уверен, ты найдешь ей достойное применение!":"","dialogs_chapter_3_Надеюсь, мы еще встретимся!":"","dialogs_chapter_3_Удачи, Риом!":"","dialogs_chapter_3_Теперь моя очередь.":"","dialogs_chapter_3_\\C[2]РИОМ, ОТОЙДИ НАЗАД!":"","dialogs_chapter_3_\\C[2]БЫСТРО!!!":"","dialogs_chapter_3_ЖНЕЦ!!!":"","dialogs_chapter_3_ТВОЯ СМЕРТЬ СТАНЕТ РАССВЕТОМ ДЛЯ НАШЕЙ РАСЫ!":"","dialogs_chapter_3_И ТЫ...":"","dialogs_chapter_3_НЕ ПОМЕШАЕШЬ!!!!!":"","dialogs_chapter_3_Риом, заткни его побыстрее! \\.Он слишком шумный.":"","dialogs_chapter_3_Согласен\\..\\..\\.. Аж в ушах звенит.":"","dialogs_chapter_3_Риом, насчёт ресурсов\\..\\..\\.. Для создания батарейки очень нужен осколок гидрита. Залежи гидрита часто прорастают до поверхности. Чаще всего их можно найти в пустыне или\\..\\..\\.. в подземных секциях каньона.":"","dialogs_chapter_3_(Только не эти проклятые подземелья).":"","dialogs_chapter_3_\\>                              *Тяжелый вздох*\\.\\.":"","dialogs_chapter_3_Где-то поблизости есть пещера или какой-нибудь спуск под землю?":"","dialogs_chapter_3_Есть целая секция пещер, но она очень далеко отсюда\\..\\..\\..":"","dialogs_chapter_3_В-вспомнил! Опустошители часто нападают из-за засад\\..\\..\\.. Эти твари любят прятаться под хрупкими з-земляными породами в ожидании жертвы.":"","dialogs_chapter_3_Хрупкие земляные породы\\..\\..\\..":"","dialogs_chapter_3_Да!\\.\\. Любая трещина под ногами и в стенах может привести нас в подземелье.":"","dialogs_chapter_3_Ладно.":"","dialogs_chapter_3_(Лучше поискать другое решение. Ненавижу подземелья\\..\\..\\..)":"","dialogs_chapter_3_И так\\..\\..\\.. Судя по чертежу, нам нужно 4 куска гистита и 1 гидритовый осколок.":"","dialogs_chapter_3_Залежи гистита можно легко найти на поверхности.":"","dialogs_chapter_3_А вот с гидритом будет сложнее.":"","dialogs_chapter_3_Есть идея. \\.Почини рацию в созидателе и свяжись с кем-нибудь из Чистилища.":"","dialogs_chapter_3_Спроси, где именно искать гидритовые залежи в каньоне.":"","dialogs_chapter_3_Или\\..\\..\\..":"","dialogs_chapter_3_Я могу улавливать магические волны. Гидрит как раз должен их излучать.":"","dialogs_chapter_3_Пройдись по округе, а я скажу откуда исходит сигнал.":"","dialogs_chapter_3_Получается\\..\\..\\.. Ты что-то вроде радара?":"","dialogs_chapter_3_Ищи свои осколки.":"","dialogs_chapter_3_Я дам знать, как будешь рядом с чем-то интересным.":"","dialogs_chapter_3_Обменник\\..\\..\\.. Он ещё работает?":"","dialogs_chapter_3_Вряд ли\\..\\..\\.. О-опустошители повредили всё оборудование.":"","dialogs_chapter_3_К счастью обменник более-менее цел.":"","dialogs_chapter_3_Нужна только батарейку поменять.":"","dialogs_chapter_3_Без энергии этот обменник бесполезен. Нужно раздобыть батарейку.":"","dialogs_chapter_3_Поменять батарейку":"","dialogs_chapter_3_Оставить в покое":"","dialogs_chapter_3_Ухх\\..\\..\\.. Я чуть ноги не переломал!!":"","dialogs_chapter_3_Ха-ха-ха! \\!За то ты впервые воспользовался моим мечом!":"","dialogs_chapter_3_Ну, чтобы обидно не было\\..\\..\\.. так и быть, можешь на постоянке использовать Теневой удар.":"","dialogs_chapter_3_Легкий магический импульс, который ломает любые преграды.":"","dialogs_chapter_3_Органические тоже. Чем ниже у цели магическая защита, тем больнее ущерб.":"","dialogs_chapter_3_В разделе \"Магия\" появился новый навык \"Теневой удар\".":"","dialogs_chapter_3_Премного благодарен.":"","dialogs_chapter_3_Крейг\\..\\..\\.. Сара\\..\\..\\.. Роман\\..\\..\\.. Фанрих\\..\\..\\.. Мой отряд\\..\\..\\..":"","dialogs_chapter_3_                                  *Тини закрыл глаза павшему жнецу*":"","dialogs_chapter_3_З-здесь всё и началось.":"","dialogs_chapter_3_Всё что от нас требовалось - о-осторожн-но добывать ресурсы.":"","dialogs_chapter_3_А к-как только Крейг получил п-приказ немедленно возвращаться\\..\\..\\..":"","dialogs_chapter_3_Раздался рёв!":"","dialogs_chapter_3_И проломов стены\\..\\..\\.. огромная\\..\\..\\.. многорукая тварь\\..\\..\\..м-мигом разорвала троих.":"","dialogs_chapter_3_Я сбежал.\\.\\. Прятался и ж-ждал свой отряд.":"","dialogs_chapter_3_Не вини себя. Самобичевание павшим друзьям не поможет.":"","dialogs_chapter_3_Лучшее, что ты можешь сделать - помнить их и не повторять тех же ошибок.":"","dialogs_chapter_3_Не п-повторять ошибок\\..\\..\\..Что т-ты имеешь в виду?":"","dialogs_chapter_3_В следующий раз не трусить и сломя голову ид-дти в атаку?":"","dialogs_chapter_3_Перед тем, как лезть в неизвестную область - проводить разведку.":"","dialogs_chapter_3_Прислушиваться к инстинктам и голосу разума.\\.\\. Все мы ошибаемся.\\.\\. Если усвоишь урок - спасёшь не один десяток жнецов от смерти.":"","dialogs_chapter_3_                                      *Получено 3 осколка гидрита!*":"","dialogs_chapter_3_Кстати о здравом смысле.\\.\\! Пора сваливать!":"","dialogs_chapter_3_Ага-а.":"","dialogs_chapter_3_Слишком темно\\..\\..\\..":"","dialogs_chapter_3_Ммм\\..\\..\\..":"","dialogs_chapter_3_Это не проблема.":"","dialogs_chapter_3_Риом напрягся.":"","dialogs_chapter_3_Так лучше?":"","dialogs_chapter_3_Фух\\..\\..\\.. Специфичный вид.":"","dialogs_chapter_3_Ну, привыкай.":"","dialogs_chapter_3_Чёрт\\..\\..\\..":"","dialogs_chapter_3_Поторопись со сбором гидрита.":"","dialogs_chapter_3_Опустошители учуяли тебя и сейчас идут прямо сюда.":"","dialogs_chapter_3_(Это же жнец-Ривальсер!)":"","dialogs_chapter_3_С-стой!":"","dialogs_chapter_3_*Жнец-Ривальсер обнажил оружие*":"","dialogs_chapter_3_Не подходи ко мне!!!":"","dialogs_chapter_3_(Какой-то он нервный.)":"","dialogs_chapter_3_(Думаю надо...)":"","dialogs_chapter_3_*Ривальсер убрал оружие*":"","dialogs_chapter_3_Фух\\..\\..\\.. Прости\\..\\..\\..":"","dialogs_chapter_3_Кто ты?":"","dialogs_chapter_3_Р-ривальсер Тини, и-инженерный корпус.":"","dialogs_chapter_3_А я Риом Рури.":"","dialogs_chapter_3_Что с тобой случилось?":"","dialogs_chapter_3_Нам о-отдали приказ оборудовать форпост и пару пунктов добычи\\..\\..\\.. рядом с пещерами.":"","dialogs_chapter_3_В них полно самых разных р-ресурсов, хватит на полное укрепление Чистилища\\..\\..\\.. Хех.":"","dialogs_chapter_3_Мы не трогали местных обитателей, даже диких опустошителей обходили стороной\\..\\..\\..":"","dialogs_chapter_3_Но в один м-момент связь с другими о-отрядами оборвалась. Опустошители сошли с ума и н-начали убивать всех жнецов.":"","dialogs_chapter_3_Никого не осталось\\..\\..\\.. Сколько прошло времени\\..\\..\\.. Д-день?\\.\\. Неделя?":"","dialogs_chapter_3_\\C[1]Как тебе удалось так долго продержаться?":"","dialogs_chapter_3_\\C[1]Ты пробовал связаться со своим Штабом?":"","dialogs_chapter_3_\\C[3]Промолчать.":"","dialogs_chapter_3_Как тебе удалось так долго продержаться?":"","dialogs_chapter_3_Я прятался\\..\\..\\.. И п-под землёй есть куча гидритовых залежей.":"","dialogs_chapter_3_О-опустошители не такие уж и агрессивные\\..\\..\\.. если их не провоцировать.":"","dialogs_chapter_3_Ты пробовал связаться со своим Штабом?":"","dialogs_chapter_3_Д-да\\..\\..\\.. Мне приказали отступать к ближайшему телепорту.":"","dialogs_chapter_3_Но я не смог\\..\\..\\.. Опустошителей б-было слишком много.":"","dialogs_chapter_3_И ещё\\..\\..\\.. С ними был какой-то гигантский громила с рогами и огромным топором!":"","dialogs_chapter_3_Он сейчас сторожит телепорт.":"","dialogs_chapter_3_Идём со мной, попробуем выбраться.\\. Уверен, телепорт где-то рядом.":"","dialogs_chapter_3_Притормози, Риом!\\. Меня эта неженка напрягает.":"","dialogs_chapter_3_Чем он тебя напрягает?":"","dialogs_chapter_3_И что же ты предлагаешь?":"","dialogs_chapter_3_(Чем он тебя напрягает?)":"","dialogs_chapter_3_Он весь дрожит, заикается\\..\\..\\.. да и его рассказ неубедителен.":"","dialogs_chapter_3_За все свое человеческое существование я часто видел подобную картину.":"","dialogs_chapter_3_Когда с виду запуганный, беспомощный паренек оказался тем ещё\\..\\..\\.. серийным убийцей.":"","dialogs_chapter_3_Я бы на твоем месте ему не доверял.":"","dialogs_chapter_3_(Да брось\\..\\..\\.. Маньяки среди жнецов? За тысячи лет существования Чистилища не было задокументировано ни одного случая!)":"","dialogs_chapter_3_(Ни в одном корпусе, даже среди карателей\\..\\..\\..)":"","dialogs_chapter_3_А не задокументированные случаи?":"","dialogs_chapter_3_Всё возможно\\..\\..\\..":"","dialogs_chapter_3_Оставить инженера тут.\\. Пусть скажет, как активировать телепорт, а с остальным ты сам разберёшься.":"","dialogs_chapter_3_Что если на него нападут опустошители?":"","dialogs_chapter_3_Уверен..\\..\\.. Когда Тини спрячется, а ты устроишь резню - этим тварям будет не до него.":"","dialogs_chapter_3_Риом?\\. Всё в порядке?":"","dialogs_chapter_3_Тини, напомни":"","dialogs_chapter_3_как активировать телепорт?":"","dialogs_chapter_3_Если его не повредили опустошители, достаточно заменить батарею.":"","dialogs_chapter_3_Спрячься где-нибудь.":"","dialogs_chapter_3_Пошли, поможешь найти батарею.":"","dialogs_chapter_3_Как активирую телепорт дам - тебе знать.":"","dialogs_chapter_3_Хорошо\\..\\..\\.. Ещё, на всякий случай, д-держи чертёж батареи.":"","dialogs_chapter_3_Как разберёшься с механизмом, свяжись со мной по рации.":"","dialogs_chapter_3_Замётано!":"","dialogs_chapter_3_Кстати об этом\\..\\..\\.. После падения моя рация сломалась.":"","dialogs_chapter_3_Не проблема.\\. Её можно легко починить с помощью созидателя.":"","dialogs_chapter_3_Спасибо, не знал этого.":"","dialogs_chapter_3_Но ведь\\..\\..\\.. каньон кишит опустошителями\\..\\..\\..":"","dialogs_chapter_3_Я позабочусь о них.\\. Если нападут.":"","dialogs_chapter_3_Чёрт\\..\\..\\.. Ты же жнец, служитель Смерти. Откуда в тебе столько страха?!":"","dialogs_chapter_3_Не знаю.\\. Я меч только на з-занятиях использовал\\..\\..\\.. И почти не сражался.":"","dialogs_chapter_3_Д-другое дело - устройства и механизмы, в них я разбираюсь.":"","dialogs_chapter_3_Ладно\\..\\..\\.. покажешь, где тут ресурсы можно собрать. Если кто нападёт - помоги чем сможешь, но не нарывайся.":"","dialogs_chapter_3_Х-хорошо.":"","dialogs_chapter_3_Хоть бы ты не ошибся, Риом\\..\\..\\..":"","dialogs_chapter_3_Если Тини сделает что-то, что мне не понравится\\..\\..\\..":"","dialogs_chapter_3_Я его самолично убью.":"","dialogs_chapter_3_(Все будет хорошо\\..\\..\\.. Он нормальный. Но если что заметишь, лучше предупреди, а дальше я сам разберусь что делать.)":"","dialogs_chapter_3_Как знаешь.":"","dialogs_chapter_3_А где инженер?":"","dialogs_chapter_3_Ты крикни, чтобы на весь каньон было слышно. \\!Может Тини отзовётся.":"","dialogs_chapter_3_Очень смешно\\..\\..\\..":"","dialogs_chapter_3_Тини!":"","dialogs_chapter_3_Я же пошутил!!":"","dialogs_chapter_3_Может спрятался где\\..\\..\\.. Сейчас не до этого! \\| Собирай батарею и беги к телепорту. \\.":"","dialogs_chapter_3_Восставшие сами себя не уничтожат!":"","dialogs_chapter_3_Здесь подходящее место.":"","dialogs_chapter_3_Тини, мне нужно поговорить с духом Генома Моркрета. Будь добр, подожди меня здесь.":"","dialogs_chapter_3_Д-да... Я подожду тебя в лагере.":"","dialogs_chapter_3_Только, п-пожалуйста, возвращайся быстрее.":"","dialogs_chapter_3_":""}