{"Мастер фраза для определения максимальной длины текста":"Що ж! Ця стара клешня мало не скромсала мене за своє золото!","dialogs_chapter_4_Глава 4":"","dialogs_chapter_4_Черт\\..\\..\\..":"","dialogs_chapter_4_Не повезло им. \\!Опустошители в пух и прах разгромили их баррикады.":"","dialogs_chapter_4_И на этот раз\\..\\..\\.. Враги покрупнее.":"","dialogs_chapter_4_Пожалуй\\..\\..\\..":"","dialogs_chapter_4_Советую подготовиться к встречи с ними.":"","dialogs_chapter_4_Смотри.":"","dialogs_chapter_4_Верстак целый, а обменник энергии\\..\\..\\.. придется чинить.":"","dialogs_chapter_4_Напоследок, можешь заглянуть ко мне в гости, или связаться со своим штабом.":"","dialogs_chapter_4_Тут сам решай.":"","dialogs_chapter_4_(Хм, с кем же связаться?)":"","dialogs_chapter_4_Сидрин Рури":"","dialogs_chapter_4_Ирей":"","dialogs_chapter_4_Рикард":"","dialogs_chapter_4_(Уйти)":"","dialogs_chapter_4_Ещё не время.":"","dialogs_chapter_4_Я должен позвонить отцу когда буду в Южном каньоне на базе Разведывательного корпуса Ривальсеров.":"","dialogs_chapter_4_Отец?\\. Пап, ты меня слышишь?":"","dialogs_chapter_4_РИОМ?!\\. Слава Богу, ты жив\\..\\..\\.. Как у тебя обстановка? Сильно ранен?":"","dialogs_chapter_4_Со мной всё в порядке.\\. Я цел настолько, насколько это возможно.":"","dialogs_chapter_4_А вот обстановка.\\..\\.. не очень. Вокруг полно опустошителей. Повсюду тела жнецов, и я точно не знаю куда мне идти.":"","dialogs_chapter_4_О нет\\..\\..\\.. Ты находишься в Северном районе Зубчатого каньона.\\. По данным разведки - это опасное место. Хуже только Южный район или Тёмный лес.":"","dialogs_chapter_4_Так, сын, слушай внимательно! Армия Восставших находится в сотнях километров от тебя. Это и плохо, и хорошо.":"","dialogs_chapter_4_С одной стороны, ты рискуешь провалить поставленное перед твоим отрядом задание\\..\\..\\..":"","dialogs_chapter_4_С другой, у тебя есть возможность собрать разбросанные силы жнецов.":"","dialogs_chapter_4_В смысле, собрать силы?!\\. Ты хочешь, чтобы я возглавил армию из пары сотен жнецов?":"","dialogs_chapter_4_Нет! Нет\\..\\..\\.. Я не это имел ввиду.":"","dialogs_chapter_4_Помоги им с чем нужно и объясни ситуацию, если они сами не знают что происходит.":"","dialogs_chapter_4_Походу дела, продвигайся в сторону Южного каньона к базе моих воинов - Разведывательного корпуса Ривальсеров. Это место - точка сбора оставшихся войск Чистилища. Когда прибудешь - сможешь нанести удар по Восставшим.":"","dialogs_chapter_4_Спасибо, отец! Как буду на месте - сообщу.":"","dialogs_chapter_4_Конечно, Риом. Жду твоего следующего звонка.":"","dialogs_chapter_4_Не стоит отвлекать вероломгера без причины.":"","dialogs_chapter_4_Вероломгер Ирей, это Риом Рури!":"","dialogs_chapter_4_Нашёл что-то крайне необычное?":"","dialogs_chapter_4_Нет, ничего такого\\..\\..\\..":"","dialogs_chapter_4_Звони мне только если увидишь что-то необычное, что не видел ни разу.":"","dialogs_chapter_4_О!\\. Давно тебя не было слышно. Знаю, поход потерпел крах\\..\\..\\.. Сожалею, насчёт твоего отряда\\..\\..\\.. Почти весь батальон разгромлен\\..\\..\\..":"","dialogs_chapter_4_Почти?":"","dialogs_chapter_4_Ага.\\. Дюжина раненых и полсотни уцелевших. Мне неизвестно куда они направились. Но, если встретишь их, помоги добраться до ближайшего форпоста.":"","dialogs_chapter_4_Не позволь им разбить лагерь где-то под камнями в Зубчатом каньоне. На запах крови быстро сбегутся опустошители.":"","dialogs_chapter_4_Посмотрю по обстановке\\..\\..\\..":"","dialogs_chapter_4_Буду признателен, если сделаешь, как я сказал.":"","dialogs_chapter_4_Сидрин рассказал о базе разведчиков в Южном районе?":"","dialogs_chapter_4_Да":"","dialogs_chapter_4_Нет":"","dialogs_chapter_4_Да, отец говорил, что на Юге есть точка сбора всех жнецов. Оттуда я смогу нанести удар по Восставшим\\..\\..\\.. И убить их.":"","dialogs_chapter_4_Нет, я без понятия, что это за база.":"","dialogs_chapter_4_Точка сбора жнецов в Южном районе Зубчатого каньона. Сейчас там находится разведчики Сидрина.":"","dialogs_chapter_4_Хорошо. Если не уверен, что тебе нужно делать - посоветуйся с Сидрином.\\. А я помогу с проблемами магического характера.":"","dialogs_chapter_4_Какими именно?":"","dialogs_chapter_4_Если увидишь что-то крайне необычное, что не видел ни разу\\..\\..\\.. или явления, которые ты сам не можешь понять.\\. Не медли - сразу дай мне знать.":"","dialogs_chapter_4_Благодарю за заботу, Ирей!":"","dialogs_chapter_4_Сейчас нет причин звонить командуру.":"","dialogs_chapter_4_Командир Рикард, это Риом Рури!":"","dialogs_chapter_4_О! Ты ещё жив?\\. Неплохо для начала.":"","dialogs_chapter_4_Что тебе нужно?":"","dialogs_chapter_4_Помощь! Я застрял в Северном каньоне\\..\\..\\.. мой отряд разбили\\..\\..\\..":"","dialogs_chapter_4_Это твои проблемы.":"","dialogs_chapter_4_Я дал тебе одно из самых смертоносных орудий - Геном Моркрет. С тобой были далеко не слабые бойцы.\\. Остальное меня не волнует.":"","dialogs_chapter_4_К твоему счастью, настроение у меня хорошее\\..\\..\\..":"","dialogs_chapter_4_Опустошители наконец-то сделали величайшую глупость - объединились с Восставшими, а значит\\..\\..\\.. Мы можем законно их истребить.":"","dialogs_chapter_4_Эти твари давно напрашивались.":"","dialogs_chapter_4_(Как тебя самого за такие мысли не казнили?)":"","dialogs_chapter_4_Командир, из-за этого союза мы несём такие потери, каких не было в Первую войну Адаманта.":"","dialogs_chapter_4_Я постараюсь найти иной способ решения проблемы с Опустошителями. А вот с Восставшими мне в одиночку не справиться.":"","dialogs_chapter_4_Дерзай!\\. Весь карательный корпус выдвигается в сторону Южного района Зубчатого каньона. Двигайся туда, и может даже с кем пересечёшься.":"","dialogs_chapter_4_Если рядом с тобой будут каратели, я сообщу.":"","dialogs_chapter_4_До связи и\\..\\..\\.. постарайся не сдохнуть.":"","dialogs_chapter_4_Плохо дело\\..\\..\\.. Нужно раздобыть немало гистита, пара пиритовых осколков и конечно же\\..\\..\\.. Гидрит. Надеюсь в кармане хоть один остался.":"","dialogs_chapter_4_Заменить поврежденные детали":"","dialogs_chapter_4_Оставить в покое":"","dialogs_chapter_4_Отлично! Пара лишних слитков мне не помешает. Надеюсь чистой энергии на них хватит\\..\\..\\..":"","dialogs_chapter_4_Пока что ресурсов малова-то будет...":"","dialogs_chapter_4_Для починки необходимо 10 осколка гистита, 2 осколка пирита и 1 осколок гидрита.":"","dialogs_chapter_4_Получены рецепты: Скоростной модуль, Силовой модуль, Защитный модуль, Интеллектуальный модуль, Жизненный модуль, Энергетический модуль.":"","dialogs_chapter_4_Модули предназначены для улучшения брони. Они подключаются к снаряжению и усиливают его, добавляются по тому же принципу что и сплавы.":"","dialogs_chapter_4_             Риом с ног до головы изранен и на грани потери сознания.":"","dialogs_chapter_4_На сегодня с тебя достаточно.\\. Не переживай, я защитил твое тело теневым куполом, опустошители пройдут мимо и даже не заметят.":"","dialogs_chapter_4_Что ты такое?\\..\\..":"","dialogs_chapter_4_Спи.":"","dialogs_chapter_4_\\>                                               \\<Получен новый навык!":"","dialogs_chapter_4_Коельтан, видишь где-то спуск или проход?":"","dialogs_chapter_4_Посмотрим\\..\\..\\..":"","dialogs_chapter_4_Есть один вариант.\\. Я ощущаю слабую, хрупкую каменную породу прямо под нами.":"","dialogs_chapter_4_На во-о-он той области.":"","dialogs_chapter_4_Тут пара сотен метров высоты\\..\\..\\.. Как предлагаешь спуститься?":"","dialogs_chapter_4_Пока не знаю, сам подумай.":"","dialogs_chapter_4_Может у кого из мертвых жнецов есть карта, чертежи\\..\\..\\.. Поищи что-то такое, а дальше видно будет.":"","dialogs_chapter_4_И ещё, на случай, если путь будет преграждать нечто огромное, вроде завала\\..\\..\\.. или гигантского громилы – тебе поможет мой особый удар.":"","dialogs_chapter_4_Я его называю\\.\\.\\> – теневой разрез.":"","dialogs_chapter_4_Постой\\..\\..\\.. это как теневой удар?\\. Собираешь энергию и лупишь под нужным углом.\\.Типа такого?":"","dialogs_chapter_4_Направление мыслей верное\\..\\..\\.. но нет.\\. Разрез сильно отличается от простого удара.\\. Приходи ко мне в иллюзорный мир, и я все тебе объясню.":"","dialogs_chapter_4_Как будешь отдыхать в безопасном уголке, загляни ко мне в гости. Там всё узнаешь.":"","dialogs_chapter_4_Чёрт\\..\\..\\.. Что ж так не везёт\\..\\..\\.. Сначала меня со скалы сбросили, потом телепорт чинить пришлось\\..\\..\\.. А теперь ещё и в тупик попал.":"","dialogs_chapter_4_Путь воина никогда не был лёгким.\\. Учись искать во всем плюсы.":"","dialogs_chapter_4_Смотри, ты один из сотен, кто пережил моё испытание. Уже неплохое начало.":"","dialogs_chapter_4_Ты смог спасти красавицу блондиночку от карательных клинков, ещё и доказал её невиновность.":"","dialogs_chapter_4_Это охренеть какое достижение! \\.Даже сами каратели это признали.":"","dialogs_chapter_4_Теперь на твоих плечах ответственное задание – грохнуть ублюдков, которых всё время тянет к Чистилищу.\\. Такое обычно Высшим жнецам поручают.":"","dialogs_chapter_4_Ясное дело – будет трудно, больно, страшно.\\. Но я с тобой и помогу всем, чем нужно.":"","dialogs_chapter_4_Только постарайся не лезть на рожон. Ещё пару сотен лет искать достойного жнеца мне не охота.":"","dialogs_chapter_4_Постараюсь.":"","dialogs_chapter_4_Вот и отлично. А теперь вставай, пора двигать к цели.":"","dialogs_chapter_4_Зато живой!\\! Как закончишь ныть, жду тебя в иллюзорном мире.":"","dialogs_chapter_4_Фух! Еле добрались!\\. Ещё б чуть-чуть и нас засекли.":"","dialogs_chapter_4_                              *Барьер активирован. Прочность 100%.*":"","dialogs_chapter_4_Так\\..\\..\\.. и что дальше?":"","dialogs_chapter_4_Готовиться к обороне!":"","dialogs_chapter_4_К нам движутся опустошители\\..\\..\\.. гуманоидной формы тела\\..\\..\\.. и с оружием.":"","dialogs_chapter_4_Разумные опустошители.":"","dialogs_chapter_4_Чёрт!\\. Уже и до сюда добрались.":"","dialogs_chapter_4_Нам повезло, что дикие, по сути, неуправляемые хищники.":"","dialogs_chapter_4_Они нападают и на жнецов, и на своих\\..\\..\\.. тех, у кого гуманоидное тело.":"","dialogs_chapter_4_Поэтому к нам идёт лишь 10% от огромной стаи.":"","dialogs_chapter_4_Готовьте взрывные слитки, не позволим им добраться до нас.":"","dialogs_chapter_4_Вы двое туда!":"","dialogs_chapter_4_Брикс, создавай слитки. Передавай их всем, кому нужно!":"","dialogs_chapter_4_Риом, ты возьми сторону позади себя!":"","dialogs_chapter_4_А я буду оборонять правый фланг.":"","dialogs_chapter_4_Кажется успокоились\\. Но не стоит терять бдительность.":"","dialogs_chapter_4_Где же тот спуск, о котором вы говорили на базе.":"","dialogs_chapter_4_Он здесь, рядом со мной!":"","dialogs_chapter_4_Но сначала всё равно придётся попрыгать.":"","dialogs_chapter_4_Всё-таки лучше, чем ничего.\\..\\..":"","dialogs_chapter_4_\\>Берегись!\\.\\^":"","dialogs_chapter_4_\\>Риом, слева!\\.\\^":"","dialogs_chapter_4_\\>А-а-а-а!!!\\.\\.\\^":"","dialogs_chapter_4_А\\..\\..\\.. Чёрт. Было близко.":"","dialogs_chapter_4_Риом, сверху!":"","dialogs_chapter_4_\\>Да ну бл...\\.\\^":"","dialogs_chapter_4_Ух\\..\\..\\..":"","dialogs_chapter_4_Как же ты меня достал\\..\\..\\..":"","dialogs_chapter_4_Риом!":"","dialogs_chapter_4_Вижу тебя. \\!Мы с ребятами тут кое-что соорудили и поможем разделаться с этими тремя.":"","dialogs_chapter_4_Спасибо\\..\\..\\.. Буду очень благодарен за помощь.":"","dialogs_chapter_4_Готовы.":"","dialogs_chapter_4_Ильнара, дикие опустошители мертвы, и я вижу тут ящик с иерархитом.":"","dialogs_chapter_4_Ребят?\\..\\..":"","dialogs_chapter_4_В ответ Риом получил лишь тишину.":"","dialogs_chapter_4_Ильнара! Брикс! Вы там, что уснули?!":"","dialogs_chapter_4_Бесполезно. Я не чувствую их присутствия где-либо.":"","dialogs_chapter_4_Вот блин! Риом, не подпускай его!! \\|Бей, всем, что осталось!!\\^":"","dialogs_chapter_4_Риом, посмотри на следы.":"","dialogs_chapter_4_Ты видел нечто подобное?\\..\\..":"","dialogs_chapter_4_В первый раз такое вижу\\..\\..\\..":"","dialogs_chapter_4_Тини говорил, что\\..\\..\\.. его отряд столкнулся с какой-то огромной тварью\\..\\..\\.. она ещё целый кусок стены выбила.":"","dialogs_chapter_4_Если на отряд Ильнары напало нечто такое\\..\\..\\..":"","dialogs_chapter_4_Думаю, искать их больше нет смысла.":"","dialogs_chapter_4_А ты\\..\\..\\.. постарайся не нарваться на это чудище.":"","dialogs_chapter_4_Жнец, слышишь меня?\\. На связи Ильнара. Инженерный корпус, отряд снабжения.":"","dialogs_chapter_4_Да, где ты?":"","dialogs_chapter_4_Продолжай двигаться в сторону ущелья. Там встретимся\\. И будь осторожен, не притащи за собой «хвост».":"","dialogs_chapter_4_Постараюсь\\..\\..\\..":"","dialogs_chapter_4_Вижу тебя! Теперь осмотри ущелье. \\.Коснись стены слева от трещины.":"","dialogs_chapter_4_Зачем?":"","dialogs_chapter_4_За стеной спрятан потайной проход. Там наша тайная база\\..\\..\\.. Быстрее, пожалуйста!":"","dialogs_chapter_4_Подозрительно птичка щебечет. Очень похоже на засаду.\\. В моё время бандиты так караваны и грабили. Отправляли девушку отвлекать и заманивать купцов, а сами окружали и нападали.":"","dialogs_chapter_4_Мы в мире Мёртвых, какие тут могут быть бандиты?!":"","dialogs_chapter_4_Тем более, среди жнецов\\..\\..\\.. Я за всю свою жизнь ни одного не видел.":"","dialogs_chapter_4_Дела, как погляжу, у вас совсем плохи\\..\\..\\.. Чем я могу помочь?":"","dialogs_chapter_4_Для начала нужно Брикса исцелить.":"","dialogs_chapter_4_У тебя есть лечебный слиток?":"","dialogs_chapter_4_Держи.":"","dialogs_chapter_4_Благодарю\\..\\..\\..":"","dialogs_chapter_4_Как тебя зовут, жнец?":"","dialogs_chapter_4_Риом Рури.":"","dialogs_chapter_4_Сын одного из сильнейших Вероломгеров!\\. Но что ты здесь делаешь?\\. Я думала в эту область никого кроме исследователей и разведчиков не посылают\\..\\..\\..":"","dialogs_chapter_4_Да так\\..\\..\\.. на Восставших охочусь.":"","dialogs_chapter_4_Вы разве не знаете, что случилось в Серебряной пустыне?":"","dialogs_chapter_4_Нет.":"","dialogs_chapter_4_Моя группа помогает с исследованиями подземелий каньона\\. Нас редко вызывают.":"","dialogs_chapter_4_Ну тогда, вам стоит знать, что в пустыне Восставшие и Опустошители разбили в прах батальон боевых жнецов. Карательному отряду тоже досталось\\..\\..\\.. и я, вроде как, последний выживший.":"","dialogs_chapter_4_П-Подожди! Стоп-стоп-стоп! Это плохо\\..\\..\\.. Очень-очень плохо!":"","dialogs_chapter_4_Сначала дикие опустошители вырвались наружу\\..\\..\\.. А теперь ещё и наша основная армия разбита.":"","dialogs_chapter_4_Насчет диких.\\. Расскажи подробнее, что случилось.":"","dialogs_chapter_4_Эти твари сидели под землей тихо и доставляли проблемы лишь тем, кто вторгся на их территорию.":"","dialogs_chapter_4_Влур-Стиг не просто так загнал все свои неудачные творения под землю.\\. Здесь полно полезных ресурсов, неразгаданных тайн и прочего.":"","dialogs_chapter_4_Самое лакомое место для жнецов.\\. Сюда постоянно отправлялись экспедиция за экспедицией.":"","dialogs_chapter_4_Стычки с дикими происходили часто, но стоило дать им отпор - они отступали\\..\\..\\.. До недавнего момента.":"","dialogs_chapter_4_В один миг связь со всеми телепортами была разорвана, а следом дикие опустошители повылезали со всех дыр и напали на все базы\\..\\..\\.. Одновременно!":"","dialogs_chapter_4_Всё, что находилось под землёй и на возвышенностях - активно уничтожалось опустошителями\\..\\..\\..":"","dialogs_chapter_4_Раз так, тогда вам нужно валить отсюда.\\. Если надо – могу сопроводить к телепорту. Он тут\\..\\..\\.. недалеко.":"","dialogs_chapter_4_Боюсь, мы не можем так просто уйти.":"","dialogs_chapter_4_Не думаю, что задание сейчас в приоритете.\\. Чистилище отзывает всех жнецов и вам стоит бежать отсюда, пока эти твари вас не перебили.":"","dialogs_chapter_4_Мы вернёмся в Чистилище\\..\\..\\.. Но с начала придётся доделать задание.":"","dialogs_chapter_4_     *Ильнара открыла голографический планшет и протянула его Риому*":"","dialogs_chapter_4_Доставить из подземной базы номер 6 ящик...":"","dialogs_chapter_4_Иерархита?":"","dialogs_chapter_4_Да.":"","dialogs_chapter_4_Перед началом всего этого\\..\\..\\.. ужаса, группа разведчиков смогла добыть несколько осколков Иерархита из глубин Забытого Города.":"","dialogs_chapter_4_Это неисследованное место, где полно технологий и материалов, принадлежащих расе Иерархов.":"","dialogs_chapter_4_Ага\\..\\..\\.. И я так вижу, этот ящик потерян где-то здесь?":"","dialogs_chapter_4_                                              *Риом отдаёт планшет.*":"","dialogs_chapter_4_Да. Он\\..\\..\\.. Прямо по центру области, которая на пару сотен метров ниже. Придётся спускаться.":"","dialogs_chapter_4_Правда из-за крылатого опустошителя мы толком не можем нормально высунуться\\..\\..\\.. да и мелочь сильно мешает.":"","dialogs_chapter_4_Я уже приноровился, и могу провести вас.":"","dialogs_chapter_4_Но для начала, что именно лежит в этом ящике?":"","dialogs_chapter_4_Осколки Иерархита.\\. Высший жнец Ирей приказал доставить их к нему.":"","dialogs_chapter_4_После Первой Войны Адаманта его тело сильно пострадало, и без этих осколков он не сможет восстановить свою броню.":"","dialogs_chapter_4_Точно\\..\\..\\.. Сейчас его тело защищено пиритовой броней, а она послабее будет.":"","dialogs_chapter_4_И как ты собираешься добраться до своего груза?":"","dialogs_chapter_4_Если бы внизу был рабочий телепорт\\..\\..\\..":"","dialogs_chapter_4_Там есть телепорт, но он нуждается в ремонте.":"","dialogs_chapter_4_Остаётся только спуск с вершины\\..\\..\\..":"","dialogs_chapter_4_Совсем рядом расположена огромная скала, там находится смотрительный пункт. Прямо под ним есть два спуска.\\. Плавный и крутой.":"","dialogs_chapter_4_Нужно, чтобы ты отвлек на себя опустошителя с крыльями, от него больше всего проблем.":"","dialogs_chapter_4_Я с отрядом доберусь до вершины обходным путём, где тварей меньше всего.":"","dialogs_chapter_4_Смотрительный пункт будет нашей точкой сбора.":"","dialogs_chapter_4_Хочешь сделать из меня приманку?":"","dialogs_chapter_4_Только для крылатого.\\. Остальных необязательно трогать!":"","dialogs_chapter_4_Ладно, попробуем\\..\\..\\.. Я согласен.":"","dialogs_chapter_4_Отлично. Мы с ребятами подготовимся, а ты скажи, как будешь готов.":"","dialogs_chapter_4_Ах\\..\\..\\.. Нет.":"","dialogs_chapter_4_Тогда хотя бы материалы\\..\\..\\..":"","dialogs_chapter_4_Вот сборочный механизм. Сделай один и передай Бриксу.":"","dialogs_chapter_4_А вот и ты. Готов начинать?":"","dialogs_chapter_4_Есть другие...":"","dialogs_chapter_4_Это был риторический вопрос.":"","dialogs_chapter_4_                           По голосу и взгляду слышна радость.":"","dialogs_chapter_4_Ладно.\\. А с чего такой весёлый?":"","dialogs_chapter_4_Ты один из немногих, кто смог дожить до этого момента. Второй по счёту.":"","dialogs_chapter_4_К сожалению\\..\\..\\.. Дальше разреза никто не доходил.":"","dialogs_chapter_4_Предыдущий жнец быстро освоил эту технику, а после - его самоуверенность взяла вверх. Он чувствовал себя непобедимым\\..\\..\\.. кромсал врагов с таким вкусом\\..\\..\\.. с таким аппетитом\\..\\..\\.. что в один момент зарубил собственный отряд.":"","dialogs_chapter_4_Почему? Жажда крови отбила мозг?":"","dialogs_chapter_4_В яблочко!\\. Самоконтроль был главной слабостью прошлого жнеца.":"","dialogs_chapter_4_Я возлагаю на тебя большие надежды, Риом.\\. Не разочаруй меня.":"","dialogs_chapter_4_Постараюсь. А теперь\\..\\..\\.. Может уже начнём?":"","dialogs_chapter_4_                                    Коельтан обнажил Геном Моркрет.":"","dialogs_chapter_4_Конечно, с превеликим удовольствием.":"","dialogs_chapter_4_У любого оружия с душой есть своя стихия\\..\\..\\.. своя любимая пища\\..\\..\\..":"","dialogs_chapter_4_Насытившись ею, он разит врагов с усиленной мощью.":"","dialogs_chapter_4_                        Коельтан направил меч в сторону Риома.":"","dialogs_chapter_4_Чувствуешь\\..\\..\\.. мою жажду убить тебя?":"","dialogs_chapter_4_Риом ощутил сильную рвоту, слабость и страх. Сердце начало бешено колотиться. Ноги едва удерживали тело.":"","dialogs_chapter_4_Что?! Что ты сделал?":"","dialogs_chapter_4_Это любимое блюдо Генома Моркрета!":"","dialogs_chapter_4_Жажда крови.\\. Желание забрать жизнь цели.\\. Чем они сильнее\\..\\..\\..":"","dialogs_chapter_4_Тем сильнее будут твои атаки!":"","dialogs_chapter_4_И как я должен освоить этот приём? Снова будешь драться?":"","dialogs_chapter_4_Нет.\\. Не в этот раз.\\. Запомни это чувство, именно так должны ощущать себя враги при виде Генома Моркрета.":"","dialogs_chapter_4_Сейчас ты ненадолго побудешь в моей шкуре и поймёшь, о чём я говорю.":"","dialogs_chapter_4_С-стой! С меня хват...":"","dialogs_chapter_4_Ах\\..\\..\\.. полная синергия\\..\\..\\.. Смотри и запоминай, Риом Рури.":"","dialogs_chapter_4_О! \\!Привет, Риом!":"","dialogs_chapter_4_Ты успел прямо к обеду.":"","dialogs_chapter_4_Я тут с опустошителями воюю, а ты чаи гоняешь\\..\\..\\..":"","dialogs_chapter_4_Часть силы Генома Моркрета ты получил.":"","dialogs_chapter_4_Коельтан делает глоток чая.":"","dialogs_chapter_4_Что еще ты от меня хочешь?":"","dialogs_chapter_4_Поговорить":"","dialogs_chapter_4_Изучить навык":"","dialogs_chapter_4_Теневой шаг":"","dialogs_chapter_4_(Назад)":"","dialogs_chapter_4_При нашей встрече\\..\\..\\.. в каньоне. Ты двигался с такой скоростью\\..\\..\\.. я и близко не мог уследить за тобой!":"","dialogs_chapter_4_Ага.":"","dialogs_chapter_4_Ещё в округе есть немало мест куда я хотел бы попасть, но не могу\\..\\..\\..":"","dialogs_chapter_4_Угу.":"","dialogs_chapter_4_Словно ты замедляешь время\\..\\..\\..":"","dialogs_chapter_4_Риом. \\!Что ты от меня хочешь?":"","dialogs_chapter_4_Научи меня двигаться с такой же скоростью, как ты!":"","dialogs_chapter_4_А! Техника теневого шага.":"","dialogs_chapter_4_На будущее. Обычно я забираю часть духовной энергии у жнеца, взамен обучая новым приемам.":"","dialogs_chapter_4_Но теневой шаг тебе необходим.":"","dialogs_chapter_4_Этому приему я обучу тебя бесплатно.":"","dialogs_chapter_4_И предупреждаю!":"","dialogs_chapter_4_Навернешься с большой высоты - сам виноват.":"","dialogs_chapter_4_Договорились!":"","dialogs_chapter_4_Ты уже овладел этим приемом.":"","dialogs_chapter_4_Вернутся обратно":"","dialogs_chapter_4_Что ж, Риом... Добро пожаловать в иллюзорный мир.":"","dialogs_chapter_4_Я воссоздал условия, где ты чаще всего будешь использовать теневой шаг.":"","dialogs_chapter_4_Подойти к точке старта.":"","dialogs_chapter_4_Техника теневого шага сработает и ты перенесешься на самый верх вершины.":"","dialogs_chapter_4_А потом?":"","dialogs_chapter_4_Не знаю.":"","dialogs_chapter_4_Попробуй подвигаться \\! туда-сюда. \\! А лучше по краям.":"","dialogs_chapter_4_Куда смотришь, туда и телепортируешься.":"","dialogs_chapter_4_Попрактикуйся, а когда надоест...":"","dialogs_chapter_4_Допрыгай до этой точки и я перенесу тебя обратно.":"","dialogs_chapter_4_Для прыжка подойдите к краю вершины и нажмите \\C[3]Z,\\C[0] или \\C[3]Space\\C[0].":"","dialogs_chapter_4_Покинуть область":"","dialogs_chapter_4_Остаться":"","dialogs_chapter_4_Изучен навык \"Теневой шаг\"!":"","dialogs_chapter_4_Теперь Риом может свободно двигаться по возвышенностям.":"","dialogs_chapter_4_Ура! Поздравляю!":"","dialogs_chapter_4_А теперь - на выход.":"","dialogs_chapter_4_Вот сборочный механизм.\\. Ты можешь сделать слиток лечения на нём.":"","dialogs_chapter_4_Готов?":"","dialogs_chapter_4_Желаете сохраниться?":"","dialogs_chapter_4_Да!":"","dialogs_chapter_4_Подожди\\..\\..\\.. помнишь, о том, что я просил тебя сделать?":"","dialogs_chapter_4_(Ты хотел мне что-то в своем мире показать? Да, помню.)":"","dialogs_chapter_4_Советую сделать это сейчас. Неизвестно с чем ты столкнешься там\\..\\..\\.. внизу.":"","dialogs_chapter_4_Погоди-ка\\..\\..\\.. перед тем, как начнешь, стоит ещё кое-что сделать.":"","dialogs_chapter_4_(Что именно?)":"","dialogs_chapter_4_Неизвестно с насколько большой преградой ты столкнешься. Органической\\..\\..\\.. или какой-либо ещё.":"","dialogs_chapter_4_У тебя должен быть “козырь в кармане”. \\.В данном случае, это мой особый удар - теневой разрез.":"","dialogs_chapter_4_Немного манны и препятствие сносится за один взмах!":"","dialogs_chapter_4_(Подумаю над этим\\..\\..\\..)":"","dialogs_chapter_4_*Риом приложил левую руку к стенке*":"","dialogs_chapter_4_Давай-давай, заходи!":"","dialogs_chapter_4_Получен Осколок Иерархита.":"","dialogs_chapter_4_Всего один\\..\\..\\..":"","dialogs_chapter_4_Это хоть что-то. Иерархит очень редкий и ценный ресурс. Его можно обменять на приличную сумму, либо приберечь для создания очень мощной брони.":"","dialogs_chapter_4_Интересно\\..\\..\\.. Я подумаю над этим.":"","dialogs_chapter_4_Когда враг находится в состоянии \\I[75], он не получит какого-либо урона и не сможет вас атаковать. Бейте того, кто не находиться в данном состоянии.":"","dialogs_chapter_4_":""}