{"Мастер фраза для определения максимальной длины текста":"Що ж! Ця стара клешня мало не скромсала мене за своє золото!","dialogs_chapter_5_Глава 5":"","dialogs_chapter_5_Рикард покинул Чистилище. Он отправился в южный район каньона, туда где находится уцелевший отряд боевых жнецов.":"","dialogs_chapter_5_У меня есть одна просьба к тебе, Лаурита.":"","dialogs_chapter_5_Хочешь, чтобы я его остановила?":"","dialogs_chapter_5_Нет!":"","dialogs_chapter_5_Нет\\..\\..\\..":"","dialogs_chapter_5_Постарайся добраться до отряда раньше Рикарда и забери под свое командование всех боевых жнецов.":"","dialogs_chapter_5_Так же там будет много раненых, о них позаботится группа командира Риты.":"","dialogs_chapter_5_С тобой пойдет один из моих лучших разведчиков - Кенчиру.":"","dialogs_chapter_5_Он будет докладывать обо всем, что происходит вокруг Рика.":"","dialogs_chapter_5_Сидрин\\..\\..\\..":"","dialogs_chapter_5_Ты серьезно хочешь избавиться от Рикарда?":"","dialogs_chapter_5_Пусть он и чудной, но его меч зарубил немало опасных врагов.":"","dialogs_chapter_5_Даже если у тебя выйдет нарыть на него убедительный компромат\\..\\..\\..":"","dialogs_chapter_5_Госпожа не отдаст приказ убить его.":"","dialogs_chapter_5_Скажи, почему ты так сильно его ненавидишь?":"","dialogs_chapter_5_Я думала, это из-за характера Рикарда, его издевок\\..\\..\\.. но дело точно в другом.":"","dialogs_chapter_5_Когда останешься с ним наедине – увидишь, что он из себя представляет.":"","dialogs_chapter_5_Не хочешь говорить\\..\\..\\..":"","dialogs_chapter_5_Хорошо, буду осторожна с ним.":"","dialogs_chapter_5_Если встречу Риома, что ему передать?":"","dialogs_chapter_5_Хм.":"","dialogs_chapter_5_Мы с матерью любим его и молимся, чтобы он выбрался живым и здоровым.":"","dialogs_chapter_5_Лаурита мило улыбнулась.":"","dialogs_chapter_5_Хорошо.":"","dialogs_chapter_5_Ах да, и ещё\\..\\..\\.. Лаурита.":"","dialogs_chapter_5_Если у вас с Риомом всё сложится крайне удачно - двери в моём доме всегда открыты для тебя.":"","dialogs_chapter_5_Лаурита покраснела.":"","dialogs_chapter_5_С\\..\\..\\.. Си\\..\\..\\.. Сидрин!":"","dialogs_chapter_5_Эх-х, Риомка, не стоит пихать меч в первые попавшиеся ножны.":"","dialogs_chapter_5_Надеюсь, Лаурита единственная, а иначе, тебя ждет нелегкий выбор\\..\\..\\..":"","dialogs_chapter_5_Твой отряд ждет тебя. \\.Кенчиру с Ритой уже должны быть рядом с телепортом.":"","dialogs_chapter_5_Да-да, я поняла.":"","dialogs_chapter_5_На связи ударный батальон боевых жнецов\\..\\..\\.. точнее\\..\\..\\..":"","dialogs_chapter_5_То что от него осталось.":"","dialogs_chapter_5_Нужна помощь. Срочно. У нас десятки раненых, боеспособных - единицы.":"","dialogs_chapter_5_Прошу, пришлите подкрепление\\..\\..\\.. кого-нибудь.":"","dialogs_chapter_5_В вашу сторону идут два больших отряда. \\.Командир Рикард с группой карателей и Вероломгер Лаурита с боевыми жнецами. \\.Продержитесь до их прихода.":"","dialogs_chapter_5_Постараемся.":"","dialogs_chapter_5_Рикард обнажил рапиру.":"","dialogs_chapter_5_Убейте всех.":"","dialogs_chapter_5_Локация недоступна в данной версии.":"","dialogs_chapter_5_Но пока что это все! Сохраняйся и до скорого продолжения.":"","dialogs_chapter_5_":""}