{"Мастер фраза для определения максимальной длины текста":"Що ж! Ця стара клешня мало не скромсала мене за своє золото!","dialogs_chapter_1_Фенрикс, Клара, Фридрих, Вернер\\..\\..\\.. Память о вас останется навечно на этой стене.":"","dialogs_chapter_1_Даже когда все в Чистилище забудут. Ваши имена никогда не исчезнут.":"","dialogs_chapter_1_Не хватает только одного\\..\\..\\..":"","dialogs_chapter_1_Клавдий.":"","dialogs_chapter_1_Дождись меня, друг и твоя душа будет освобождена от оков рабства Адаманта.":"","dialogs_chapter_1_Пора, дорогой.":"","dialogs_chapter_1_Да, пора.":"","dialogs_chapter_1_Глава 1":"","dialogs_chapter_1_Так, как ты хочешь его назвать?":"","dialogs_chapter_1_Что-то лаконичное и внушительное.":"","dialogs_chapter_1_Что-то что отражает уверенность, и гордость.":"","dialogs_chapter_1_И легко выговорить.":"","dialogs_chapter_1_Тесей?":"","dialogs_chapter_1_Я придумал кое-что получше. Скоро узнаешь.":"","dialogs_chapter_1_Сидрин, подойди.":"","dialogs_chapter_1_Здравствуй, Сидрин.\\.Ты хорошо показал себя в битвах против наших врагов, успешно прошёл испытание на повышение.":"","dialogs_chapter_1_Отныне, ты Вероломгер, высший жнец на чьих плечах лежит ответственность за жизни собратьев и судьба всего Чистилища.":"","dialogs_chapter_1_Перед тем, как ты приступишь к службе\\..\\..\\.. Можешь пожелать всего чего хочешь.\\.Я выполню одно желание.":"","dialogs_chapter_1_Но только, если оно не противоречит нашим законам и не нанесёт Чистилищу урон.":"","dialogs_chapter_1_Сидрин стал на одно колено и приклонил голову перед Смертью.":"","dialogs_chapter_1_Госпожа, прошу, создайте особого жнеца, с человеческой душой. Который от людей будет отличаться только телом.":"","dialogs_chapter_1_Ты хочешь создать человека, среди мертвецов. Я могу выполнить твою просьбу, но есть пара условий.":"","dialogs_chapter_1_Первое - вы с Беллой будете обязаны воспитать его подобающе.":"","dialogs_chapter_1_Второе - за ним буду следить два корпуса, разведчики и каратели.":"","dialogs_chapter_1_Третье - если он решит пойти против моей воли, я избавлюсь от него, и не исключено, что твоими руками.":"","dialogs_chapter_1_Согласен?":"","dialogs_chapter_1_Да.":"","dialogs_chapter_1_Я принимаю, ваши условия госпожа. Он не пойдёт против вашей воли. В ином случае, я лично позабочусь о нём.":"","dialogs_chapter_1_Белла, подойди ближе.":"","dialogs_chapter_1_Сидрин, Белла, возьмитесь за руки.":"","dialogs_chapter_1_Смерть коснулась кисти рук Сидрина и Беллы.":"","dialogs_chapter_1_Смерть отколола кусок своей кожи.":"","dialogs_chapter_1_В руках Смерти появился огромный светящийся шар.":"","dialogs_chapter_1_Запомните этот момент. Это первый раз, когда я позволила человеку оказаться среди жнецов.":"","dialogs_chapter_1_Зед. Будь добр, сопроводи Сидрина с Беллой к механизму и закончи начатое.":"","dialogs_chapter_1_Слушаюсь, госпожа. Сидрин, Белла.":"","dialogs_chapter_1_Интересно вы придумали. Человек в теле жнеца.":"","dialogs_chapter_1_Сидрин, ты уверен, что он не нарушит наши законы?":"","dialogs_chapter_1_Нет, не уверен, но даю  гарантию, что черту не переступит.":"","dialogs_chapter_1_Черту говоришь\\..\\..\\.. Какую именно? Любой акт непокорности может стать последним.":"","dialogs_chapter_1_Черта, при которой по его душу придёт Рикард\\..\\..\\..или я.":"","dialogs_chapter_1_Хочу я верить тебе, но зная людскую натуру\\..\\..\\.. могу пожелать только удачи.":"","dialogs_chapter_1_Органический материал есть. Душа есть.":"","dialogs_chapter_1_Да поможет нам госпожа Смерть!":"","dialogs_chapter_1_Без паники, процесс идёт! Всё нормально!":"","dialogs_chapter_1_Чёрт.":"","dialogs_chapter_1_Зед что-то очень быстро и нервно начал клацать.":"","dialogs_chapter_1_Порядок, сейчас всё будет.":"","dialogs_chapter_1_П-простите\\..\\..\\.. Со мной всё в порядке\\..\\..\\..":"","dialogs_chapter_1_Сидрин придерживает Беллу за спину.":"","dialogs_chapter_1_Кто я?":"","dialogs_chapter_1_Твое имя Риом. Риом Рури.":"","dialogs_chapter_1_Риом\\..\\..\\.. А\\..\\..\\.. Я жнец. Слуга Смерти. Моя работа защищать души людей, и проводить их в наш мир.":"","dialogs_chapter_1_А вы, кто?":"","dialogs_chapter_1_Твоя семья. Я Сидрин Рури, твой отец.":"","dialogs_chapter_1_А она Белла Рури. Твоя матерь.":"","dialogs_chapter_1_Риомка! Как я счастлива.":"","dialogs_chapter_1_Ну\\..\\..\\.. хватит\\..\\..\\..":"","dialogs_chapter_1_Некоторое время спустя.":"","dialogs_chapter_1_После долгих лет лекций и тренировок\\..\\..\\.. наконец-то этот чёртов экзамен.":"","dialogs_chapter_1_Всего-то нужно пройти проверку боевых навыков.":"","dialogs_chapter_1_Тест смекалки.":"","dialogs_chapter_1_И преодоление преград нестандартными способами.":"","dialogs_chapter_1_Я справлюсь.":"","dialogs_chapter_1_Для взаимодействия с объектами нажмите клавишу подтверждения - \\C[3]Z, Space \\C[0]или \\C[3]Enter.":"","dialogs_chapter_1_Для отмены/выхода в меню - нажмите \\C[2]X, Num 0, \\C[0]или \\C[2]Esc.":"","dialogs_chapter_1_Приветствую, Риом Рури! Как твой настрой, готов к испытанию?":"","dialogs_chapter_1_Да, я готов.":"","dialogs_chapter_1_Отлично. Помнишь основы?":"","dialogs_chapter_1_Честно говоря, многое из головы вылетело. Напомни, пожалуйста.":"","dialogs_chapter_1_Хорошо.":"","dialogs_chapter_1_Для нанесения урона выберите один из трех видов навыков: Обычная атака, Умения или Магия.":"","dialogs_chapter_1_После выбора Атаки вам нужно решить куда нанести удар.":"","dialogs_chapter_1_\\I[10]Удар в голову с шансом 25% оглушает противника. \\I[7]Удар по торсу ослабляет физ. защиту цели на 25%. \\I[8]Удар по рукам ослабляет физ. атаку цели на 25%. \\I[9]Удар по ногам снижает скорость цели на 25%.":"","dialogs_chapter_1_Последовательность ходов зависит от параметра “Скорость”, чем он выше - тем чаще вы сможете ходить.":"","dialogs_chapter_1_Перед тем, как любой противник проведет атаку, вы увидите один из трех индикаторов.":"","dialogs_chapter_1_\\C[1]Магическая атака. Её невозможно контратаковать обычным навыком. От нее рекомендуется уворачиватся с помощью навыка “Уклонение”или блокировать через умение “Защита”.":"","dialogs_chapter_1_\\C[2]Физическая атака. Её можно отбить во врага с помощью навыка “Контратака”.":"","dialogs_chapter_1_\\C[7]Особое умение. Это усиливающие умения, или боевые навыки пробивающие “Уклонение” и “Контратаку”. Рекомендуется не допустить использование такого навыка с помощью “оглушения”.":"","dialogs_chapter_1_Всё запомнил?":"","dialogs_chapter_1_Да. Можем начинать.":"","dialogs_chapter_1_Будь добр, повтори ещё раз.":"","dialogs_chapter_1_Тогда я начну.":"","dialogs_chapter_1_Хорошо держишься.":"","dialogs_chapter_1_Но как насчёт, магии?":"","dialogs_chapter_1_Ты в порядке?\\..\\..":"","dialogs_chapter_1_Жить буду.":"","dialogs_chapter_1_Ещё раз.":"","dialogs_chapter_1_Неплохо.":"","dialogs_chapter_1_И напоследок, приемы, от которых не получится увернуться или отбить их.":"","dialogs_chapter_1_Дин исцеляет Риома слитком жизни.":"","dialogs_chapter_1_Силён. Не ожидал, что ты так легко меня одолеешь.":"","dialogs_chapter_1_Иди в следующую комнату.":"","dialogs_chapter_1_Может тебе медика вызвать?":"","dialogs_chapter_1_Нет. Мне нужно передохнуть. Сам справлюсь.":"","dialogs_chapter_1_Как скажешь.":"","dialogs_chapter_1_Вся дополнительная информация хранится в заметках.":"","dialogs_chapter_1_Время от времени там будет появляться информация об окружающем мире, событиях или игровых механиках.":"","dialogs_chapter_1_Как ты? Готов к испытанию?":"","dialogs_chapter_1_Да":"","dialogs_chapter_1_Нет":"","dialogs_chapter_1_Ага, зазубрил всё на изусть.":"","dialogs_chapter_1_Добро пожаловать, Риом Рури.":"","dialogs_chapter_1_На этот раз никто не встречает\\..\\..\\..":"","dialogs_chapter_1_В этой короткой симуляции, тебя проверят на умение применять в бою слитки.":"","dialogs_chapter_1_Первый тип слитков - восстанавливающие.":"","dialogs_chapter_1_Слитки жизни восстанавливают 50% полученных ранений (ОЗ).":"","dialogs_chapter_1_Слитки магии восстанавливают 50% магической энергии (ОМ).":"","dialogs_chapter_1_Адреналиновые слитки восстанавливают 50% физической энергии (ОЭ).":"","dialogs_chapter_1_Восстанови все показатели и мы сможем продолжить.":"","dialogs_chapter_1_Следующий тип слитков - усилители.":"","dialogs_chapter_1_На данный момент в распоряжении жнецов есть три усилителя: слиток “атаки”, слиток “защиты” и магический барьер.":"","dialogs_chapter_1_Слиток “атаки” увеличивает урон от физических атак на 50%.":"","dialogs_chapter_1_Слиток “защиты” снижает урон от физических повреждений на 50%.":"","dialogs_chapter_1_Магический барьер снижает урон от магических повреждений на 50%.":"","dialogs_chapter_1_Усилитель можно активировать как в самом бою, так и вне, подготовившись заранее.":"","dialogs_chapter_1_Используйте расходное снаряжение с умом, в ином случае, можете попасть в неловкое положение.":"","dialogs_chapter_1_Как будете готовы начать проверку, подойдите к терминалу.":"","dialogs_chapter_1_Вне битвы усилитель “атаки” поможет обойти физические преграды.":"","dialogs_chapter_1_Слиток “защиты” снизит входящий урон от физических угроз. Вроде камней, лезвие и прочего.":"","dialogs_chapter_1_Аналогично работает и магический барьер. Только защищает от магического урона.":"","dialogs_chapter_1_Понял-понял\\..\\..\\.. я через эти уроки проходил раз за разом.":"","dialogs_chapter_1_Сам разберусь.":"","dialogs_chapter_1_Пора бы использовать слиток защиты.":"","dialogs_chapter_1_В прошлой комнате мне пригодился слиток атаки. Уверен в этой комнате мне приготовили что-то новое\\..\\..\\..":"","dialogs_chapter_1_Наконец-то, таки добрался. Прими мои поздравления.":"","dialogs_chapter_1_Спасибо\\..\\..\\.. На этом всё?":"","dialogs_chapter_1_Нет. Половину испытания ты прошёл успешно.":"","dialogs_chapter_1_О нет\\..\\..\\.. Ты тоже собираешься напасть на меня?":"","dialogs_chapter_1_Конечно. Система тебе рассказала о применение слитков вне боя. Осталось посмотреть на то, как ты используешь их в бою.":"","dialogs_chapter_1_Дай хотя бы дух перевести. И как мне к тебе обращаться?":"","dialogs_chapter_1_Филин.":"","dialogs_chapter_1_Приятно познакомиться.":"","dialogs_chapter_1_Взаимно.":"","dialogs_chapter_1_Это для бодрости.":"","dialogs_chapter_1_Благодарю.":"","dialogs_chapter_1_Передохни минутку и можем начать.":"","dialogs_chapter_1_(Атаковать)":"","dialogs_chapter_1_(Уйти)":"","dialogs_chapter_1_Решился таки\\..\\..\\.. Отлично, погнали!":"","dialogs_chapter_1_Всё, хватит. С тактикой ты знаком.":"","dialogs_chapter_1_Можешь приступать к следующему испытанию.":"","dialogs_chapter_1_Филин вогнал меч в землю.":"","dialogs_chapter_1_Что ты\\..\\..\\..":"","dialogs_chapter_1_Висет-Зарион, на север.":"","dialogs_chapter_1_Страшные у этих боевых жнецов инструменты.":"","dialogs_chapter_1_Надеюсь и мне когда-нибудь такой выдадут.":"","dialogs_chapter_1_Досадно. Давай ещё раз с самого начала.":"","dialogs_chapter_1_Висет-Зарион, на северо-запад.":"","dialogs_chapter_1_Твою ж мать\\..\\..\\.. Да ты издеваешься!!":"","dialogs_chapter_1_Мне заново это всё проходить?!":"","dialogs_chapter_1_Добро пожаловать в испытание мышления.":"","dialogs_chapter_1_Перед началом восполните запас расходников и подойдите к терминалу для начала симуляции.":"","dialogs_chapter_1_Пока ты не попал в поле зрения врага,  он никак не будет реагировать.":"","dialogs_chapter_1_Тебя заметили. В данной ситуации, есть несколько вариантов.":"","dialogs_chapter_1_Сразиться, или попытаться сбежать. Оценивай ситуацию и решай, как лучше всего поступить.":"","dialogs_chapter_1_Поздравляю с успешным прохождением испытания мышления, Риом Рури. Пройди в следующую комнату.":"","dialogs_chapter_1_Кенчиру? Странно видеть тебя в качестве инструктора.":"","dialogs_chapter_1_Правда?":"","dialogs_chapter_1_Кенчиру достает голографический планшет.":"","dialogs_chapter_1_Ривальсер Кенчиру, назначается временным экзаменатором Риома Рури. Когда Риом успешно пройдет три этапа, Кенчиру должен сразиться с ним в полную силу.":"","dialogs_chapter_1_Критерии успешного прохождения - победа со стороны Риома, или тот факт, того что он смог достаточно долго продержаться.":"","dialogs_chapter_1_Короче, биться будем пока один из нас не рухнет на пол. Не насмерть!":"","dialogs_chapter_1_А второй вариант?":"","dialogs_chapter_1_Пока я не выдохнусь. В приказе ничего не говорится за время. Значит я сам решу, когда хватит.":"","dialogs_chapter_1_Слушай\\..\\..\\.. У тебя вроде есть\\..\\..\\.. Особое оружие.":"","dialogs_chapter_1_Ага. Ты его не увидишь, но вот эффект\\..\\..\\.. запомнишь надолго.":"","dialogs_chapter_1_Готов?":"","dialogs_chapter_1_Да. Начинаем!":"","dialogs_chapter_1_Ещё нет.":"","dialogs_chapter_1_Ещё бы!":"","dialogs_chapter_1_Ай\\..\\..\\..":"","dialogs_chapter_1_Вот черт!":"","dialogs_chapter_1_Прости, перестарался.":"","dialogs_chapter_1_Ничего. С такими навыками можешь смело в корпус боевых жнецов идти, или к нам в разведку.":"","dialogs_chapter_1_Это мой вердикт как инструктора.":"","dialogs_chapter_1_Полагаю, бывшего инструктора?":"","dialogs_chapter_1_Ага. Не охота ещё раз мечем под рёбра получить.":"","dialogs_chapter_1_Нет-нет-нет\\..\\..\\.. Так не пойдёт.":"","dialogs_chapter_1_Кенчиру исцелил Риома слитком жизни.":"","dialogs_chapter_1_Давай ещё раз.":"","dialogs_chapter_1_*Тяжело дышит*\\..\\..\\.. Слушай\\..\\..\\..":"","dialogs_chapter_1_*Тяжело дышит*\\..\\..\\.. Да\\..\\..\\..":"","dialogs_chapter_1_*Тяжело дышит*\\..\\..\\.. Пожалуй, хватит с нас обоих.":"","dialogs_chapter_1_Оба убрали мечи в ножны.":"","dialogs_chapter_1_Сражаешься ты неплохо. Минимум для прохождения экзамена выполнен.":"","dialogs_chapter_1_Поздравляю.":"","dialogs_chapter_1_У тебя других дел нет?":"","dialogs_chapter_1_На сегодня больше ничего не осталось.":"","dialogs_chapter_1_Пошли в столовую, выпьем по энерго-напитку.":"","dialogs_chapter_1_С превеликим удовольствием.":"","dialogs_chapter_1_После перекуса в столовой Риом пришёл к себе в комнату.":"","dialogs_chapter_1_Погоди, дай мне минутку\\..\\..\\..":"","dialogs_chapter_1_Готов к последнему экзамену?":"","dialogs_chapter_1_Быстрее, пожалуйста!":"","dialogs_chapter_1_Что-то слегка вымотался\\..\\..\\.. Интересно, мне одному иногда спать охота?\\..\\..":"","dialogs_chapter_1_Постели тут довольно мягкие\\..\\..\\.. Вот же ж\\..\\..\\.. В ближайшие пару десятков часов занятий нет, как и работы\\..\\..\\..":"","dialogs_chapter_1_Надеюсь, для жнеца не грех будет подремать пару часиков.":"","dialogs_chapter_1_Фух\\..\\..\\.. Ну и приснится же такое\\..\\..\\..":"","dialogs_chapter_1_Прошло около 5-и часов. Скоро лекция у Ирея, там досплю остальное.":"","dialogs_chapter_1_Выберитесь из Зубчатого каньона!":"","dialogs_chapter_1_Вы только что нашли один из элементов экипировки жнецов.":"","dialogs_chapter_1_Перейдите во вкладку \"Экипировать\", чтобы надеть \\C[3]скоростной усилитель\\C[0].":"","dialogs_chapter_1_Он увеличит параметр \\C[1]скорости\\C[0] персонажа.":"","dialogs_chapter_1_\\C[1]Чем она выше, тем чаще вы сможете ходить\\C[0].":"","dialogs_chapter_1_Отлично\\..\\..\\.. Хуже прогулки на свежем воздухе у меня ещё никогда не было\\..\\..\\..":"","dialogs_chapter_1_Гигантские когти направлялись в сторону жнеца!":"","dialogs_chapter_1_Соскользнув с бицепса опустошителя, жнец впился острием клинка в живот гиганта.":"","dialogs_chapter_1_Падение было смертельным... даже для жнеца...":"","dialogs_chapter_1_Давай, Риом!":"","dialogs_chapter_1_Преврати его в фарш!!!":"","dialogs_chapter_1_ДА!":"","dialogs_chapter_1_ДА!!":"","dialogs_chapter_1_РЕЖЬ ЭТОТ КУСОК ГОВНА!!!":"","dialogs_chapter_1_Лёгкие окрасились чёрной кровью\\..\\..\\.. Рёбра разделились на десятки мелких частей\\..\\..\\..":"","dialogs_chapter_1_А почки, печень, кишки и сердце превратились в огромную кровавую кашу\\..\\..\\..":"","dialogs_chapter_1_Теневой разрез!":"","dialogs_chapter_1_Все это началось подобно кошмарному сну.":"","dialogs_chapter_1_Сначала всё начинается нормально. \\|Ты видишь привычные тебе вещи, знакомые образы.":"","dialogs_chapter_1_На вид их не отличить от реальности. \\|В какой-то момент ты даже забываешь, что это сон.":"","dialogs_chapter_1_Но потом происходящее превращается в чистый, невыносимый ужас.":"","dialogs_chapter_1_Он начинает терзать тебя, мучить. Преследовать, куда бы ты не побежал.":"","dialogs_chapter_1_И единственное, что хочется в этот момент\\..\\..\\..":"","dialogs_chapter_1_Проснуться.":"","dialogs_chapter_1_Чтобы этот кошмар наконец-то закончился.":"","dialogs_chapter_1_Так и началась моя история.":"","dialogs_chapter_1_Я Риом Рури. \\.Низкоранговый жнец, проводник и собиратель душ, который беспрекословно служит своей создательнице - \\!Смерти.":"","dialogs_chapter_1_Наша работа - защищать человеческие души. \\.Следить за тем, чтобы искушенные обитатели мира Мертвых не вмешивались в жизненный цикл людей. \\.Не нарушали естественный порядок вещей.":"","dialogs_chapter_1_Но как насчет нас самих?":"","dialogs_chapter_1_Несколько сотен лет назад на Чистилище напал враг, которого сильно недооценивали,\\. и не ждали.":"","dialogs_chapter_1_Мы зовем их Восставшими. Я мало что помню о них, но знаю одно...":"","dialogs_chapter_1_В день своей атаки, они перебили кучу народу.":"","dialogs_chapter_1_Все жнецы, от мелких работяг, вроде меня, до Вероломгеров, самых старших по рангу\\..\\..\\.. Все понесли огромные потери. Как и сами Восставшие.":"","dialogs_chapter_1_Мой отец и несколько Вероломгеров сразились с лидерами Восставших и выбили их из Чистилища.":"","dialogs_chapter_1_После этого начался долгий этап восстановления. \\.Все, что было разрушено - починили. Все здания, оборонительные системы, механизмы\\..\\..\\.. Все вернулось в норму.":"","dialogs_chapter_1_Но.":"","dialogs_chapter_1_Ненадолго.":"","dialogs_chapter_1_Проверку боевых навыков я прошёл. Больше мне тут нечего делать.":"","dialogs_chapter_1_С тестом на умение применять расходники я прошёл\\..\\..\\.. Нужно двигаться дальше.":"","dialogs_chapter_1_Проверка мышления пройдена. Пора проходить следующее испытание.":"","dialogs_chapter_1_Экзаменационная секция... Сюда пока рано идти.":"","dialogs_chapter_1_Экзамен ещё не закончен.":""}