{"Мастер фраза для определения максимальной длины текста":"Що ж! Ця стара клешня мало не скромсала мене за своє золото!","Риом":"","Юный жнец":"","Ирей":"","Коельтан":"","Кенчиру":"","Рита":"","Коельшин":"","Вейлер":"","Зед":"","Тини":"","Ривальсер. Специалист по разным устройствам, может починить что угодно.":"","Каратель":"","Боевой жнец":"","Ривальсер":"","Рикард":"","Сидрин":"","Дин":"","Литгер":"","Дерек":"","Лаурита":"","Каспар":"","Крайс":"","Генри":"","Ирни":"","Роза":"","Все каратели":"","Весь отряд":"","Хифлок":"","Рутгер":"","Смерть":"","Риом и Рита":"","Гасп":"","Дина":"","Ильнара":"","Брикс":"","Жнец":"","Авель":"","Белла":"","Главный телохранитель":"","Система “Уведомитель”":"","Филин":"","Уровень":"","Здоровье":"","Мана":"","Энергия":"","Мастерство":"","Макс. HP":"","Макс. MP":"","Атака":"","Защита":"","Маг. атака":"","М. защита":"","Cкорость":"","Контроль":"","Шанс попадания":"","Шанс уклонение":"","Битва":"","Побег":"","Предмет":"","Умения":"","Экипировать":"","Состояние":"","Отряд":"","Настройки":"","Сохранить":"","Завершить игру":"","Оружие":"","Броня":"","Важный предмет":"","Лучшее":"","Снять всё":"","Купить":"","Продать":"","Новая игра":"","Продолжить":"","В титульное меню":"","Отмена":"","Бег всегда":"","Запомнить команду":"","Сенсорный интерфейс":"","Уровень громкости BGM":"","Уровень громкости BGS":"","Уровень громкости ME":"","Уровень громкости SE":"","В партии":"","Опыт":"","До повышения":"","В какой файл сохранить?":"","Какой файл загрузить?":"","Файл":"","Автосохранение":"","и его партия":"","появляется!":"","получает превосходство!":"","удивлён!":"","пытается сбежать!":"","Но сбежать не удалось!":"","побеждает!":"","проигрывает.":"","получено!":"","найдено!":"","Найдено":"","теперь":"","выучено!":"","использует":"","Отличный удар!":"","Болезненный удар!":"","получает":"","урона!":"","восстанавливает":"","обретает":"","теряет":"","поглощает":"","не получает повреждений!":"","Промах!":"","не получил(а) повреждений!":"","уклоняется от атаки!":"","нейтрализует магию!":"","отражает магию!":"","контратакует!":"","защищает":"","снова в норме!":"","Не действует на":"","Голова":"","Торс":"","Руки":"","Ноги":"","Неизвестно":"","Всего":"","Описание":"","Карта":"","Совместный":"","Дуэлянт":"","Командир":"","Фехтовальщик":"","Броненосец":"","Удар в голову":"","Накладывает оглушение.":"","Удар в торс":"","Ослабляет защиту противника.":"","Удар по рукам":"","Ослабляет атаку противника.":"","Удар по ногам":"","Снижает мобильность противника.":"","Уклонение":"","Позволяет на короткое время избежать всех видов урона (магического и физического).":"","Контратака":"","Возвращает врагу весь физический урон. Действует недолго. Усиливает атаку на короткое время. ":"","Выход из боя":"","Отступление!":"","Ожидание":"","Восстанавливает 15 ТР. Пропуск хода.":"","Сокрушение":"","Шанс оглушения 90%.":"","Сильный удар":"","Снижает скорость цели и её защиту.":"","Взмах на вскидку":"","3 быстрых удара по 3-ем случайным противникам. Ослабляет защиту.":"","Парное рассечение":"","2 удара по одному противнику. Ослабляет атаку.":"","Подавление":"","8 ударов по одному противнику.":"","Точный удар":"","Наносит удар, игнорируя контратаку и уклонение.":"","Прикрытие":"","Защищает союзника от смерти.":"","Разрушение ауры":"","Снижает маг. защиту цели.":"","Защитный покров":"","Усиление маг. защиту.":"","Обмен":"","Восстанавливает манну за счёт энергии.":"","Укрепление мышц":"","Усиливает защиту всего отряда.":"","Обострение рефлексов":"","Увеличивает скорость всего отряда.":"","Жажда крови":"","Усиление атаки для всего отряда.":"","Перегрузка":"","Усиление маг. атаки для всего отряда.":"","Милитовый барьэр":"","Усиление маг. защиты всего отряда.":"","Контроль ситуации":"","Увеличение шанса наложения состояния для всего отряда.":"","Команда: \"Уклонение!\"":"","Весь отряд избегает любого урона.":"","Команда: \"Контратака!\"":"","Отряд возвращает врагу весь физический урон. Действует недолго. Усиливает атаку на короткое время. ":"","Команда: \"Защита!\"":"","Отряд переходит в глухую оборону, повышает защиту.":"","Излучение Гидрита":"","Исцеляет выбранного персонажа в отряде.":"","Уклонение II":"","Позволяет избежать всех видов урона. Действует 1 ход. Снимет 2 степени ослабления ловкости.":"","Контратака II":"","Возвращает врагу весь физический урон. Действует 1 ход. Снимет 2 степени ослабления атаки.":"","Энерго-волна":"","Один взмах - один труп. Возможен крит. удар, снижает магическую защиту.":"","Поток милита":"","Увеличивает реген. MP HP TP на 5%. Действует 10 ходов.":"","Второе дыхание":"","Приводит в чувство павшего сопартийца. Навык действует только во время боя.":"","Gear Shiden!!":"","Сильный одиночный удар. Урон зависит от маг. защиты врага и маг. атаки Зеда.":"","Багровый щит":"","Шанс физ., маг. уклонения 100%, маг. отражение 100%. Действует 3 хода.":"","Двойной удар":"","Снижает защиту. 2 удара.":"","Резня":"","Снижает защиту и с шансом 8% накладывает кровотечение.\r\n5 ударов.":"","Безумие!":"","Подрыв жопы у Пиритового палача(в версиях выше 1.2.9 у всех опустошителей так же).":"","Губительный прыжок":"","Был жнец Лёха, а стал блин лёпеха)":"","Взмах топора":"","Инфернальный удар":"","Обжигает противника усиленным ударом, ослабляет броню.":"","Обмораживающий удар":"","Обмораживает противника усиленным ударом, снижает скорость цели.":"","Дробящий удар":"","Оглушает противника усиленным ударом, ослабляет атаку.":"","Слиток жизни":"","(Для врага) Использует слиток лечения посреди боя.":"","Взрывной слиток":"","(Для врага) Использует бомбу посреди боя.":"","Тыльная спираль":"","Снижает контроль и имеет 60% шанс оглушения.":"","Ударный фантом":"","Снижает защиту.":"","Теневые колья":"","Снижает скорость.":"","Хаотичный взмах":"","Массовая атака.":"","Магический слиток":"","Укус":"","Наносит 100 ед. базового урона, урон зависит от защиты врага.":"","Голод":"","Приводит союзников в бешенство и заставляет чаще атаковать навыком Укус.":"","Круговой взмах":"","Бросок камня":"","Оглушает и ломает защиту цели.":"","Рев Берсерка":"","Пугает цель и ослабляет контроль навыков.":"","Дьявольское сердце":"","Усиливает атаку и скорость. Ульта Линкера.":"","Стальная паутина":"","Полностью обездвиживает цель.":"","Смертельное пронзание":"","Снижает ловкость и вызывает кровотечение.":"","Интоксикация":"","Умение Арахноида. -5% HP/ход, ослабление ATK, DEF, AGI, LUK.":"","Удар хвостом":"","Шанс ослабить атаку, или защиту, или скорость - 25%. Шанс мгновенной смерти - 25%. Шанс кровотечения - 100%":"","Мертвая хватка":"","Снижает защиту за 1 удар.":"","Обвивающий танец":"","Ослабляет защиту рук, ног, торса и головы.":"","Таран":"","Оглушает и снижает эффективность блока.":"","Хватка ястреба":"","Снижает ловкость в 2 раза.":"","Удар в голову(Летун)":"","Удар в торс(Летун)":"","Удар по ногам(Летун)":"","Удар по рукам(Летун)":"","Авто-бой":"","Персонаж переходит под управление ИИ до конца боя.":"","Теневой разрез":"","Значительно снижает защиту противника. Урон магический.":"","Теневой покров":"","Массивный удар, снижает максиум здоровья. Урон магический.":"","Лезвие тени":"","Снижает скорость противника. Урон магический.":"","Прицел под 90 градусов":"","Увеличивает урон от теневого разреза в два раза. Эффект длиться 1 ход.":"","Тьма Генома":"","Все удары на короткое время наносят критические удары.":"","Передача энергии":"","Передает накопленные Очки Энергии выбранному союзнику.":"","Огненный всплеск":"","Снижает атаку. Есть шанс наложить Горние на цель.":"","Ледяной взрыв":"","Снижает скорость. Есть шанс наложить Обморожение на цель.":"","Разряд молний":"","Снижает защиту. Шанс оглушения 40%.":"","Прилив сил":"","Фантомный выпад":"","Снижает точность на 50%. Урон магический. Не игнорирует уклонение.":"","Приоритет цели":"","Фокусирует атаки на выбраном противнике. Понижает защиту цели.":"","Чистота души":"","Снимает все негативные эффекты, кроме ослаблений.":"","Возврат контроля":"","Персонаж возвращается под управление игрока.":"","Аура лечения":"","Регенерация HP + 4%. Повышение защиты на короткое время.":"","Стальная крепость":"","Повышает эффективность защиты у всего отряда.":"","Цепная мина":"","Массовая магическая атака. Шанс слабого оглушения 40%.":"","Теневой удар":"","Урон зависит от магической защиты цели и маг. атаки Риома.":"","Созидание слитка адреналина":"","Инженер за счёт энергии создает адреналиновый слиток.":"","Созидание взрывного слитка":"","Инженер за счёт энергии создает взрывной слиток.":"","Связь":"","Заглянуть в гости к Коельтану.":"","Метание кольев":"","Снижает защиту. Стандартная атака Стрелка.":"","Бронебойный снаряд":"","Снимает с цели какие-либо усиления, а так же защиту и контратаку.":"","Двойной сильный удар":"","Стойкость":"","Повышет физ. защиту в два раза, добавляет TP REG + 50%.":"","Таран Громилы":"","Умение поддержки. Используется в сюжетных эпизодах. Восстанавливает 50% здоровья.":"","Боевой бустер":"","Умение поддержки. Используется в сюжетных эпизодах. Увеличивает атаку и защиту на 50%.":"","Умение поддержки. Используется в сюжетных эпизодах. Наносит 200 урона. Урон зависит защиты цели.":"","Метание меча":"","Ослабляет защиту и накладывает на цель кровотечение.":"","Метание камня":"","Ослабляет ловкость.":"","(Для врага) Использует слиток лечения посреди боя на союзника.":"","Кромсание":"","Наносит 250 ед. базового урона, урон зависит от защиты врага. Для крупных врагов.":"","Восстанавливает 50% здоровья.":"","Слиток магии":"","Восстанавливает 50% магической энергии.":"","Слиток атаки":"","Повышает атаку на 50%.":"","Слиток защиты":"","Повышает защиту на 50%.":"","Осколок Гистита":"","Гистит - легкий метал, который используется жнецами при создании инструментов, или строительстве зданий.":"","Осколок Пирита":"","Пирит - крепкий метал, который используется жнецами при создании брони, оружия, или более прочных сплавов. ":"","Осколок Гидрита":"","Гидрит - целительный минерал, который используется жнецами в медицине, в основном для создания слитков жизни.":"","Осколок Милита":"","Милит - минерал, излучающий мощные магические волны. Используеться, как катализатор энергии для зданий.":"","Осколок Тиранита":"","Тиранит - самый прочный металл. Используется при создании брони\\оружия для Вероломгеров.":"","Оружие-артефакт":"","Темный клинок, оружие без владельца. Безопаснее держать его в ножнах.":"","Батарея":"","Служит для активации разных механизмов.":"","Повышает атаку и защиту на 50%.":"","Осколок Иерархита":"","Иерархит - плоть Иерархов, полубогов исполняющих волю Творца. Используется для создания брони и оружия.":"","Адреналиновый слиток":"","Восстанавливает 50% TP.":"","Магический барьер":"","Повышает маг. защиту на 40%.":"","Урон - 200 ед. (зависит от маг./физ. защиты цели + маг. атаки игрока). Ослабляет физ. защиту.":"","Оглушающий слиток":"","Урон - 200 ед. (зависит от маг\\физ защиты цели.) Шанс оглушения цели - 100%. Понижает скорость.":"","Урон - 400 ед. (зависит от маг. атаки игрока и маг. защиты цели). Ослабляет маг. защ. на 5 ходов.":"","Сплав гистита":"","Атака + 2, Скорость + 1. (Для оружия.)":"","Сплав пирита":"","Атака + 4, Защита + 2. (Для оружия.)":"","Сплав гидрита":"","Атака + 2, Защита + 2, Регенерация HP + 1% (Для оружия.)":"","Сплав милита":"","Маг. атака + 4, Атаке + 2. (Для оружия.)":"","Сплав тиранита":"","Защите + 2, Атака + 6, Скорость - 1. (Для оружия.)":"","Ключ от ворот":"","Ключ открывающий ворота у входа в лесопилку рядом с озером Лакруса.":"","Горящее масло":"","Смесь для розжига огня.":"","Цельная основа":"","Деталь от панели управления.":"","Багровые трусы":"","Реликвия боевых жнецов, найденная в комнате Лауриты.":"","Кровавый наплечник":"","Наплечник с кровавым отпечатком губ Лауриты.":"","Чертеж батарейки":"","Схема создания батарейки. Рецепт: 4 осколка гистита и 1 осколок гидрита.":"","Окровавленное удостоверение Тини":"","Окровавленное удостоверение личности Тини. Инженерный корпус, ранг - Ривальсер.":"","Инженерная установка":"","Позволяет активировать джамперы.":"","Чертеж боевого бустера":"","Схема создания боевого бустера. Рецепт: 1 слиток атаки, 1 слиток защиты.":"","Рация":"","Инструмент, которий жнецы используют для связи друг с другом.":"","Чертеж сплава гидрита":"","Рецепт: 2 осколка гидрита и 1 осколок милита.":"","Скоростной модуль":"","Скорость + 1. (Для брони.)":"","Силовой модуль":"","Атаки + 3, Маг. атаки + 2. (Для брони.)":"","Защитный модуль":"","Защиты + 3, Маг. защиты + 2. (Для брони.)":"","Интелектуальный модуль":"","Контроля + 5. (Для брони.)":"","Жизненный модуль":"","HP + 50, Регенерация HP + 0.5. (Для брони.)":"","Энергетический модуль":"","MP + 30. (Для брони.)":"","Геном Моркрет":"","Оружие-артефакт, обладает мощью \"режущей тьмы\". Шанс крит. удара - 5%, шанс кровотечения - 10%.":"","Гиститовый меч":"","Стандартное оружие жнеца, меч невероятно легкий. Шанс крит. удара - 5%, шанс кровотечения - 5%.":"","Пиритовый меч":"","Оружие Карателей, Боевых жнецов и, редко, Вероломгеров. Шанс крит. удара - 10%, шанс кровотечения - 5%.":"","Гидритовый меч":"","Излучает целительные волны за счёт манны. Шанс крит. удара - 5%, шанс кровотечения - 5%.":"","Милитовый меч":"","Оружие Карателей, Боевых жнецов и, редко, Вероломгеров. Шанс крит. удара - 5%, шанс кровотечения - 5%.":"","Тиранитовый меч":"","Топор":"","Инструмент для рубки деревьев. Прочность слабая.":"","Факел":"","Освещяет тьму, да и как оружие сгодится. Прочность слабая.":"","Убер Спрингер":"","Оружие-артефакт.":"","Когти Иерарха":"","Гиститовый шлем":"","Снижает урон нанесенный по голове на 5%, снижает шанс получения оглушения на 5%.":"","Гиститовый доспех":"","Снижает урон нанесенный в зону торса на 5%, снижает шанс ослабления защиты на 5%.":"","Гиститовые наручи":"","Снижает урон нанесенный по рукам на 5%, снижает шанс ослабления атаки на 5%.":"","Гиститовые ботинки":"","Снижает урон нанесенный по ногам на 5%, снижает шанс ослабления скорости на 5%.":"","Пиритовый шлем":"","Снижает урон нанесенный по голове на 10%, снижает шанс получения оглушения на 10%.":"","Пиритовый доспех":"","Снижает урон нанесенный в зону торса на 10%, снижает шанс ослабления защиты на 10%.":"","Пиритовые наручи":"","Снижает урон нанесенный по рукам на 10%, снижает шанс ослабления атаки на 10%.":"","Пиритовые ботинки":"","Снижает урон нанесенный по ногам на 10%, снижает шанс ослабления скорости на 10%.":"","Скоростной усилитель":"","Увеличивает показатель ловкости(скорости в бою) на 10 ед.":"","Силовой усилитель":"","Увеличивает показатель атаки на 20 ед.":"","Мышечный усилитель":"","Увеличивает показатель защиты на 15 ед. Увеличивает эффективность блока на 50%.":"","Психический усилитель":"","Увеличивает показатель контроля на 30 ед.":"","Энергетический усилитель":"","Увеличивает показатель маг. атаки на 20 ед.":"","Усилитель магического щита":"","Увеличивает показатель маг. защиты на 30 ед.":"","Усилитель живучести":"","Увеличивает показатель здоровья на 500 ед.":"","Усилитель магии":"","Увеличивает показатель манны на 150 ед.":"","Позволяет ставить ловушки на поле боя. Повышает защиту и контроль. Полезный инструмент в строительстве.":"","Физический усилитель":"","Увеличивает показатель атаки на 15 ед. Увеличивает показатель защиты на 10 ед.":"","Регенерация TP 3%, ускоряет заполнение шкалы TP.":"","Гидритовый шлем":"","Снижает урон нанесенный по голове на 15%, снижает шанс получения оглушения на 15%. Реген. здоровья + 1%.":"","Гидритовый доспех":"","Снижает урон нанесенный в зону торса на 15%, снижает шанс ослабления защиты на 15%. Реген. здоровья + 1%.":"","Гидритовые наручи":"","Снижает урон нанесенный по рукам на 15%, снижает шанс ослабления атаки на 15%. Реген. здоровья + 1%.":"","Гидритовые ботинки":"","Снижает урон нанесенный по ногам на 15%, снижает шанс ослабления скорости на 15%. Реген. здоровья + 1%.":"","Милитовый шлем":"","Снижает урон нанесенный по голове на 20%, снижает шанс получения оглушения на 20%. Маг. отражение + 1%.":"","Милитовый доспех":"","Снижает урон нанесенный в зону торса на 20%, снижает шанс ослабления защиты на 20%. Маг. отражение + 1%.":"","Милитовые наручи":"","Снижает урон нанесенный по рукам на 20%, снижает шанс ослабления атаки на 20%. Маг. отражение + 1%.":"","Милитовые ботинки":"","Снижает урон нанесенный по ногам на 20%, снижает шанс ослабления скорости на 20%. Маг. отражение + 1%.":"","Тиранитовый шлем":"","Снижает урон нанесенный по голове на 30%, снижает шанс получения оглушения на 30%.":"","Тиранитовый доспех":"","Снижает урон нанесенный в зону торса на 30%, снижает шанс ослабления защиты на 30%.":"","Тиранитовые наручи":"","Снижает урон нанесенный по рукам на 30%, снижает шанс ослабления атаки на 30%.":"","Тиранитовые ботинки":"","Снижает урон нанесенный по ногам на 30%, снижает шанс ослабления скорости на 30%.":"","Зверь":"","Мясник":"","Пиритовый палач":"","Лорд":"","Пожиратель трупов":"","Берсерк":"","Ирни Мерсалесс":"","Крайс Шнайден":"","Петр":"","Волк":"","Сидрин Рури":"","Мираж Кошмара":"","Потрошитель":"","Линкер":"","Арахноид":"","Громила":"","Летун":"","Стрелок":"","Серпантир":"","Сколопендра":"","Стая":"","Опустошитель":"","Тренировочный зверь":"","Потрошитель\\Зверь\\Мясник":"","Мясник\\Зверь":"","Мясник\\Зверь\\Палач":"","Зверь*2":"","Фехтовальщик*2":"","Ирни Мерсалес\\Фехт\\Дуэль":"","Командир\\Дуэлянт":"","Командир\\Броненосец":"","Командир\\Фехтовальщик":"","Броненосец\\Фехтовальщик":"","Дуэлянт\\Фехтовальщик":"","Охранник общаги(Броненосец)":"","Сидрин 1":"","Сидрин 2":"","Командир\\Броненосец\\Дуэлянт":"","Потрошитель\\Мясник*2":"","Потрошитель\\Зверь*2":"","Палач\\Потрошитель":"","Потрошитель\\Мясник":"","Палач Коэльтана":"","Громила\\Летун\\Стрелок":"","Лорд(Агрессор)(Для сцены)":"","Дин 1-я стадия":"","Дин 2-я стадия":"","Дин 3-я стадия":"","Лорд(Поддержка)":"","Лорд(Призыватель)":"","Магия":"","Навыки":"","Меч":"","Двуручник":"","Кастет":"","Древкое":"","Легкая броня":"","Средняя броня":"","Тяжелая броня":"","Специальная":"","Доп.слот":"","Тело":"","Наручи":"","Ботинки":"","Усилитель 1-ранга":"","Усилитель 2-ранга":"","Серебро":"","Милит":"","Адамант":"","Огонь":"","Земля":"","Воздух":"","Молния":"","Тьма":"","Физический":"","Гидрит":"","Лёд":"","1 Вступительная кат-сцена":"","2 Каньон Начало":"","3 Каньон":"","4 Босс-файт":"","5 Рука опустошителя":"","6 Рука опустошителя":"","7 Торс":"","8 Нутырь торса":"","9 Последствия боя":"","10 Предыстория 2-й части":"","11 Чистилище(Восток)":"","Чистилище. Восток":"","12 Коридор":"","Коридор":"","11 Лекционный зал Ирея":"","Лекционный зал Ирея":"","13 Лекционный зал Рикарда":"","Лекционный зал Рикарда":"","13+ Пустой зал Рикарда":"","Пустой зал Рикарда":"","11+ Архив":"","Архив":"","11+ Общежитие жнецов":"","Общежитие Ривальсеров":"","11+ Общежитие жнецов(Восток)":"","Общежитие Ривальсеров(Восток)":"","11+ Склад Расходников":"","Кладовщик ресурсов":"","Чистилище(Юго-Восток)":"","Чистилище. Юго-Восток":"","Столовая":"","25 Чистилище(Юг)":"","Чистилище. Юг":"","26 Коридор Штаба Карателей":"","27 Прихожая Штаба Карателей":"","28 Арена":"","29 Кабинет Рикарда":"","30 Оружейная":"","31 Оружейная(внутренная часть)":"","32 Иллюзорный мир":"","33 Иллюзорный мир":"","36 Речь Рика перед резней":"","27+ Комната Ирни":"","Чистилище(Северо-Восток)":"","Чистилище. Северо-Восток":"","Склад со снаряжением":"","Чистилище(Север)":"","Чистилище. Север":"","Арена":"","21 Чистилище(Центр)":"","Чистилище. Центр":"","23 Кабинет Сидрина Рури":"","22 Прихожая Штаба":"","24 Зал собраний":"","22+ Прихожая Штаба":"","22+ Кабинет Зеда":"","22+ Вход в подземный корпус":"","22+ Наблюдательный пост":"","22+ Сектор А":"","22+ Сектор А(ТРЕВОГА)":"","22+ Наблюдательный пост(ТРЕВОГА)":"","34 Чистилище(Юго-Запад)":"","Чистилище. Юго-Запад":"","35 Медицинский корпус":"","34+ Коридор корпуса Боевых жнецов":"","34+ Комната Лауриты":"","34+ Озеро в шкафу":"","34+ Чистилище(Северо-Восток)":"","34+ Чистилище(Восток)":"","34+ Чистилище(Юго-Восток)":"","34+ Чистилище(Юг)":"","34++ Коридор Штаба Карателей":"","34++ Комната Ирни":"","34++ Кабинет Рикарда":"","34+ Чистилище(Север)":"","34+ Чистилище(Северо-Запад)":"","Чистилище. Северо-Запад":"","34+ Чистилище(Запад)":"","34+ Чистилище(Центр)":"","34+ Чистилище(Юго-Запад)":"","ПодВодой?":"","Пустая":"","34.2 Лаборатория Риты":"","15 Серебренная пустыня\\каньон":"","16 Зубчатый каньон":"","17 Северная часть каньона":"","18 Северная часть каньона":"","18+ Северная часть каньона":"","19 Северная часть каньона":"","20 Северная часть каньон":"","37-42 Зубчатый каньон(беседа-бой)":"","38 Бойня_1й этап":"","40 Бойня_2й этап":"","41 Бойня_3й этап":"","43 Зубчатый каньон(падение)":"","44 Зубчатый каньон(рация)":"","44+ Зубчатый каньон(правый срез)":"","44+ Зубчатый каньон(перекресток)":"","45 Зубчатый каньон(арена)":"","46 Зубчатый каньон(босс)":"","_+ Зубчатый каньон(левый срез)":"","_+ Зубчатый каньон(перекресток_2)":"","_+ Зубчатый каньон(безопасная зона)":"","Малая яма":"","_+ Подземная секция(Лут)":"","_+ Подземная секция(Ничего)":"","_+ Подземная секция(Секрет)":"","_+ Подземная секция(Враг)":"","_+ Подземный сектор(База жнецов)":"","_+ Подземный сектор(Опасная комната)":"","_+ Подземный сектор(Сломанный пол)":"","_+ Подземный сектор(Опасный перекресток)":"","_+ Подземный сектор(Ресурсы)":"","_+ Подземный сектор(Опасный коридор)":"","_+ Подземный сектор(Связующий коридор)":"","Мир Мертвых":"","Чистилище(Северо-Запад)":"","_+ Главный перекресток":"","47 Дикий край каньона(безопасная зона)":"","48 Окружные скалы":"","50 Подъем на вершину":"","51 Скала":"","52 Вершина скалы":"","52.2 Вершина скалы":"","53 Спуск вниз":"","54 Арена":"","55 Закоулок арены":"","52.1 Оброна смотр. пункта":"","52.2 Вершина скалы(Разгромлена)":"","49.2 Скалистое отдаление":"","49.3 База инженеров":"","49.1 Бой с палачем":"","Иллюзорный мир":"","_++ Тренировка прыжкам":"","(Подзагрузка 5-й главы)":"","56 Кабинет Сидрина Рури":"","57 Раненный отряд":"","58 Где-то в зубчатом каньоне":"","59 Лабаринт(безопасная зона)":"","_+ Лабаринт(костёр)":"","_+ Лабаринт(перекресток)":"","_+ Лабаринт(переход к пустыне)":"","_+ Лабаринт(пустыня)":"","_+ Лабаринт(разветвление)":"","_+ Лабаринт(Гаргантриды)":"","_+ Лабаринт(вход в пещеру)":"","_+ Лабаринт(гидритовые источники)":"","_+ Лабаринт(левая_пропасть)":"","_+ Лабаринт(правая_пропасть)":"","60 Лабиринт(раненный отряд)":"","_+ Лабиринт(поле брани)":"","60.1 Лабиринт(южное ответвление)":"","60.2 Лабиринт(центральный барьер)":"","_+ Лабиринт(левый край)":"","_+ Лабиринт(Центральная арена)":"","14 Чистилище(Запад)":"","Чистилище. Запад":"","1.1 Штаб Чистилища(Архив Штаба)":"","1.2 Штаб Чистилища(Коридор)":"","1.3 Штаб Чистилища(Зал Смерти)":"","1.4 Штаб Чистилища(Фабрика жнецов)":"","1.5 Чистилище(Коридор)":"","1.6 Чистилище(Ближний бой)":"","1.7 Чистилище(Расходники)":"","1.8 Чистилище(Расходники)":"","1.11 Чистилище(Расходники)":"","1.9 Чистилище(Проверка мышления)":"","1.10 Чистилище(Экзамен)":"","2.1 Комната Риома":"","Получены новые заметки!":"","Автосохранение!":"","Пропасть":"","Южная база жнецов":"","Запечатанная дверь":"","Лабиринт":"","Новая задача получена!":"","Задачи обновлены":"","Задача \"Цена ошибки\" успешно выполнена!":"","Задача \"Пропавший помощник\" успешно выполнена!":"","Задача \"Век живи, век учись, сын!\" успешно выполнена!":"","Одна из целей невыполнима":"","Задача \"Время делу, попойке час!\" выполнена!":"","Задача \"Последний инженер\" успешно выполнена!":"","Глава 3 успешно пройдена!":"","Глава 4 успешно пройдена!":"","Задача \"Последняя надежда\" успешно выполнена!":"","Задача \"Небрежность кладовщика\" успешно выполнена!":"","Набор модулей(рецепт)":"","Найден секрет!":"","Изучен новый навык!":""}