{"Мастер фраза для определения максимальной длины текста":"Що ж! Ця стара клешня мало не скромсала мене за своє золото!","Риом":"","Ирей":"","Коельтан":"","Кенчиру":"","Рита":"","Коельшин":"","Вейлер":"","Зед":"","Тини":"","Каратель":"","Боевой жнец":"","Ривальсер":"","Рикард":"","Сидрин":"","Дин":"","Литгер":"","Дерек":"","Лаурита":"","Каспар":"","Крайс":"","Генри":"","Ирни":"","Все каратели":"","Весь отряд":"","Хифлок":"","Рутгер":"","Смерть":"","Риом и Рита":"","Гасп":"","Дина":"","Ильнара":"","Брикс":"","Жнец":"","Авель":""}