{"Мастер фраза для определения максимальной длины текста":"Що ж! Ця стара клешня мало не скромсала мене за своє золото!","interface_language":"","Авто":"","Закончить":"","Убрать":"","<Ничего>":"","Восстановить":"","Состояние":"","Усиление":"","Использовать":"","Загрузить":"","Сохранить":"","Удалить":"","Выберите слот для файла.":"","Загружает данные из сохраненной игры.":"","Сохраняет текущий прогресс в вашей игре.":"","Удаляет все данные из этого файла сохранения.":"","Это сохранение для другой игры.":"","Пусто":"","Время игры:":"","Всего сохранений:":"","Вы хотите загрузить этот файл сохранения?":"","Вы хотите перезаписать этот файл сохранения?":"","Вы хотите удалить этот файл сохранения?":"","Да":"","Нет":"","Созидатель":"","Создать предмет":"","Создать оружие":"","Создать доспех":"","Готово":"","Собранные рецепты":"","Созданные предметы":"","Изготовленное оружие":"","Изготовленные доспехи":"","Этот предмет еще не синтезирован.":"","Ингредиенты":"","Количество":"","Улучшить":"","Доступные слоты":"","Слот":"","Авторы и благодарность":"","Выход":"","Idea":"","Story":"","Gamedesign":"","Q&A":"","Mapping":"","Art":"","Developing":"","Music":"","Special thanks":"","Plugins":""}