{"Мастер фраза для определения максимальной длины текста":"Що ж! Ця стара клешня мало не скромсала мене за своє золото!","Задачи":"","Доступные":"","Завершенные":"","Проваленные":"","Все задачи":"","Закрыть":"","Прочитать задачу":"","Отмена":"","Сложность":"","От кого":"","Местоположение":"","Описание":"","Цели":"","Награда":"","quests_Цена ошибки":"","quests_Легко":"","quests_Литгер":"","quests_Склад Расходников":"","quests_Литгер по неосторожности продал Дереку взрывной слиток, вместо слитка жизни (они по цвету очень похожи). Из-за чего Литгер теперь должен оплатить ущерб в размере 6-и слитков здоровья.":"","quests_Найти 6 слитков жизни.":"","quests_Отдать слитки Литгеру.":"","quests_-25% стоимости всех рассходников. ":"","quests_Небрежность кладовщика":"","quests_Дерек":"","quests_Склад со снаряжением":"","quests_Дерек, перебирая слитки в своей комнате, случайно задел взрывной слиток и потерял большую часть своего имущества, вместе с лицом.":"","quests_Заставить Литгера компенсировать ущерб Дереку.":"","quests_Поговорить с Дереком.":"","quests_15% скидка на броню и оружие.":"","quests_Век живи, век учись, сын!":"","quests_Просто":"","quests_Сидрин Рури":"","quests_Арена":"","quests_Риом перед лекцией решил посетить арену, где практиковался в фехтовании Сидрин Рури, его отец. Поприветствовав сына, Сидрин предложил ему провести полноценный спарринг. Если Риом согласится, то отец ему в награду выдаст пиритовый меч.":"","quests_Сразиться с Сидрином.":"","quests_Выиграть 1-й раунд.":"","quests_Выиграть 2-й раунд.":"","quests_Пиритовый сплав х2.":"","quests_Пиритовый меч.":"","quests_Пропавший помощник":"","quests_Ирей":"","quests_Лекционный зал Ирея":"","quests_Ирей готов простить Риома за его грубость. Взамен юный жнец должен помочь Вероломгеру с поиском его помощника, Вейлера. Жнец помогал Ирею с презентациями исследований и локациями, а в скором времени он пропал.":"","quests_Найти зацепку в архиве.":"","quests_Проверить личную комнату Вейлера в Восточном районе.":"","quests_Поговорить с Зедом в Центре Чистилища.":"","quests_Спуститься в подземный комплекс.":"","quests_Найти жнеца в подземном комплексе.":"","quests_Покинуть комплекс (жнец должен выжить).":"","quests_Доложить обо всем Ирею.":"","quests_Благодарность Ирея":"","quests_Усиливающие устройство":"","quests_Слиток жизни х2":"","quests_Слиток магии":"","quests_Глава 2":"","quests_Риом":"","quests_Чистилище":"","quests_Проснувшись от сна, Риому Рури предстояло пройти инструктаж в лекционном зале Рикарда. Но до начала инструктажа оставалось много времени, нужно чем-то себя занять.":"","quests_Задание отряда заключалась в проверке одного из районов Зубчатого каньона на наличие базы Восставших. В бой разведке вступать запрещено. Любые найденные данные нужно передать карательному корпусу. Сейчас Риому нужно встретиться со своими товарищами.":"","quests_Придя на место Риом и Кенчиру нашли свой отряд... Кто-то перебил всех жнецов. Стоит осмотреть поле боя, чтобы найти улики или выживших.":"","quests_В ходе поисков Риом нашел уцелевшего жнеца - Риту. От нее он узнает, что отряд Ривальсеров по приказу Рикарда остался устанавливать точку телепорта, а сам командир с группой отправился дальше на разведку. Через некоторое время на группу жнецов с Ритой напали опустошители. Когда Риом подошёл к раненной девушке, на него напали жнецы из карательного корпуса. Нынешний глава Крайс Шнайден, проводит зачистку каньона от опустошителей и по его мнению - Рита убила свой же отряд. Риом с Кенчиру решили доставить выжившую в штаб Вероломгеров... Высшие жнецы сами решат что с ней делать. Нужно только добраться до штаба.":"","quests_Суд признал Риту невиновной и вынес приговор Крайсу. Сейчас владычица Чистилища, Смерть, решит вернёт Рикард свой прежний титул или нет. А пока Риом должен явиться в штаб Карателей и поговорить с Рикардом, когда тот вернётся. ":"","quests_Крайс получил наказание и на его место пришёл Рикард. Он поведал Риому о повышенной активности давнего врага Чистилища - Восставших. Опустошители, творения Влур-Стига, тоже с каждым месяцем становятся сильнее и злее. Чистилище активно готовится к войне. Для Риома Рури командир Рикард подготовил кое-что особенное. Нужно встретиться с Каспаром в коридоре штаба Карателей, он сопроводит Риома в оружейную.":"","quests_Каспар привел Риома в оружейную, где хранятся артефакты. Загадочное и очень мощное оружие. Любой, кто коснется его, будет подвержен испытанию.":"","quests_Риом чудом остался жив... Его доставили каратели в медицинский корпус. Пока Риом был в отключке жнецы обнаружили крупный отряд Восставших на границе между Серебрянной пустыней и Зубчатым каньоном. Боевые жнецы уже вот-вот отправятся на битву. Каратели тоже примут участие. Рикард собирает крупный отряд на брифинг и Риом обязан прийти на него, как можно скорее.":"","quests_Навестить Сидрина Рури в Северном районе Чистилища.":"","quests_Найти кладовщика Дерека в Северо-Восточном районе Чистилища.":"","quests_Найти кладовщика Литгера в Восточном районе Чистилища.":"","quests_Найти Вейлера помощника Ирея.":"","quests_Явиться на инструктаж Рикарда.":"","quests_Активировать телепорт.":"","quests_Догнать разведотряд Рикарда.":"","quests_Найти зацепки.":"","quests_Доставить Риту в штаб Вероломгеров.":"","quests_Прийти в штаб Карателей.":"","quests_Следовать за Каспаром.":"","quests_Встретиться с Ирни Мерсалессом в комнате рядом с кабинетом Рикарда.":"","quests_Отправиться в оружейную с Каспаром.":"","quests_Коснуться меча.":"","quests_Пройти испытание.":"","quests_Встретиться с Рикардом в штабе Карателей.":"","quests_Меч Геном Моркрет":"","quests_Время делу, попойке час!":"","quests_Ирни Мерсалесс":"","quests_Комната Ирни":"","quests_Встреча Риом с отрядом Ирни Мерсалесса обернулась затяжной попойкой. Один из жнецов, леди Роза, смешала жидкий милит с бренди на десяток бутылок. Дорога веселья привела весь отряд в корпус боевых жнецов. Ирни попросил меня добыть одну из реликвий боевых жнецов в комнате Лауриты. На вопрос о конкретике он ответил: ”Нежное, шелковистое, мягкое, таиться в одном из тысячи сундуков, Лаурита носит их только при лунном свете среди звезд, перед тем, как окунуться в бескрайнее море.\"":"","quests_Найти одну из реликвий.":"","quests_Встретиться с Рози в Северо-Восточном районе.":"","quests_Найти Ирни.":"","quests_Доставить Ирни в его комнату.":"","quests_Реликвия":"","quests_Глава 3":"","quests_Зубчатый каньон":"","quests_После сокрушительного поражения, Риому удалось выжить. Но теперь жнец застрял в неизвестном ему участке каньона. Опустошители повсюду и единственный шанс на спасение - телепорт, или дорога, ведущая в более безопасное место.":"","quests_Как оказалось, единственный способ покинуть пропасть каньона - телепорт. Он в рабочем состоянии, но без энергии. Эту проблему можно решить, поменяв батарейку. Риому придется её где-то раздобыть и добраться до телепорта в живом состоянии.":"","quests_Найти способ выбраться из Пропасти.":"","quests_Раздобыть батарейку и активировать телепорт.":"","quests_Последний инженер":"","quests_Жнец-Ривальсер Тини":"","quests_Северный каньон":"","quests_По пути к выходу из северного района Зубчатого каньона Риом встретил причудливого жнеца Тини. Его отряд оборудовал форпосты и пункты добычи недалеко от пещер с ресурсами. Но на группу инженеров напали опустошители и перебили всех, кроме Тини. Жнец пытался выбраться из каньона, но из-за страха перед столь яростным врагом, решил спрятаться и надеяться на чудо. Тини рассказал про телепорт недалеко от его лагеря и то, что устройство может быть обесточено. Восстановить питание возможно с помощью батареи. Дабы помочь Риому, инженер поделился с ним чертежом батареи.":"","quests_По пути к выходу из северного района Зубчатого каньона Риом встретил причудливого жнеца Тини. Его отряд оборудовал форпосты и пункты добычи недалеко от пещер с ресурсами. Но на группу инженеров напали опустошители и перебили всех, кроме Тини. Жнец пытался выбраться из каньона, но из-за страха перед столь яростным врагом, решил спрятаться и надеяться на чудо. Тини рассказал про телепорт недалеко от его лагеря и то, что устройство может быть обесточено. Восстановить питание возможно с помощью батареи. Риом, вместе с Тини, отправляется на поиски батереи.":"","quests_Получить батарею.":"","quests_Найти телепорт.":"","quests_Тини должен выжить.":"","quests_Инженерная установка":"","quests_Последняя надежда":"","quests_Средняя":"","quests_Ильнара":"","quests_Северная область зубчатого каньона":"","quests_Исследуя каньон, Риом обнаружил исследовательский отряд жнецов-инженеров во главе с капитаном Ильнарой. Они искали в подземных секциях очень редкий материал - осколок иерархита. Из этого материала состоят тела Иерархов, полубогов, которые служат Творцу всего живого. Один из таких прислужников сейчас находится в Чистилище - Ирей. Давным-давно он получил серьезные раны и их пришлось залатать дешевым и доступным материалом - пиритом. Тот, кого приравняли к Высшим жнецам, решил восстановить утерянное, руками своих подчиненных...":"","quests_Исследуя каньон, Риом обнаружил исследовательский отряд жнецов-инженеров во главе с капитаном Ильнарой. Один из её подчиненных, Брикс, сильно ранен. Мне придется раздобыть где-то слиток лечения...":"","quests_Риом успешно добрался до своей цели, но связь с Ильнарой прервалась... Ни она, ни кто-либо из её отряда не отвечают Риому. Что-то тут явно не так.":"","quests_Когда Риом вернулся, чтобы узнать, что случилось с отрядом Ильнары - находка была ужасающей. Весь форпост словно ураганом сдуло. Повсюду кровь и тела опустошителей, но ни одного тела жнеца. Судьба отряда Ильнары неизвестна...":"","quests_Добраться до вершины скалы.":"","quests_Принести раненому Брикс слиток лечения.":"","quests_Вернуться на вершину скалы.":"","quests_Глава 4":"","quests_После победы над огромным опустошителем, Риом телепортировался на один из смотрительных пунктов. Он оказался начисто разгромлен. Теперь же жнецу предстоит найти путь, который выведет его из Южного каньона.":"","quests_Северный каньон оказался напрочь забит дикими опустошителями. Вокруг почти нет ни одного уцелевшего жнеца. Они либо тут не задерживаются, либо скрываются в таких местах, где опустошители до них не доберутся. Кроме этого, Риом обнаружил место, где по словам Коельтана, есть хрупкая каменная порода. За ней, как правило, есть проход… но куда он ведет? Чтобы это проверить придется найти способ спуститься вниз. Кроме этого, Коельтан попросил заглянуть к нему в иллюзорный мир, в безопасном месте. Он обучит Риома новому приему.":"","quests_Теперь дорога к одной из баз в Восточном районе открыта. Риом смог одолеть “троицу” диких опустошителей, которые стояли между ним и телепортом. Дикая и неизведанная местность осталась позади. Следующее место более изученное, но не менее опасное.":"","quests_Разведать обстановку.":"","quests_Изучить навык Теневого разреза в брошенном лагере жнецов.":"","quests_Найти способ безопасного спуска.":"","quests_Сложно":"","quests_Дьявольский секрет":"","quests_Рита":"","quests_Лаборатория Риты":"","quests_По словам Риты, Риом ещё не до конца оправился от полученных ранений. Физических ран на теле нет, но нервная система не до конца восстановилась. В мед-корпусе для такой процедуры не хватает оборудования, по этому Рита привела юного жнеца в свою лабораторию.":"","quests_Рита смогла восстановить нервную систему Риома. Как оказалось, повреждение нервов грозило юному жнецу уязвимостью к ментальному контролю. Также Риом узнал, природу целительной магии Риты - демоническая связь с суккубами. В тело девушки вживлена плоть демона - позвоночник. Рита не стала озвучивать всех подробностей, кроме того, что она случайно в мире Живых наткнулась на суккуба и демонесса провела процедуру синтеза плоти. Рита периодически слышит голоса из Преисподней, но они не оказываютна неё никакого воздействия. Рита поведала о своем секрете, но взамен заключила с Риомом сделку - он будет хранить её секрет в тайне и если расскажет кому-то без согласия Риты, то умрет.":"","quests_Закончить лечение Риома.":"","quests_Обратный путь. Последний.":"","quests_Авель":"","quests_Лабиринт (безопасная зона)":"","quests_Последовать за Авелем.":"","quests_Разобрать 50 павших жнецов.":"","quests_Авель должен выжить.":"","quests_Пройти мимо кристала адаманта.":"","quests_Особое усиление на выбор.":"","quests_Глава 5":"","quests_Лабиринт":"","quests_Найти раненый отряд.":"","quests_Собрать 30 слитков.":"","quests_Связаться с медицинским корпусом.":"","quests_Встретить Лауриту.":"","quests_Довести отряд Лауриты до лагеря раненых жнецов.":"","quests_Лаурита не должна погибнуть.":"","quests_Рита не должна погибнуть.":"","quests_Кенчиру не должен погибнуть.":""}