{"Мастер фраза для определения максимальной длины текста":"Well, that old thing almost tore me to pieces for its g","battle_list_Тини погиб.":"Tini died.","battle_list_Риом Рури погиб\\..\\..\\..":"Riom Ruri died\\..\\..\\..","battle_list_Стой! Стой!":"Stop! Stop!","battle_list_Сдаюсь...":"I give up...","battle_list_Неплохо...":"Not bad...","battle_list_Получайте, уроды!   \\| \\^":"Take that, you freaks! \\| \\^","battle_list_Ловите!   \\| \\^":"Catch it! \\| \\^","battle_list_Опустошитель-стрелок бежит с поля боя!":"The Devastator Shooter flees the battlefield!","battle_list_Достаточно...":"Enough..."}