{"Мастер фраза для определения максимальной длины текста":"Well, that old thing almost tore me to pieces for its g","common_ev_Внимание! Активация ключей!":"Attention! Key activation!","common_ev_Двери в красные комнаты разблокированы!":"The doors to the red rooms are unlocked!","common_ev_\\>Ошибка\\.\\.\\.\\^":"\\>Error\\.\\.\\.\\^","common_ev_Красные комнаты\\..\\..\\..":"Red rooms\\..\\..\\..","common_ev_Это не то, что мне нужно.":"This is not what I need.","common_ev_А ну-ка ещё раз!":"Come on again!","common_ev_Ай!":"Ouch!","common_ev_Ах ты зараза!\\! Сейчас я тебя...\\^":"Oh, you're a pest!\\! Now I...\\^","common_ev_Эй!":"Hey!","common_ev_Я помню, как разбирал такую панель на прикладной механике!":"I remember how I disassembled such a panel at the applied\nmechanics!","common_ev_Ну-ка, ну-ка!":"Come on, come on!","common_ev_Риом внимательно осматривает панель.\\.":"Riom carefully examines the panel.\\.","common_ev_Даже я смогу починить её!\\! Всего-навсего нужно найти цельную основу, и заменить её в панели управления.":"Even I can fix it!\\!\nAll I need to do is find a solid foundation,\nand replace it in the control panel.","common_ev_Здесь много ящиков с инструментами.\\! В каком-нибудь должна быть эта деталь.":"There are a lot of toolboxes here.\\!\nSomewhere there must be this detail.","common_ev_Эффекты расходников можно использовать вне боя.":"The effects of consumables can be used outside of combat.","common_ev_В этом ящике ничего нет.":"There's nothing in this box.","common_ev_Здесь нет ничего интересного.":"There's nothing interesting here.","common_ev_В ящике только хлам.":"There's only junk in the box.","common_ev_Рита!!":"Rita!!","common_ev_Нет! Риом! РИОМ!!!":"No! Riom! RIOM!!!","common_ev_Кен! Очнись! КЕНЧИРУ!!":"Ken! Wake up! KENCHIRU!!","common_ev_Штаб Вероломгеров в другой стороне.":"The Werolomgers' headquarters is on the other side.","common_ev_Количество зарядов:":"Number of charges:","common_ev_Лечение":"Treatment","common_ev_Подзарядка":"Recharging","common_ev_(Оставить в покое)":"(Leave alone)","common_ev_Риом активирует Инженерную установку.":"Riom activates the Engineering Installation.","common_ev_Количество зарядов выше нормы. Медиинский механизм перегружен. Попытка лечения преведет к детонации устройства.":"The number of charges is higher than normal. \nThe Medina mechanism is overloaded. Attempting \ntreatment will cause the device to detonate.","common_ev_Сбросить показатель энергии до стандартного значения?":"Reset the energy indicator to the standard value?","common_ev_Да":"Yes","common_ev_Нет":"No","common_ev_Отряд серьезно ранен!":"The squad is seriously injured!","common_ev_Здоровье отряда восстановлено!":"The squad's health has been restored!","common_ev_Заряд лечения закончился! Требуется подзарядка!":"The healing charge has ended!\nNeeds recharging!","common_ev_Отряд полностью здоров.":"The squad is completely healthy.","common_ev_Заряд энергии восстановлен! Потерян Осколок Гидрита!":"The energy charge has been restored!\nLost Hydrite Shard!","common_ev_Осколок Гидрита отсутствует!":"The Hydrite Shard is missing!","common_ev_Количество зарядов лечения:":"Number of healing charges:","common_ev_Вы уверены, что хотите потратить осколок гидрита на зарядку?":"Are you sure you want to spend a hydrite shard to charge?","common_ev_Стой! \\!Вы оба, следуйте за мной в кабинет командира Рикарда!":"Stop! \\!Both of you, follow me to commander Ricard's\noffice!","common_ev_Вы двое, притормозите! \\!За нарушение порядка Чистилища, Ирни должен пройти со мной к Лаурите, а ты Риом\\..\\..\\.. за компанию.":"You two, slow down!\\!For disturbing the peace\nPurgatory, Irni must go with me to Laurita,\nand you Riom\\..\\..\\.. for company.","common_ev_Перейти в выбранную локацию?":"Go to the selected location?","common_ev_Слишком темно\\..\\..\\..":"Too dark\\..\\..\\..","common_ev_Ммм\\..\\..\\..":"Mmm\\..\\..\\..","common_ev_Это не проблема.":"It's not a problem.","common_ev_Риом напрягся.":"Riom tensed.","common_ev_Так лучше?":"That's better?","common_ev_Фух\\..\\..\\.. Специфичный вид.":"Phew\\..\\..\\.. Specific look.","common_ev_Ну, привыкай.":"Well, get used to it.","common_ev_С-сейчас.":"S-now.","common_ev_Да, так лучше.\\! Спасибо, Тини.":"Yes, that's better.\\! Thank you, Tini.","common_ev_Здесь ничего нет...":"There's nothing here...","common_ev_Пусто...":"Empty...","common_ev_Хватит с меня походов в гости.":"I've had enough of visiting.","common_ev_Отправиться в мир Коельтана?":"Go to the world of Koeltan?","common_ev_(Хм, с кем же связаться?)":"(Hmm, who should I contact?)","common_ev_Сидрин Рури":"Sidrin Ruri","common_ev_Ирей":"Irey","common_ev_Рикард":"Ricard","common_ev_Не связываться":"Don't contact","common_ev_Ещё не время.":"It's not time yet.","common_ev_Я должен позвонить отцу когда буду в Южном каньоне на базе Разведывательного корпуса Ривальсеров.":"I should call my dad when I'm in the South Canyon on\nbase of the Rivalser Intelligence Corps.","common_ev_Отец?\\. Пап, ты меня слышишь?":"Father?\\. Dad, can you hear me?","common_ev_РИОМ?!\\. Слава Богу, ты жив\\..\\..\\.. Как у тебя обстановка? Сильно ранен?":"RIOM?!\\.\nThank God you are alive\\..\\..\\..\nHow is your situation? Badly injured?","common_ev_Со мной всё в порядке.\\. Я цел настолько, насколько это возможно.":"Everything is fine with me.\\.\nI'm as safe as can be.","common_ev_А вот обстановка.\\..\\.. не очень. Вокруг полно опустошителей. Повсюду тела жнецов, и я точно не знаю куда мне идти.":"But the situation.\\..\\.. is not very good. There are \na lot of devastators around. There are reaper bodies \neverywhere, and I don't know exactly where to go.","common_ev_О нет\\..\\..\\.. Ты находишься в Северном районе Зубчатого каньона.\\. По данным разведки - это опасное место. Хуже только Южный район или Тёмный лес.":"Oh no\\..\\..\\.. You are in the North Region of \nJagged Canyon.\\. According to intelligence, this is \na dangerous place. The only thing worse is the Southern \nregion or the Dark Forest.","common_ev_Так, сын, слушай внимательно! Армия Восставших находится в сотнях километров от тебя. Это и плохо, и хорошо.":"So, son, listen carefully!\nThe Risen army is hundreds of kilometers away from you.\nThis is both bad and good.","common_ev_С одной стороны, ты рискуешь провалить поставленное перед твоим отрядом задание\\..\\..\\..":"On the one hand, you risk failing\nYour squad has a task\\..\\..\\..","common_ev_С другой, у тебя есть возможность собрать разбросанные силы жнецов.":"On the other hand, you have the opportunity to collect \nscattered the powers of the reapers.","common_ev_В смысле, собрать силы?!\\. Ты хочешь, чтобы я возглавил армию из пары сотен жнецов?":"What do you mean, gather strength?!\\.\nDo you want me to lead an army of a couple hundred reapers?","common_ev_Нет! Нет!\\. Я не это имел ввиду.":"No no!\\.\nThat's not what I meant.","common_ev_Помоги им с чем нужно и объясни ситуацию, если они не понимают, что происходит.":"Help them with whatever they need and explain the \nsituation if they don't understand what's going on.","common_ev_Походу дела, продвигайся в сторону Южного каньона к базе моих воинов - Разведывательного корпуса Ривальсеров. Это место - точка сбора оставшихся войск Чистилища. Когда прибудешь - сможешь нанести удар по Восставшим.":"As things go, move towards the South Canyon to the base\nmy warriors - the Rivalser Survey Corps.\nThis place is the rallying point for the remaining troops of Purgatory.\nWhen you arrive, you will be able to strike at the Risen.","common_ev_Спасибо, отец! Как буду на месте - сообщу.":"Thank you, father!\nI'll let you know when I'm there.","common_ev_Конечно, Риом. Жду твоего следующего звонка.":"Of course, Riom. I'm waiting for your next call.","common_ev_Не стоит отвлекать вероломгера без причины.":"Do not distract the Werolomgers person without reason.","common_ev_Вероломгер Ирей, это Риом Рури!":"Treacherer Irey, this is Riom Ruri!","common_ev_Нашёл что-то крайне необычное?":"Found something extremely unusual?","common_ev_Нет, ничего такого\\..\\..\\..":"No, nothing like that\\..\\..\\..","common_ev_Звони мне только если увидишь что-то необычное, что не видел ни разу.":"Only call me if you see anything unusual,\nthat I have never seen before.","common_ev_О!\\. Давно тебя не было слышно. Знаю, поход потерпел крах\\..\\..\\.. Сожалею, насчёт твоего отряда\\..\\..\\.. Почти весь батальон разгромлен\\..\\..\\..":"Oh!\\. I haven’t heard from you for a long time. \nI know, the campaign failed\\..\\..\\.. I'm sorry about your \nsquad\\..\\..\\.. Almost the entire battalion destroyed\\..\\..\\..","common_ev_Почти?":"Almost?","common_ev_Ага.\\. Дюжина раненых и полсотни уцелевших. Мне неизвестно куда они направились. Но, если встретишь их, помоги добраться до ближайшего форпоста.":"Yeah.\\. A dozen wounded and fifty survivors.\r\nI don't know where they went. But if you meet\r\nthem, help them get to the nearest outpost.","common_ev_Не позволь им разбить лагерь где-то под камнями в Зубчатом каньоне. На запах крови быстро сбегутся опустошители.":"Don't let them set up camp somewhere under the rocks in\r\nJagged Canyon. They'll quickly run to the smell of blood\r\ndevastators.","common_ev_Посмотрю по обстановке\\..\\..\\..":"I'll look at the situation\\..\\..\\..","common_ev_Буду признателен, если сделаешь, как я сказал.":"I would appreciate it if you do as I say.","common_ev_Сидрин рассказал о базе разведчиков в Южном районе?":"Sidrin told about the intelligence base in the Southern region?","common_ev_Да, отец говорил, что на Юге есть точка сбора всех жнецов. Оттуда я смогу нанести удар по Восставшим\\..\\..\\.. И убить их.":"Yes, father said that in the South there is a meeting point for all the reapers.\r\nFrom there I can strike at the Risen\\..\\..\\..\r\nAnd kill them.","common_ev_Нет, я без понятия, что это за база.":"No, I have no idea what kind of base this is.","common_ev_Точка сбора жнецов в Южном районе Зубчатого каньона. Сейчас там находится разведчики Сидрина.":"Reapers' rally point in the southern region of Jagged Canyon.\nSidrin's scouts are there now.","common_ev_Хорошо. Если не уверен, что тебе нужно делать - посоветуйся с Сидрином.\\. А я помогу с проблемами магического характера.":"Okay. If you're not sure what you should do -\nconsult Sidrin.\\.\nAnd I will help with problems of a magical nature.","common_ev_Какими именно?":"Which ones exactly?","common_ev_Если увидишь что-то крайне необычное, что не видел ни разу\\..\\..\\.. или явления, которые ты сам не можешь понять.\\. Не медли - сразу дай мне знать.":"If you see something extremely unusual that you have never seen before\nonce\\..\\..\\.. or phenomena that you yourself cannot understand.\\.\nDon't hesitate - let me know right away.","common_ev_Благодарю за заботу, Ирей!":"Thank you for your concern, Irey!","common_ev_Сейчас нет причин звонить командуру.":"There's no reason to call the commander now.","common_ev_Командир Рикард, это Риом Рури!":"Commander Ricard, this is Riom Ruri!","common_ev_О! Ты ещё жив?\\. Неплохо для начала.":"Oh! Are you still alive?\\.\nNot a bad start.","common_ev_Что тебе нужно?":"What do you need?","common_ev_Помощь! Я застрял в Северном каньоне\\..\\..\\.. мой отряд разбили\\..\\..\\..":"Help! I'm stuck in the North Canyon\\..\\..\\.. my\nthe detachment was defeated\\..\\..\\..","common_ev_Это твои проблемы.":"It's your problem.","common_ev_Я дал тебе одно из самых смертоносных орудий - Геном Моркрет. С тобой были далеко не слабые бойцы.\\. Остальное меня не волнует.":"I gave you one of the deadliest weapons - the Genome\nMorkret. You were far from weak fighters.\\.\nI don't care about the rest.","common_ev_К твоему счастью, настроение у меня хорошее.":"Luckily for you, I'm in a good mood.","common_ev_Опустошители наконец-то сделали величайшую глупость - объединились с Восставшими, а значит\\..\\..\\.. Мы можем законно их истребить!":"The devastators have finally done their greatest stupidity -\nunited with the Risen, which means\\..\\..\\..\nWe can legally exterminate them!","common_ev_Ха-ха-ха!\\.\\. Эти твари давно напрашивались.":"Ha ha ha!\\.\\. These creatures have been asking for a long time.","common_ev_(Как тебя самого за такие мысли не казнили?)":"(How were you not executed for such thoughts?)","common_ev_Командир, из-за этого союза мы несём такие потери, каких не было в Первую войну Адаманта.":"Commander, because of this alliance we are suffering such losses,\nwhich did not exist in the First Adamant War.","common_ev_Я постараюсь найти иной способ решения проблемы с Опустошителями. А вот с Восставшими мне в одиночку не справиться.":"I will try to find another way to solve the problem with\ndevastators. But with the Risen I am alone\ncan't cope.","common_ev_Дерзай!\\. Весь карательный корпус выдвигается в сторону Южного района Зубчатого каньона. Двигайся туда, и может даже с кем пересечёшься.":"Go for it!\\. The entire punitive corps moves to the side\nSouth area of Jagged Canyon. Move there and maybe\neven who you cross paths with.","common_ev_Если рядом с тобой будут каратели, я сообщу.":"If there are punitive forces near you, I will inform you.","common_ev_До связи и\\..\\..\\.. постарайся не сдохнуть.":"Until we get in touch and\\..\\..\\.. try not to die.","common_ev_Недавно ты говорил, что расскажешь о том, зачем напал на меня.":"You recently said that you would tell me\nwhy you attacked me.","common_ev_Ммм\\..\\..\\.. насчет этого\\..\\..\\.. Хотел узнать кто ты. Увидеть, что из себя представляешь.":"Mmm\\..\\..\\.. about that\\..\\..\\.. I wanted to know who you are.\nSee what you are like.","common_ev_Ради этого?! Мог бы, просто устроить мирные посиделки за костром! \\.\\.Как сейчас! \\!Обязательно меня до полусмерти избивать?":"For this?! You could just arrange peaceful\ngatherings around the fire! \\.\\.Like now! \\!\nDo you have to beat me half to death?","common_ev_Почему бы и нет? Для тебя это не впервые.":"Why not? This is not the first time for you.","common_ev_Странное у тебя приветствие. Сначала избил, а после как ни в чем не бывало пригласил на чай.":"Your greeting is strange.\nFirst you beat me up, and then, as if nothing \nhad happened, you invited me for tea.","common_ev_Забей.":"Do not mind it.","common_ev_Обычное мужское приветствие, в мое время все так делали.":"The usual male greeting, in my time\neveryone did it.","common_ev_Да и я узнал о тебе достаточно.":"Yes, and I learned enough about you.","common_ev_Лучший способ узнать человека - окунуть его в бездну отчаяния и посмотреть, как он выберется.":"The best way to get to know a person is to plunge\nthem into the abyss of despair and see\nhow they get out.","common_ev_Что сделает ради выживания.":"What they will do to survive.","common_ev_Твой выпад с голыми кулаками\\..\\..\\.. Он\\..\\..\\.. Ха-ха-ха! \\.Он мне понравился! \\.Давно я не видел такую волю к жизни.":"Your bare-fisted attack\\..\\..\\.. It\\..\\..\\..\nHa ha ha! \\.I liked it! \\.\nI haven't seen such a will to live for a long time.","common_ev_Ты достоин владеть мечом. \\!Осталось только навыки поднатаскать.":"You are worthy to wield thr sword.\\!\nAll that remains is to improve your skills.","common_ev_С-спасибо\\..\\..\\.. Но все же\\..\\..\\.. Неужели всё настолько просто?":"Th-thank you\\..\\..\\.. But still\\..\\..\\..\nIs it really that simple?","common_ev_Почему никто из карателей не смог пройти это испытание?":"Why none of the punishers could pass\nthis challenge?","common_ev_Действительно\\..\\..\\.. Почему?":"Really\\..\\..\\.. Why?","common_ev_Предыдущие жнецы так поддавались отчаянию, что переставали как-либо сопротивляться. \\!При том, что все руки, ноги на месте, сердце еще бьется\\..\\..\\..":"Previous reapers gave in to despair so much,\nthat they stopped resisting in any way. \\!\nDespite the fact that all the arms and legs are in place,\nthe heart is still beating\\..\\..\\..","common_ev_Кто-то всерьез пытался от меня сбежать,  кто-то стоял столбом, падал на колени. \\!Были и такие, кто начинал со слезами на глазах молить о пощаде\\..\\..\\..":"Someone was seriously trying to escape from me,\nsomeone stood like a pillar and fell to their knees. \\!\nThere were those who started with tears\neyes beg for mercy\\..\\..\\..","common_ev_Чем больше Рикард отправлял испытуемых, тем меньше я видел достойных.":"The more Ricard sent test subjects,\nthe less worthy I saw.","common_ev_По итогу все дошло до ультиматума - \\.либо он лично найдет мне достойного жнеца\\..\\..\\.. либо о силе Генома Моркрета можно будет забыть.":"As a result, everything came to an ultimatum - either he\nwill personally find me a worthy reaper\\..\\..\\..\nor we can forget about the power of Genom Morkret.","common_ev_И что во мне такого особенного?":"And what is so special about me?","common_ev_Твоя душа.":"Your soul.","common_ev_Забыл? Да?":"Forgot? Yes?","common_ev_Нет\\..\\..\\.. Я помню. Мое тело создано из мертвой плоти, как и у всех жнецов. \\. Но душа - полностью человеческая. \\!Что в этом такого?..":"No\\..\\..\\.. I remember. My body was created from dead\nflesh, like all reapers. \\.\nBut the soul is completely human. \\!\nWhat's wrong with that?..","common_ev_Серьезно? Черт\\..\\..\\.. хорошо же тебя выдрессировали\\..\\..\\..":"Seriously? Damn\\..\\..\\.. you are well\ntrained\\..\\..\\..","common_ev_У тебя больше свободы, чем у любого высшего жнеца! Похоже\\..\\..\\.. это чего они боятся больше всего\\..\\..\\..":"You have more freedom than any higher\nreaper!\nIt seems\\..\\..\\.. this is what they fear most\\..\\..\\..","common_ev_К чему ты клонишь?":"What do you mean?","common_ev_Неважно\\..\\..\\..":"Doesn't matter\\..\\..\\..","common_ev_Что-то мы засиделись\\..\\..\\.. Если ко мне дел нет, то тебе пора на выход.":"For some reason we stayed too long\\..\\..\\..\nIf you have no business with me, then it’s time for you to leave.","common_ev_Поговорим в другой раз.":"We'll speak another time.","common_ev_Слишком высоко\\..\\..\\..":"Too high\\..\\..\\..","common_ev_Кхм.":"Hmm.","common_ev_(Сдержанный смех) Ха-ха-ха\\..\\..\\..":"(Restrained laughter) Ha ha ha\\..\\..\\..","common_ev_Риом, что ты делаешь?":"Riom, what are you doing?","common_ev_(Шепотом)Пытаюсь попасть на верх.":"(Whispers) I'm trying to get to the top.","common_ev_Не-не-не. Не позорься. Если тебе нужно попасть на возвышенность\\..\\..\\.. без сторонней помощи, приходи ко мне, в любом безопасном месте.":"No, no, no. Don't embarrass yourself. If you need to get\nto a hill\\..\\..\\.. without outside help,\ncome to me, in any safe place.","common_ev_Подумаю\\..\\..\\..":"I'll think\\..\\..\\..","common_ev_Черт\\..\\..\\..":"Crap\\..\\..\\..","common_ev_Найден ящик с припасами.":"A supply box was found.","common_ev_Молодец.":"Well done.","common_ev_Теперь стань по центру и замахнись так, чтобы меч был прямо над головой.":"Now stand in the center and swing in such a way\nthat the sword is right above your head.","common_ev_Риом взял меч в обе руки и замахнулся.":"Riom took the sword in both hands and swung it.","common_ev_Жнец ощутил прилив темной энергии.":"The Reaper felt a rush of dark energy.","common_ev_А теперь. Бей!":"And now. Hit!","common_ev_Теперь экипируй Геном Моркрет.":"Now equip the Morkret Genome.","common_ev_О! Чую\\..\\..\\..":"Oh! I smell\\..\\..\\..","common_ev_Целительная.\\. Чистая энергия.\\. Где-то под нами.":"Healing.\\. Clean energy.\\. Somewhere below us.","common_ev_Прекрасно. \\!Теперь бы пещеру найти.":"Wonderful. \\!Now I wish I could find a cave.","common_ev_Необязательно искать. \\.Ты можешь сам её сделать.":"No need to search. \\.You can do it yourself.","common_ev_И как ты себе это представляешь? \\|Предлагаешь мечом землю ковырять?":"And how do you imagine this?\\|\nDo you propose to pick up the ground with a sword?","common_ev_Хах! Я бы на это посмотрел. \\.Есть вариант получше.":"Hah! I would look at that. \\.There is a better option.","common_ev_Вооружись моим мечом и подойди во-о-он к той трещине.":"Arm yourself with my sword and go to that crack.","common_ev_Ваша задача - отбить атаку опустошителей и сохранить прочность барьера минимум на 5%.":"Your task is to repel the attack of the devastators and save\nbarrier strength by at least 5%.","common_ev_В вашем распоряжении будут два вида боевых расходников.":"You will have two types of combat consumables at your disposal.","common_ev_Взрывной слиток. Он наносит урон в 1 ед. и быстро восстанавливается. Максимальное количество - 10 штук.":"Explosive Ingot. It deals 1 damage and it's \nrecovered quickly. Maximum quantity - 10 pieces","common_ev_Магический слиток. Он наносит урон в 2 ед., но восстанавливается медленно. Максимальное количество - 4 штуки.":"Magic ingot. It deals 2 damage, but it's\nrecovered slowly. Maximum quantity - 4 pieces.","common_ev_Для броска взрывного слитка нажмите одну из клавиш - \\C[3]'Z', 'Space' \\C[0]или \\C[3]'Enter'.":"To throw an explosive ingot, press one of the keys -\n\\C[3]'Z', 'Space' \\C[0]or \\C[3]'Enter'.","common_ev_Для броска магического слитка нажмите одну из клавиш - \\C[2]'X', 'Num 0', \\C[0]или \\C[2]'Esc'.":"To throw a magic ingot, press one of the keys -\n\\C[2]'X', 'Num 0', \\C[0]or \\C[2]'Esc'.","common_ev_Стой!!!":"Stop!!!","common_ev_Почему бы нам не попробовать обойти стороной.":"Why don't we try to get around it?","common_ev_Не видишь, тут километровая пропасть?!":"Don’t you see, there’s a kilometer-long gap here?!","common_ev_Ой!\\. По форме очень похожа на\\..\\..\\.. ногу?!":"Oh!\\.\nThe shape is very similar to a\\..\\..\\.. leg?!","common_ev_Это Колосс.\\. Гигантский опустошитель, который иногда бродит по серебрянной пустыне. ":"This is the Colossus.\\.\nA giant devastator that sometimes roams the silver\ndesert. ","common_ev_Боюсь, в обход у нас не получится обойти арахноидов.":"I'm afraid we won't be able to bypass the arachnoids.","common_ev_Без слитка атаки этот камень мне не сдвинуть.":"Without an attack ingot, this stone is not for me\nmove.","common_ev_Телепортироваться в выбранную область?":"Teleport to the selected area?"}