{"Мастер фраза для определения максимальной длины текста":"Well, that old thing almost tore me to pieces for its g","dialogs_chapter_4_Глава 4":"\n                                                                  Chapter 4","dialogs_chapter_4_Черт\\..\\..\\..":"Crap\\..\\..\\..","dialogs_chapter_4_Не повезло им. \\!Опустошители в пух и прах разгромили их баррикады.":"Bad luck for them.\\!\nThe Devastators smashed their barricades to smithereens.","dialogs_chapter_4_И на этот раз\\..\\..\\.. Враги покрупнее.":"And this time\\..\\..\\.. The enemies are larger.","dialogs_chapter_4_Пожалуй\\..\\..\\..":"Perhaps\\..\\..\\..","dialogs_chapter_4_Советую подготовиться к встречи с ними.":"I advise you to prepare for a meeting with them.","dialogs_chapter_4_Смотри.":"Look.","dialogs_chapter_4_Верстак целый, а обменник энергии\\..\\..\\.. придется чинить.":"The workbench is intact, but the energy exchanger\\..\\..\\..\nneeds to be repaired.","dialogs_chapter_4_Напоследок, можешь заглянуть ко мне в гости, или связаться со своим штабом.":"Lastly, you can come and visit me,\nor contact your headquarters.","dialogs_chapter_4_Тут сам решай.":"Decide for yourself here.","dialogs_chapter_4_(Хм, с кем же связаться?)":"(Hmm, who should I contact?)","dialogs_chapter_4_Сидрин Рури":"Sidrin Ruri","dialogs_chapter_4_Ирей":"Irey","dialogs_chapter_4_Рикард":"Ricard","dialogs_chapter_4_(Уйти)":"(Leave)","dialogs_chapter_4_Ещё не время.":"It's not time yet.","dialogs_chapter_4_Я должен позвонить отцу когда буду в Южном каньоне на базе Разведывательного корпуса Ривальсеров.":"I should call my dad when I'm in the South Canyon\nat the Rivalser Intelligence Corps base.","dialogs_chapter_4_Отец?\\. Пап, ты меня слышишь?":"Father?\\. Dad, can you hear me?","dialogs_chapter_4_РИОМ?!\\. Слава Богу, ты жив\\..\\..\\.. Как у тебя обстановка? Сильно ранен?":"RIOM?!\\.\nThank God you are alive\\..\\..\\..\nHow is your situation? Badly injured?","dialogs_chapter_4_Со мной всё в порядке.\\. Я цел настолько, насколько это возможно.":"Everything is fine with me.\\.\nI'm as safe as can be.","dialogs_chapter_4_А вот обстановка.\\..\\.. не очень. Вокруг полно опустошителей. Повсюду тела жнецов, и я точно не знаю куда мне идти.":"But the situation.\\..\\.. is not very good.\nThere are a lot of devastators around.\nThere are reaper bodies everywhere, and I don't \nknow exactly where to go.","dialogs_chapter_4_О нет\\..\\..\\.. Ты находишься в Северном районе Зубчатого каньона.\\. По данным разведки - это опасное место. Хуже только Южный район или Тёмный лес.":"Oh no\\..\\..\\..\nYou are in the North Region of Jagged Canyon. \\.According\nto intelligence, this is a dangerous place. The only \nthing worse is the Southern region or the Dark Forest.","dialogs_chapter_4_Так, сын, слушай внимательно! Армия Восставших находится в сотнях километров от тебя. Это и плохо, и хорошо.":"So, son, listen carefully!\nThe Risen army is hundreds of kilometers away from \nyou. This is both bad and good.","dialogs_chapter_4_С одной стороны, ты рискуешь провалить поставленное перед твоим отрядом задание\\..\\..\\..":"On the one hand, you risk failing\nthe task assigned to your squad\\..\\..\\..","dialogs_chapter_4_С другой, у тебя есть возможность собрать разбросанные силы жнецов.":"On the other hand, you have the opportunity to gather\nthe scattered forces of the reapers.","dialogs_chapter_4_В смысле, собрать силы?!\\. Ты хочешь, чтобы я возглавил армию из пары сотен жнецов?":"What do you mean, gather forces?!\\. Do you want \nme to lead an army of a couple hundred reapers?","dialogs_chapter_4_Нет! Нет\\..\\..\\.. Я не это имел ввиду.":"No no\\..\\..\\..\nThat's not what I meant.","dialogs_chapter_4_Помоги им с чем нужно и объясни ситуацию, если они сами не знают что происходит.":"Help them with whatever they need and explain \nthe situation if they themselves don’t know what’s \ngoing on.","dialogs_chapter_4_Походу дела, продвигайся в сторону Южного каньона к базе моих воинов - Разведывательного корпуса Ривальсеров. Это место - точка сбора оставшихся войск Чистилища. Когда прибудешь - сможешь нанести удар по Восставшим.":"As things go, move towards the South Canyon to the base\nof my warriors - the Rivalser Intelligence Corps. This place is \nthe rallying point for the remaining troops of Purgatory.\nWhen you arrive, you will be able to strike at the Risen.","dialogs_chapter_4_Спасибо, отец! Как буду на месте - сообщу.":"Thank you, father!\nI'll let you know when I'm there.","dialogs_chapter_4_Конечно, Риом. Жду твоего следующего звонка.":"Of course, Riom. I'm waiting for your next call.","dialogs_chapter_4_Не стоит отвлекать вероломгера без причины.":"Do not distract the Werolomgers person without reason.","dialogs_chapter_4_Вероломгер Ирей, это Риом Рури!":"Treacherer Irey, this is Riom Ruri!","dialogs_chapter_4_Нашёл что-то крайне необычное?":"Found something extremely unusual?","dialogs_chapter_4_Нет, ничего такого\\..\\..\\..":"No, nothing like that\\..\\..\\..","dialogs_chapter_4_Звони мне только если увидишь что-то необычное, что не видел ни разу.":"Only call me if you see anything unusual,\nthat I have never seen before.","dialogs_chapter_4_О!\\. Давно тебя не было слышно. Знаю, поход потерпел крах\\..\\..\\.. Сожалею, насчёт твоего отряда\\..\\..\\.. Почти весь батальон разгромлен\\..\\..\\..":"Oh!\\. I haven’t heard from you for a long time. I know, the \ncampaign failed\\..\\..\\.. I'm sorry about your squad\\..\\..\\.. \nAlmost the entire battalion destroyed\\..\\..\\..","dialogs_chapter_4_Почти?":"Almost?","dialogs_chapter_4_Ага.\\. Дюжина раненых и полсотни уцелевших. Мне неизвестно куда они направились. Но, если встретишь их, помоги добраться до ближайшего форпоста.":"Yeah.\\. A dozen wounded and fifty survivors.\nI don't know where they went. But if you meet\nthem, help them get to the nearest outpost.","dialogs_chapter_4_Не позволь им разбить лагерь где-то под камнями в Зубчатом каньоне. На запах крови быстро сбегутся опустошители.":"Don't let them set up camp somewhere under the \nrocks in Jagged Canyon. \nThey'll quickly run to the smell of blood devastators.","dialogs_chapter_4_Посмотрю по обстановке\\..\\..\\..":"I'll look at the situation\\..\\..\\..","dialogs_chapter_4_Буду признателен, если сделаешь, как я сказал.":"I would appreciate it if you do as I say.","dialogs_chapter_4_Сидрин рассказал о базе разведчиков в Южном районе?":"Sidrin told about the intelligence base in the Southern \nregion?","dialogs_chapter_4_Да":"Yes","dialogs_chapter_4_Нет":"No","dialogs_chapter_4_Да, отец говорил, что на Юге есть точка сбора всех жнецов. Оттуда я смогу нанести удар по Восставшим\\..\\..\\.. И убить их.":"Yes, father said that in the South there is a meeting \npoint for all the reapers. \nFrom there I can strike at the Risen\\..\\..\\.. And kill them.","dialogs_chapter_4_Нет, я без понятия, что это за база.":"No, I have no idea what kind of base this is.","dialogs_chapter_4_Точка сбора жнецов в Южном районе Зубчатого каньона. Сейчас там находится разведчики Сидрина.":"Reapers' rally point in the southern region of Jagged \nCanyon. Sidrin's scouts are there now.","dialogs_chapter_4_Хорошо. Если не уверен, что тебе нужно делать - посоветуйся с Сидрином.\\. А я помогу с проблемами магического характера.":"Okay. If you're not sure what you should do -\nconsult Sidrin.\\.\nAnd I will help with problems of a magical nature.","dialogs_chapter_4_Какими именно?":"Which ones exactly?","dialogs_chapter_4_Если увидишь что-то крайне необычное, что не видел ни разу\\..\\..\\.. или явления, которые ты сам не можешь понять.\\. Не медли - сразу дай мне знать.":"If you see something extremely unusual that you \nhave never seen before once\\..\\..\\.. or phenomena \nthat you yourself cannot understand.\\.\nDon't hesitate - let me know right away.","dialogs_chapter_4_Благодарю за заботу, Ирей!":"Thank you for your concern, Irey!","dialogs_chapter_4_Сейчас нет причин звонить командуру.":"There's no reason to call the commander now.","dialogs_chapter_4_Командир Рикард, это Риом Рури!":"Commander Ricard, this is Riom Ruri!","dialogs_chapter_4_О! Ты ещё жив?\\. Неплохо для начала.":"Oh! Are you still alive?\\.\nNot a bad start.","dialogs_chapter_4_Что тебе нужно?":"What do you need?","dialogs_chapter_4_Помощь! Я застрял в Северном каньоне\\..\\..\\.. мой отряд разбили\\..\\..\\..":"Help! I'm stuck in the North Canyon\\..\\..\\.. my\nthe detachment was defeated\\..\\..\\..","dialogs_chapter_4_Это твои проблемы.":"It's your problem.","dialogs_chapter_4_Я дал тебе одно из самых смертоносных орудий - Геном Моркрет. С тобой были далеко не слабые бойцы.\\. Остальное меня не волнует.":"I gave you one of the deadliest weapons - the Genome\nMorkret. You were far from weak fighters.\\.\nI don't care about the rest.","dialogs_chapter_4_К твоему счастью, настроение у меня хорошее\\..\\..\\..":"Luckily for you, I'm in a good mood\\..\\..\\..","dialogs_chapter_4_Опустошители наконец-то сделали величайшую глупость - объединились с Восставшими, а значит\\..\\..\\.. Мы можем законно их истребить.":"The devastators have finally done their greatest \nstupidity - united with the Risen, which means\\..\\..\\..\nWe can legally exterminate them.","dialogs_chapter_4_Эти твари давно напрашивались.":"These creatures have been asking for a long time.","dialogs_chapter_4_(Как тебя самого за такие мысли не казнили?)":"(How were you not executed for such thoughts?)","dialogs_chapter_4_Командир, из-за этого союза мы несём такие потери, каких не было в Первую войну Адаманта.":"Commander, because of this alliance we are suffering \nsuch losses, which did not exist in the First Adamant War.","dialogs_chapter_4_Я постараюсь найти иной способ решения проблемы с Опустошителями. А вот с Восставшими мне в одиночку не справиться.":"I will try to find another way to solve the problem with\ndevastators. But I can't handle the Risen alone.","dialogs_chapter_4_Дерзай!\\. Весь карательный корпус выдвигается в сторону Южного района Зубчатого каньона. Двигайся туда, и может даже с кем пересечёшься.":"Go for it!\\. The entire punitive corps moves towards\nthe Southern region of Jagged Canyon. Move there, \nand you might even cross paths with someone.","dialogs_chapter_4_Если рядом с тобой будут каратели, я сообщу.":"If there are punitive forces near you, I will inform you.","dialogs_chapter_4_До связи и\\..\\..\\.. постарайся не сдохнуть.":"Until we get in touch and\\..\\..\\.. try not to die.","dialogs_chapter_4_Плохо дело\\..\\..\\.. Нужно раздобыть немало гистита, пара пиритовых осколков и конечно же\\..\\..\\.. Гидрит. Надеюсь в кармане хоть один остался.":"This is bad\\..\\..\\.. We need to get a lot of histite,\na couple of pyrite fragments and of course\\..\\..\\..\nHydrite. I hope there is at least one left in my pocket.","dialogs_chapter_4_Заменить поврежденные детали":"Replace damaged parts","dialogs_chapter_4_Оставить в покое":"Leave alone","dialogs_chapter_4_Отлично! Пара лишних слитков мне не помешает. Надеюсь чистой энергии на них хватит\\..\\..\\..":"Great! A couple of extra bars wouldn't hurt me.\nI hope there is enough clean energy for them\\..\\..\\..","dialogs_chapter_4_Пока что ресурсов малова-то будет...":"There won't be enough resources for now...","dialogs_chapter_4_Для починки необходимо 10 осколка гистита, 2 осколка пирита и 1 осколок гидрита.":"To repair, you need 10 histite fragments,\n2 pyrite shards and 1 hydrite shard.","dialogs_chapter_4_Получены рецепты: Скоростной модуль, Силовой модуль, Защитный модуль, Интеллектуальный модуль, Жизненный модуль, Энергетический модуль.":"Recipes received: Speed module, Power module,\nSecurity Module, Intelligent Module, Life Module,\nEnergy module.","dialogs_chapter_4_Модули предназначены для улучшения брони. Они подключаются к снаряжению и усиливают его, добавляются по тому же принципу что и сплавы.":"Modules are designed to improve armor.\nThey connect to equipment and enhance it, adding\non the same principle as alloys.","dialogs_chapter_4_             Риом с ног до головы изранен и на грани потери сознания.":"Riom is wounded from head to toe and on the verge\n of losing consciousness.","dialogs_chapter_4_На сегодня с тебя достаточно.\\. Не переживай, я защитил твое тело теневым куполом, опустошители пройдут мимо и даже не заметят.":"You've had enough for today.\\.\nDon't worry, I protected your body with a shadow dome,\nthe devastators will pass by and not even notice.","dialogs_chapter_4_Что ты такое?\\..\\..":"What are you?\\..\\..","dialogs_chapter_4_Спи.":"Sleep.","dialogs_chapter_4_\\>                                               \\<Получен новый навык!":"\\>                                               \\<Got a new skill!","dialogs_chapter_4_Коельтан, видишь где-то спуск или проход?":"Koeltan, do you see a descent or passage somewhere?","dialogs_chapter_4_Посмотрим\\..\\..\\..":"Let's see\\..\\..\\..","dialogs_chapter_4_Есть один вариант.\\. Я ощущаю слабую, хрупкую каменную породу прямо под нами.":"There is one option.\\.\nI feel the weak, brittle rock right underneath us.","dialogs_chapter_4_На во-о-он той области.":"In that area.","dialogs_chapter_4_Тут пара сотен метров высоты\\..\\..\\.. Как предлагаешь спуститься?":"It's a couple of hundred meters high\\..\\..\\..\nHow do you propose to get down?","dialogs_chapter_4_Пока не знаю, сам подумай.":"I don’t know yet, think for yourself.","dialogs_chapter_4_Может у кого из мертвых жнецов есть карта, чертежи\\..\\..\\.. Поищи что-то такое, а дальше видно будет.":"Maybe one of the dead reapers has a map, drawings\\..\\..\\..\nLook for something like that, and then we’ll see.","dialogs_chapter_4_И ещё, на случай, если путь будет преграждать нечто огромное, вроде завала\\..\\..\\.. или гигантского громилы – тебе поможет мой особый удар.":"And also, in case the path is blocked by\nsomething huge, like a rubble\\..\\..\\.. or\na giant thug - my special strike will help you.","dialogs_chapter_4_Я его называю\\.\\.\\> – теневой разрез.":"I call it \\.\\.\\> - shadow cut.","dialogs_chapter_4_Постой\\..\\..\\.. это как теневой удар?\\. Собираешь энергию и лупишь под нужным углом.\\.Типа такого?":"Wait\\..\\..\\..is that like a shadow strike?\\.\nYou gather energy and hit at the right angle.\\.\nLike this?","dialogs_chapter_4_Направление мыслей верное\\..\\..\\.. но нет.\\. Разрез сильно отличается от простого удара.\\. Приходи ко мне в иллюзорный мир, и я все тебе объясню.":"The direction of thought is correct\\..\\..\\.. but no.\\.\nA cut is very different from a simple blow.\\.\nCome to me in the illusory world, and I will\nI'll explain it to you.","dialogs_chapter_4_Как будешь отдыхать в безопасном уголке, загляни ко мне в гости. Там всё узнаешь.":"When you rest in a safe corner,\ncome visit me. You'll find out everything there.","dialogs_chapter_4_Чёрт\\..\\..\\.. Что ж так не везёт\\..\\..\\.. Сначала меня со скалы сбросили, потом телепорт чинить пришлось\\..\\..\\.. А теперь ещё и в тупик попал.":"Damn\\..\\..\\.. Why so unlucky\\..\\..\\..\nFirst they threw me off a cliff, then I\nhad to repair the teleport\\..\\..\\..\nAnd now I’ve reached a dead end.","dialogs_chapter_4_Путь воина никогда не был лёгким.\\. Учись искать во всем плюсы.":"The path of a warrior has never been easy.\\.\nLearn to look for the positive in everything.","dialogs_chapter_4_Смотри, ты один из сотен, кто пережил моё испытание. Уже неплохое начало.":"Look, you are one of the hundreds who survived my\ntrial. Already a good start.","dialogs_chapter_4_Ты смог спасти красавицу блондиночку от карательных клинков, ещё и доказал её невиновность.":"You were able to save the beautiful blonde from\npunitive blades, also proved her\ninnocence.","dialogs_chapter_4_Это охренеть какое достижение! \\.Даже сами каратели это признали.":"This is one hell of an achievement!\\.\nEven the punishers themselves admitted this.","dialogs_chapter_4_Теперь на твоих плечах ответственное задание – грохнуть ублюдков, которых всё время тянет к Чистилищу.\\. Такое обычно Высшим жнецам поручают.":"Now you have a responsible task on your shoulders -\nkill the bastards who are always drawn to\nPurgatory.\\.\nThis is usually what the High Reapers are tasked with.","dialogs_chapter_4_Ясное дело – будет трудно, больно, страшно.\\. Но я с тобой и помогу всем, чем нужно.":"It’s clear that it will be difficult, painful, scary.\\.\nBut I’m with you and will help you with everything you \nneed.","dialogs_chapter_4_Только постарайся не лезть на рожон. Ещё пару сотен лет искать достойного жнеца мне не охота.":"Just try not to get into trouble.\nI don’t want to look for a worthy reaper\nfor another couple of hundred years.","dialogs_chapter_4_Постараюсь.":"Will try.","dialogs_chapter_4_Вот и отлично. А теперь вставай, пора двигать к цели.":"That is great. Now get up, it's time to move towards \nyour goal.","dialogs_chapter_4_Зато живой!\\! Как закончишь ныть, жду тебя в иллюзорном мире.":"But alive!\\!\nWhen you finish whining, I’ll wait for you in the illusory \nworld.","dialogs_chapter_4_Фух! Еле добрались!\\. Ещё б чуть-чуть и нас засекли.":"Phew! We barely made it!\\\nJust a little more and they would have spotted us.","dialogs_chapter_4_                              *Барьер активирован. Прочность 100%.*":"*Barrier activated. Durability 100%.*","dialogs_chapter_4_Так\\..\\..\\.. и что дальше?":"So\\..\\..\\.. and what next?","dialogs_chapter_4_Готовиться к обороне!":"Prepare for defense!","dialogs_chapter_4_К нам движутся опустошители\\..\\..\\.. гуманоидной формы тела\\..\\..\\.. и с оружием.":"Devastators are moving towards us\\..\\..\\..\nhumanoid body shape\\..\\..\\.. and with weapons.","dialogs_chapter_4_Разумные опустошители.":"Intelligent devastators.","dialogs_chapter_4_Чёрт!\\. Уже и до сюда добрались.":"Crap!\\. We've already reached here.","dialogs_chapter_4_Нам повезло, что дикие, по сути, неуправляемые хищники.":"We are lucky that the wild are essentially uncontrollable\npredators.","dialogs_chapter_4_Они нападают и на жнецов, и на своих\\..\\..\\.. тех, у кого гуманоидное тело.":"They attack both the reapers and their own\\..\\..\\.. those \nwho have humanoid body.","dialogs_chapter_4_Поэтому к нам идёт лишь 10% от огромной стаи.":"Therefore, only 10% of the huge flock comes to us.","dialogs_chapter_4_Готовьте взрывные слитки, не позволим им добраться до нас.":"Prepare explosive ingots, we won't let them reach\nbefore us.","dialogs_chapter_4_Вы двое туда!":"You two go there!","dialogs_chapter_4_Брикс, создавай слитки. Передавай их всем, кому нужно!":"Brix, create ingots. Give them to everyone who\nneeds them!","dialogs_chapter_4_Риом, ты возьми сторону позади себя!":"Riom, you take the side behind you!","dialogs_chapter_4_А я буду оборонять правый фланг.":"And I will defend the right flank.","dialogs_chapter_4_Кажется успокоились\\. Но не стоит терять бдительность.":"They seem to have calmed down.\nBut don't let your guard down.","dialogs_chapter_4_Где же тот спуск, о котором вы говорили на базе.":"Where is the descent you talked about at the base?","dialogs_chapter_4_Он здесь, рядом со мной!":"It is here, next to me!","dialogs_chapter_4_Но сначала всё равно придётся попрыгать.":"But first you still have to jump.","dialogs_chapter_4_Всё-таки лучше, чем ничего.\\..\\..":"Still better than nothing.\\..\\..","dialogs_chapter_4_\\>Берегись!\\.\\^":"\\>Beware!\\.\\^","dialogs_chapter_4_\\>Риом, слева!\\.\\^":"\\>Riom, on the left!\\.\\^","dialogs_chapter_4_\\>А-а-а-а!!!\\.\\.\\^":"\\>A-ah-ah!!!\\.\\.\\^","dialogs_chapter_4_А\\..\\..\\.. Чёрт. Было близко.":"A\\..\\..\\..\nCrap. It was close.","dialogs_chapter_4_Риом, сверху!":"Riom, from above!","dialogs_chapter_4_\\>Да ну бл...\\.\\^":"\\>Oh Fu...\\.\\^","dialogs_chapter_4_Ух\\..\\..\\..":"Uh\\..\\..\\..","dialogs_chapter_4_Как же ты меня достал\\..\\..\\..":"I'm so sick of you\\..\\..\\..","dialogs_chapter_4_Риом!":"Riom!","dialogs_chapter_4_Вижу тебя. \\!Мы с ребятами тут кое-что соорудили и поможем разделаться с этими тремя.":"I see you. \\!The guys and I have built something \nhere and we’ll help deal with these three.","dialogs_chapter_4_Спасибо\\..\\..\\.. Буду очень благодарен за помощь.":"Thank you\\..\\..\\.. I would be very grateful for your help.","dialogs_chapter_4_Готовы.":"Ready.","dialogs_chapter_4_Ильнара, дикие опустошители мертвы, и я вижу тут ящик с иерархитом.":"Ilnara, the wild devastators are dead, and I see there's \na box with Hierarchy here.","dialogs_chapter_4_Ребят?\\..\\..":"Guys?\\..\\..","dialogs_chapter_4_В ответ Риом получил лишь тишину.":"Riom received only silence in response.","dialogs_chapter_4_Ильнара! Брикс! Вы там, что уснули?!":"Ilnara! Brix! Did you fall asleep there?!","dialogs_chapter_4_Бесполезно. Я не чувствую их присутствия где-либо.":"It's no use. I don't feel their presence\nanywhere.","dialogs_chapter_4_Вот блин! Риом, не подпускай его!! \\|Бей, всем, что осталось!!\\^":"Damn it! Riom, don't let him near!! \\|\nHit with all that's left!!\\^","dialogs_chapter_4_Риом, посмотри на следы.":"Riom, look at the tracks.","dialogs_chapter_4_Ты видел нечто подобное?\\..\\..":"Have you seen something like this?\\..\\..","dialogs_chapter_4_В первый раз такое вижу\\..\\..\\..":"This is the first time I see this\\..\\..\\..","dialogs_chapter_4_Тини говорил, что\\..\\..\\.. его отряд столкнулся с какой-то огромной тварью\\..\\..\\.. она ещё целый кусок стены выбила.":"Tini said that\\..\\..\\.. his squad encountered\nsome huge creature\\..\\..\\.. she is also\nknocked out a whole piece of the wall.","dialogs_chapter_4_Если на отряд Ильнары напало нечто такое\\..\\..\\..":"If Ilnara’s squad was attacked by something like this\\..\\..\\..","dialogs_chapter_4_Думаю, искать их больше нет смысла.":"I think there is no point in looking for them anymore.","dialogs_chapter_4_А ты\\..\\..\\.. постарайся не нарваться на это чудище.":"And you\\..\\..\\.. try not to run into this monster.","dialogs_chapter_4_Жнец, слышишь меня?\\. На связи Ильнара. Инженерный корпус, отряд снабжения.":"Reaper, do you hear me?\\. Ilnara is in touch. \nEngineering Corps, Supply Detachment.","dialogs_chapter_4_Да, где ты?":"Yes, where are you?","dialogs_chapter_4_Продолжай двигаться в сторону ущелья. Там встретимся\\. И будь осторожен, не притащи за собой «хвост».":"Keep moving towards the gorge. \nWe'll meet you there.\nAnd be careful not to drag your tail with you.","dialogs_chapter_4_Постараюсь\\..\\..\\..":"Will try\\..\\..\\..","dialogs_chapter_4_Вижу тебя! Теперь осмотри ущелье. \\.Коснись стены слева от трещины.":"I see you! Now look around the gorge.\n\\.Touch the wall to the left of the crack.","dialogs_chapter_4_Зачем?":"For what?","dialogs_chapter_4_За стеной спрятан потайной проход. Там наша тайная база\\..\\..\\.. Быстрее, пожалуйста!":"There is a secret passage hidden behind the wall. \nOur secret base is there\\..\\..\\.. Faster Please!","dialogs_chapter_4_Подозрительно птичка щебечет. Очень похоже на засаду.\\. В моё время бандиты так караваны и грабили. Отправляли девушку отвлекать и заманивать купцов, а сами окружали и нападали.":"The bird chirps suspiciously. It looks a lot like an \nambush.\\. In my time, bandits robbed caravans like \nthis. They sent a girl to distract and lure merchants, \nwhile they surrounded and attacked.","dialogs_chapter_4_Мы в мире Мёртвых, какие тут могут быть бандиты?!":"We are in the world of the Dead, what kind of bandits\n could there be here?!","dialogs_chapter_4_Тем более, среди жнецов\\..\\..\\.. Я за всю свою жизнь ни одного не видел.":"Especially among the reapers\\..\\..\\..\nI've never seen one in my entire life.","dialogs_chapter_4_Дела, как погляжу, у вас совсем плохи\\..\\..\\.. Чем я могу помочь?":"As far as I can see, things are really bad for you\\..\\..\\..\nHow can I help?","dialogs_chapter_4_Для начала нужно Брикса исцелить.":"First you need to heal Brix.","dialogs_chapter_4_У тебя есть лечебный слиток?":"Do you have a healing ingot?","dialogs_chapter_4_Держи.":"Take it.","dialogs_chapter_4_Благодарю\\..\\..\\..":"Thank you\\..\\..\\..","dialogs_chapter_4_Как тебя зовут, жнец?":"What's your name, reaper?","dialogs_chapter_4_Риом Рури.":"Riom Ruri.","dialogs_chapter_4_Сын одного из сильнейших Вероломгеров!\\. Но что ты здесь делаешь?\\. Я думала в эту область никого кроме исследователей и разведчиков не посылают\\..\\..\\..":"The son of one of the strongest Werolomgers!\\.\nBut what are you doing here?\\.\nI thought there was no one in this area except \nresearchers and They don't send scouts\\..\\..\\..","dialogs_chapter_4_Да так\\..\\..\\.. на Восставших охочусь.":"Yes\\..\\..\\.. I hunt the Risen.","dialogs_chapter_4_Вы разве не знаете, что случилось в Серебряной пустыне?":"Don't you know what happened in the Silver Desert?","dialogs_chapter_4_Нет.":"No.","dialogs_chapter_4_Моя группа помогает с исследованиями подземелий каньона\\. Нас редко вызывают.":"My group helps with exploration of the canyon's \ndungeons.\\. We rarely get called.","dialogs_chapter_4_Ну тогда, вам стоит знать, что в пустыне Восставшие и Опустошители разбили в прах батальон боевых жнецов. Карательному отряду тоже досталось\\..\\..\\.. и я, вроде как, последний выживший.":"Well then, you should know that there are Risen in\nthe desert and the Devastators smashed a battalion\nof War Reapers to dust. The punitive squad also\nsuffered\\..\\..\\.. and I'm kind of the last one standing.","dialogs_chapter_4_П-Подожди! Стоп-стоп-стоп! Это плохо\\..\\..\\.. Очень-очень плохо!":"W-Wait! Stop-stop-stop! This is bad\\..\\..\\..\nVery very bad!","dialogs_chapter_4_Сначала дикие опустошители вырвались наружу\\..\\..\\.. А теперь ещё и наша основная армия разбита.":"First the wild devastators burst out\\..\\..\\..\nAnd now our main army has been defeated.","dialogs_chapter_4_Насчет диких.\\. Расскажи подробнее, что случилось.":"About the wild ones.\\.\nTell me more about what happened.","dialogs_chapter_4_Эти твари сидели под землей тихо и доставляли проблемы лишь тем, кто вторгся на их территорию.":"These creatures sat quietly underground and \ndelivered problems are only for those who invade their\nterritory.","dialogs_chapter_4_Влур-Стиг не просто так загнал все свои неудачные творения под землю.\\. Здесь полно полезных ресурсов, неразгаданных тайн и прочего.":"Vlur-Stig did not just drive away all his unsuccessful\ncreations underground.\\.\nThere are a lot of useful resources here, undiscovered\nsecrets and other things.","dialogs_chapter_4_Самое лакомое место для жнецов.\\. Сюда постоянно отправлялись экспедиция за экспедицией.":"The most delicious place for reapers.\\.\nExpedition after expedition was constantly sent here.","dialogs_chapter_4_Стычки с дикими происходили часто, но стоило дать им отпор - они отступали\\..\\..\\.. До недавнего момента.":"Clashes with wild ones happened often, but it was \nworth giving them resistance - they retreated\\..\\..\\.. \nUntil recently.","dialogs_chapter_4_В один миг связь со всеми телепортами была разорвана, а следом дикие опустошители повылезали со всех дыр и напали на все базы\\..\\..\\.. Одновременно!":"In an instant, the connection with all teleports was \nsevered, and then wild devastators crawled out of all \nthe holes and attacked all bases\\..\\..\\.. Simultaneously!","dialogs_chapter_4_Всё, что находилось под землёй и на возвышенностях - активно уничтожалось опустошителями\\..\\..\\..":"Everything that was underground and on the hills -\nwas actively destroyed by the devastators\\..\\..\\..","dialogs_chapter_4_Раз так, тогда вам нужно валить отсюда.\\. Если надо – могу сопроводить к телепорту. Он тут\\..\\..\\.. недалеко.":"If so, then you need to get out of here.\\.\nIf necessary, I can accompany you to the teleport.\nIt's\\..\\..\\.. not far from here.","dialogs_chapter_4_Боюсь, мы не можем так просто уйти.":"I'm afraid we can't just leave.","dialogs_chapter_4_Не думаю, что задание сейчас в приоритете.\\. Чистилище отзывает всех жнецов и вам стоит бежать отсюда, пока эти твари вас не перебили.":"I don’t think the mission is a priority right now.\\.\nPurgatory recalls all reapers and you should run\nfrom here before these creatures kill you.","dialogs_chapter_4_Мы вернёмся в Чистилище\\..\\..\\.. Но с начала придётся доделать задание.":"We will return to Purgatory\\..\\..\\..\nBut first we have to finish the task.","dialogs_chapter_4_     *Ильнара открыла голографический планшет и протянула его Риому*":"*Ilnara opened the holographic tablet and handed it to Riom*","dialogs_chapter_4_Доставить из подземной базы номер 6 ящик...":"Deliver a box from underground base number 6...","dialogs_chapter_4_Иерархита?":"Hierarchite?","dialogs_chapter_4_Да.":"Yes.","dialogs_chapter_4_Перед началом всего этого\\..\\..\\.. ужаса, группа разведчиков смогла добыть несколько осколков Иерархита из глубин Забытого Города.":"Before all this\\..\\..\\.. horror began, a group of\nscouts was able to obtain several fragments \nof Hierarchite from the depths of the Forgotten City.","dialogs_chapter_4_Это неисследованное место, где полно технологий и материалов, принадлежащих расе Иерархов.":"It's an unexplored place full of technology and\nmaterials belonging to the Hierarch race.","dialogs_chapter_4_Ага\\..\\..\\.. И я так вижу, этот ящик потерян где-то здесь?":"Yeah\\..\\..\\.. And I see this box is lost somewhere around \nhere?","dialogs_chapter_4_                                              *Риом отдаёт планшет.*":"                                              *Riom hands over the tablet.*","dialogs_chapter_4_Да. Он\\..\\..\\.. Прямо по центру области, которая на пару сотен метров ниже. Придётся спускаться.":"Yes. It's\\..\\..\\.. Right in the center of the area that is \na couple hundreds meters lower. \nWe'll have to go down.","dialogs_chapter_4_Правда из-за крылатого опустошителя мы толком не можем нормально высунуться\\..\\..\\.. да и мелочь сильно мешает.":"It’s true that because of the winged devastator we \nreally can’t stick our heads out\\..\\..\\.. \nand the little things really bother us.","dialogs_chapter_4_Я уже приноровился, и могу провести вас.":"I've already got used to it, and I can guide you.","dialogs_chapter_4_Но для начала, что именно лежит в этом ящике?":"But first, what exactly is in this box?","dialogs_chapter_4_Осколки Иерархита.\\. Высший жнец Ирей приказал доставить их к нему.":"Shards of Hierarchite.\\.\nThe High Reaper Irei ordered to deliver them \nto him.","dialogs_chapter_4_После Первой Войны Адаманта его тело сильно пострадало, и без этих осколков он не сможет восстановить свою броню.":"After the First Adamant War, his body suffered \ngreatly, and without these fragments he will not be \nable to restore his armor.","dialogs_chapter_4_Точно\\..\\..\\.. Сейчас его тело защищено пиритовой броней, а она послабее будет.":"Exactly\\..\\..\\.. Now his body is protected by pyrite \narmor, but it's weaker.","dialogs_chapter_4_И как ты собираешься добраться до своего груза?":"And how are you going to get to your cargo?","dialogs_chapter_4_Если бы внизу был рабочий телепорт\\..\\..\\..":"If only there was a working teleport below\\..\\..\\..","dialogs_chapter_4_Там есть телепорт, но он нуждается в ремонте.":"There is a teleport there, but it needs repairs.","dialogs_chapter_4_Остаётся только спуск с вершины\\..\\..\\..":"All that remains is the descent from the top\\..\\..\\..","dialogs_chapter_4_Совсем рядом расположена огромная скала, там находится смотрительный пункт. Прямо под ним есть два спуска.\\. Плавный и крутой.":"There is a huge rock very nearby,\nthere is a guard station there.\nThere are two slopes directly below it.\\.\nSmooth and steep.","dialogs_chapter_4_Нужно, чтобы ты отвлек на себя опустошителя с крыльями, от него больше всего проблем.":"We need you to distract the devastator with\nwings, he causes the most problems.\\","dialogs_chapter_4_Я с отрядом доберусь до вершины обходным путём, где тварей меньше всего.":"My squad and I will get to the top by a roundabout \nroute, where there are the fewest creatures.","dialogs_chapter_4_Смотрительный пункт будет нашей точкой сбора.":"The lookout point will be our rally point.","dialogs_chapter_4_Хочешь сделать из меня приманку?":"Do you want to make me a bait?","dialogs_chapter_4_Только для крылатого.\\. Остальных необязательно трогать!":"Only for the winged one.\\.\nYou don’t have to touch the rest!","dialogs_chapter_4_Ладно, попробуем\\..\\..\\.. Я согласен.":"Okay, let's try\\..\\..\\.. I agree.","dialogs_chapter_4_Отлично. Мы с ребятами подготовимся, а ты скажи, как будешь готов.":"Great. The guys and I will get ready, and you tell me\nwhen you're ready.","dialogs_chapter_4_Ах\\..\\..\\.. Нет.":"Ah\\..\\..\\.. No.","dialogs_chapter_4_Тогда хотя бы материалы\\..\\..\\..":"Then at least the materials\\..\\..\\..","dialogs_chapter_4_Вот сборочный механизм. Сделай один и передай Бриксу.":"Here is the assembly mechanism. Make one and \ngive it to Brix.","dialogs_chapter_4_А вот и ты. Готов начинать?":"And here you are. Ready to get started?","dialogs_chapter_4_Есть другие...":"Are there other...","dialogs_chapter_4_Это был риторический вопрос.":"It was a rhetorical question.","dialogs_chapter_4_                           По голосу и взгляду слышна радость.":"                           You can hear joy in your voice and look.","dialogs_chapter_4_Ладно.\\. А с чего такой весёлый?":"OK.\\. Why is he so cheerful?","dialogs_chapter_4_Ты один из немногих, кто смог дожить до этого момента. Второй по счёту.":"You are one of the few who were able to live up to \nthis moment. Second in a row.","dialogs_chapter_4_К сожалению\\..\\..\\.. Дальше разреза никто не доходил.":"Unfortunately\\..\\..\\..\nNo one got further than the cut.","dialogs_chapter_4_Предыдущий жнец быстро освоил эту технику, а после - его самоуверенность взяла вверх. Он чувствовал себя непобедимым\\..\\..\\.. кромсал врагов с таким вкусом\\..\\..\\.. с таким аппетитом\\..\\..\\.. что в один момент зарубил собственный отряд.":"The previous reaper quickly mastered this technique,\nand after - his self-confidence took over. He felt \ninvincible\\..\\..\\.. shredded enemies with such taste\\..\\..\\.. with such\nappetite\\..\\..\\.. that at one moment he killed his own squad.","dialogs_chapter_4_Почему? Жажда крови отбила мозг?":"Why? Has bloodlust overwhelmed his brain?","dialogs_chapter_4_В яблочко!\\. Самоконтроль был главной слабостью прошлого жнеца.":"Exactly!\\.\nSelf-control was the main weakness of the past \nreaper.","dialogs_chapter_4_Я возлагаю на тебя большие надежды, Риом.\\. Не разочаруй меня.":"I have high hopes for you, Riom. \\.Do not disappoint \nme.","dialogs_chapter_4_Постараюсь. А теперь\\..\\..\\.. Может уже начнём?":"Will try. And now\\..\\..\\.. Can we start already?","dialogs_chapter_4_                                    Коельтан обнажил Геном Моркрет.":"                                   Koeltan revealed Morkret's Genome.","dialogs_chapter_4_Конечно, с превеликим удовольствием.":"Of course, with great pleasure.","dialogs_chapter_4_У любого оружия с душой есть своя стихия\\..\\..\\.. своя любимая пища\\..\\..\\..":"Any weapon with a soul has its own element\\..\\..\\..\nits favorite food\\..\\..\\..","dialogs_chapter_4_Насытившись ею, он разит врагов с усиленной мощью.":"Having become saturated with it, \nhe defeats his enemies with enhanced power.","dialogs_chapter_4_                        Коельтан направил меч в сторону Риома.":"                        Koeltan pointed his sword towards Riom.","dialogs_chapter_4_Чувствуешь\\..\\..\\.. мою жажду убить тебя?":"Do you feel\\..\\..\\.. my desire to kill you?","dialogs_chapter_4_Риом ощутил сильную рвоту, слабость и страх. Сердце начало бешено колотиться. Ноги едва удерживали тело.":"                        Riom felt violently vomiting, weak and afraid.\n            His heart began to beat wildly. His legs could barely support his body.","dialogs_chapter_4_Что?! Что ты сделал?":"What?! What did you do?","dialogs_chapter_4_Это любимое блюдо Генома Моркрета!":"This is Genom Morkret's favorite dish!","dialogs_chapter_4_Жажда крови.\\. Желание забрать жизнь цели.\\. Чем они сильнее\\..\\..\\..":"Bloodlust.\\.\nThe desire to take the target's life.\\.\nThe stronger they are\\..\\..\\..","dialogs_chapter_4_Тем сильнее будут твои атаки!":"The stronger your attacks will be!","dialogs_chapter_4_И как я должен освоить этот приём? Снова будешь драться?":"And how should I master this technique?\nAre you going to fight again?","dialogs_chapter_4_Нет.\\. Не в этот раз.\\. Запомни это чувство, именно так должны ощущать себя враги при виде Генома Моркрета.":"No.\\. Not this time.\\.\nRemember this feeling, this is how your enemies \nshould feel when they see Genom Morkret.","dialogs_chapter_4_Сейчас ты ненадолго побудешь в моей шкуре и поймёшь, о чём я говорю.":"Now you will be in my shoes for a while and you will \nunderstand what I'm talking about.","dialogs_chapter_4_С-стой! С меня хват...":"S-stop! I've had enough...","dialogs_chapter_4_Ах\\..\\..\\.. полная синергия\\..\\..\\.. Смотри и запоминай, Риом Рури.":"Ah\\..\\..\\.. complete synergy\\..\\..\\..\r\nWatch and remember, Riom Ruri.","dialogs_chapter_4_О! \\!Привет, Риом!":"Hey! \\!Hello, Riom!","dialogs_chapter_4_Ты успел прямо к обеду.":"You made it just in time for lunch.","dialogs_chapter_4_Я тут с опустошителями воюю, а ты чаи гоняешь\\..\\..\\..":"Here I am at war with the devastators, and you are \ndrinking tea\\..\\..\\..","dialogs_chapter_4_Часть силы Генома Моркрета ты получил.":"You have received part of the power of the Morkret \nGenome.","dialogs_chapter_4_Коельтан делает глоток чая.":"Koeltan takes a sip of tea.","dialogs_chapter_4_Что еще ты от меня хочешь?":"What else do you want from me?","dialogs_chapter_4_Поговорить":"Talk","dialogs_chapter_4_Изучить навык":"Learn a skill","dialogs_chapter_4_Теневой шаг":"Shadow step","dialogs_chapter_4_(Назад)":"(Back)","dialogs_chapter_4_При нашей встрече\\..\\..\\.. в каньоне. Ты двигался с такой скоростью\\..\\..\\.. я и близко не мог уследить за тобой!":"When we met\\..\\..\\.. in the canyon. You moved\nat such a speed\\..\\..\\.. I couldn’t even keep up\nwith you!","dialogs_chapter_4_Ага.":"Yeah.","dialogs_chapter_4_Ещё в округе есть немало мест куда я хотел бы попасть, но не могу\\..\\..\\..":"There are also quite a few places in the area where \nI would like get in, but I can’t\\..\\..\\..","dialogs_chapter_4_Угу.":"Yes.","dialogs_chapter_4_Словно ты замедляешь время\\..\\..\\..":"It's like you're slowing down time\\..\\..\\..","dialogs_chapter_4_Риом. \\!Что ты от меня хочешь?":"Riom. \\!What do you want from me?","dialogs_chapter_4_Научи меня двигаться с такой же скоростью, как ты!":"Teach me to move at the same speed as you!","dialogs_chapter_4_А! Техника теневого шага.":"A! Shadow step technique.","dialogs_chapter_4_На будущее. Обычно я забираю часть духовной энергии у жнеца, взамен обучая новым приемам.":"For the future. I usually take away part of the spiritual\nenergy from the reaper, in return teaching new \ntechniques.","dialogs_chapter_4_Но теневой шаг тебе необходим.":"But you need a shadow step.","dialogs_chapter_4_Этому приему я обучу тебя бесплатно.":"I will teach you this technique for free.","dialogs_chapter_4_И предупреждаю!":"And I warn you!","dialogs_chapter_4_Навернешься с большой высоты - сам виноват.":"If you fall from a great height, it’s your own fault.","dialogs_chapter_4_Договорились!":"Agreed!","dialogs_chapter_4_Ты уже овладел этим приемом.":"You have already mastered this technique.","dialogs_chapter_4_Вернутся обратно":"Return","dialogs_chapter_4_Что ж, Риом... Добро пожаловать в иллюзорный мир.":"Well, Riom... Welcome to the illusory world.","dialogs_chapter_4_Я воссоздал условия, где ты чаще всего будешь использовать теневой шаг.":"I have recreated the conditions where you will most \noften use shadow step.","dialogs_chapter_4_Подойти к точке старта.":"Approach the starting point.","dialogs_chapter_4_Техника теневого шага сработает и ты перенесешься на самый верх вершины.":"The shadow step technique will work and you\nYou will be transported to the very top of the peak.","dialogs_chapter_4_А потом?":"And then?","dialogs_chapter_4_Не знаю.":"Don't know.","dialogs_chapter_4_Попробуй подвигаться \\! туда-сюда. \\! А лучше по краям.":"Try to move\\! back and forth. \\! Better yet, around \nthe edges.","dialogs_chapter_4_Куда смотришь, туда и телепортируешься.":"Wherever you look, you teleport there.","dialogs_chapter_4_Попрактикуйся, а когда надоест...":"Practice, and when you get tired...","dialogs_chapter_4_Допрыгай до этой точки и я перенесу тебя обратно.":"Jump to this point and I will take you back.","dialogs_chapter_4_Для прыжка подойдите к краю вершины и нажмите \\C[3]Z,\\C[0] или \\C[3]Space\\C[0].":"To jump, go to the edge of the top and press \\C[3]Z,\\C[0]\nor \\C[3]Space\\C[0].","dialogs_chapter_4_Покинуть область":"Leave the area","dialogs_chapter_4_Остаться":"Stay","dialogs_chapter_4_Изучен навык \"Теневой шаг\"!":"Learned the Shadow Step skill!","dialogs_chapter_4_Теперь Риом может свободно двигаться по возвышенностям.":"Riom can now move freely on higher ground.","dialogs_chapter_4_Ура! Поздравляю!":"Hooray! Congratulations!","dialogs_chapter_4_А теперь - на выход.":"And now - on the way out.","dialogs_chapter_4_Вот сборочный механизм.\\. Ты можешь сделать слиток лечения на нём.":"Here is the assembly mechanism.\\.\nYou can make a healing ingot with it.","dialogs_chapter_4_Готов?":"Ready?","dialogs_chapter_4_Желаете сохраниться?":"Do you want to save?","dialogs_chapter_4_Да!":"Yes!","dialogs_chapter_4_Подожди\\..\\..\\.. помнишь, о том, что я просил тебя сделать?":"Wait\\..\\..\\.. remember what I asked\ndo you?","dialogs_chapter_4_(Ты хотел мне что-то в своем мире показать? Да, помню.)":"(Did you want to show me something in your world?\nYes I remember.)","dialogs_chapter_4_Советую сделать это сейчас. Неизвестно с чем ты столкнешься там\\..\\..\\.. внизу.":"I advise you to do it now.\nIt is unknown what you will encounter there\\..\\..\\..\nat the bottom. ","dialogs_chapter_4_Погоди-ка\\..\\..\\.. перед тем, как начнешь, стоит ещё кое-что сделать.":"Wait a minute\\..\\..\\.. before you start, it's worth\nthere's something else to do.","dialogs_chapter_4_(Что именно?)":"(What exactly?)","dialogs_chapter_4_Неизвестно с насколько большой преградой ты столкнешься. Органической\\..\\..\\.. или какой-либо ещё.":"It is unknown how big an obstacle you are\nyou will collide.\nOrganic\\..\\..\\.. or any other.","dialogs_chapter_4_У тебя должен быть “козырь в кармане”. \\.В данном случае, это мой особый удар - теневой разрез.":"You must have an ace in your pocket.\" \\.\r\nIn this case, this is my special blow - shadow\r\nincision.","dialogs_chapter_4_Немного манны и препятствие сносится за один взмах!":"A little manna and the obstacle is demolished in one\nswing!","dialogs_chapter_4_(Подумаю над этим\\..\\..\\..)":"(I'll think about it\\..\\..\\..)","dialogs_chapter_4_*Риом приложил левую руку к стенке*":"                                *Riom puts his left hand to the wall*","dialogs_chapter_4_Давай-давай, заходи!":"Come on, come on in!","dialogs_chapter_4_Получен Осколок Иерархита.":"Received the Hierarchite Shard.","dialogs_chapter_4_Всего один\\..\\..\\..":"Only one\\..\\..\\..","dialogs_chapter_4_Это хоть что-то. Иерархит очень редкий и ценный ресурс. Его можно обменять на приличную сумму, либо приберечь для создания очень мощной брони.":"This is at least something.\nHierarchite is a very rare and valuable resource.\nIt can be exchanged for a decent amount, or\nsaved for creating very powerful armor.","dialogs_chapter_4_Интересно\\..\\..\\.. Я подумаю над этим.":"Interesting\\..\\..\\.. I'll think about it.","dialogs_chapter_4_Когда враг находится в состоянии \\I[75], он не получит какого-либо урона и не сможет вас атаковать. Бейте того, кто не находиться в данном состоянии.":"When the enemy is in the \\I[75] state, they will not \nreceive any damage and will not be able to attack \nyou. Beat the one who is not in this state.","dialogs_chapter_4_":""}