{"Мастер фраза для определения максимальной длины текста":"I can fulfill your request, but there are a couple of conditio","dialogs_chapter_1_Фенрикс, Клара, Фридрих, Вернер\\..\\..\\.. Память о вас останется навечно на этой стене.":"Fenrix, Klara, Friedrich, Werner. \nYour memory will remain forever on this wall.","dialogs_chapter_1_Даже когда все в Чистилище забудут. Ваши имена никогда не исчезнут.":"Even when everyone in Purgatory forgets. \nYour names will never fade away.","dialogs_chapter_1_Не хватает только одного\\..\\..\\..":"There's only one missing.","dialogs_chapter_1_Клавдий.":"Claudius.","dialogs_chapter_1_Дождись меня, друг и твоя душа будет освобождена от оков рабства Адаманта.":"Wait for me, friend, and your soul \nwill be freed from the shackles of Adamant's bondage.","dialogs_chapter_1_Пора, дорогой.":"It's time, dear.","dialogs_chapter_1_Да, пора.":"Yes, it's time.","dialogs_chapter_1_Глава 1":"\n                                                                 Chapter 1","dialogs_chapter_1_Так, как ты хочешь его назвать?":"So what do you want to call it?","dialogs_chapter_1_Что-то лаконичное и внушительное.":"Something laconic and impressive.","dialogs_chapter_1_Что-то что отражает уверенность, и гордость.":"Something that reflects confidence and pride.","dialogs_chapter_1_И легко выговорить.":"And easy to say.","dialogs_chapter_1_Тесей?":"Theseus?","dialogs_chapter_1_Я придумал кое-что получше. Скоро узнаешь.":"I came up with something better. You'll soon find out.","dialogs_chapter_1_Сидрин, подойди.":"Sidrin, come.","dialogs_chapter_1_Здравствуй, Сидрин.\\.Ты хорошо показал себя в битвах против наших врагов, успешно прошёл испытание на повышение.":"Hello, Sidrin.\\.\nYou have shown yourself well in battles against our \nenemies, successfully passed the promotion test.","dialogs_chapter_1_Отныне, ты Вероломгер, высший жнец на чьих плечах лежит ответственность за жизни собратьев и судьба всего Чистилища.":"From now on, you are the Treacherer, the supreme \nreaper on whose shoulders responsibility lies for the lives \nof fellow humans and the fate of everything Purgatory.","dialogs_chapter_1_Перед тем, как ты приступишь к службе\\..\\..\\.. Можешь пожелать всего чего хочешь.\\.Я выполню одно желание.":"Before you begin your service\\..\\..\\..\nYou can wish for whatever you want.\\.\nI will grant one wish.","dialogs_chapter_1_Но только, если оно не противоречит нашим законам и не нанесёт Чистилищу урон.":"But only if it does not contradict our laws\nand will not harm Purgatory.","dialogs_chapter_1_Сидрин стал на одно колено и приклонил голову перед Смертью.":"Sidrin got down on one knee and bowed his head in front of\nDeath.","dialogs_chapter_1_Госпожа, прошу, создайте особого жнеца, с человеческой душой. Который от людей будет отличаться только телом.":"Mistress, please create a special reaper,\nwith a human soul.\nWho will differ from people only in body.","dialogs_chapter_1_Ты хочешь создать человека, среди мертвецов. Я могу выполнить твою просьбу, но есть пара условий.":"You want to create a man among the dead.\nI can fulfill your request, but there are a couple of \nconditions.","dialogs_chapter_1_Первое - вы с Беллой будете обязаны воспитать его подобающе.":"First of all, you and Bella will be obliged to raise him\nappropriately.","dialogs_chapter_1_Второе - за ним буду следить два корпуса, разведчики и каратели.":"Secondly, two corps will be watching him,\nscouts and punishers.","dialogs_chapter_1_Третье - если он решит пойти против моей воли, я избавлюсь от него, и не исключено, что твоими руками.":"Third, if he decides to go against my will,\nI will get rid of him, and it is possible that with your hands.","dialogs_chapter_1_Согласен?":"Agree?","dialogs_chapter_1_Да.":"Yes.","dialogs_chapter_1_Я принимаю, ваши условия госпожа. Он не пойдёт против вашей воли. В ином случае, я лично позабочусь о нём.":"I accept your terms, madam.\nHe will not go against your will.\nOtherwise, I will personally take care of him.","dialogs_chapter_1_Белла, подойди ближе.":"Bella, come closer.","dialogs_chapter_1_Сидрин, Белла, возьмитесь за руки.":"Sidrin, Bella, join hands.","dialogs_chapter_1_Смерть коснулась кисти рук Сидрина и Беллы.":"Death touched the hands of Sidrin and Bella.","dialogs_chapter_1_Смерть отколола кусок своей кожи.":"Death broke off a piece of his skin.","dialogs_chapter_1_В руках Смерти появился огромный светящийся шар.":"A huge luminous ball appeared in the hands of Death.","dialogs_chapter_1_Запомните этот момент. Это первый раз, когда я позволила человеку оказаться среди жнецов.":"Remember this moment. This is the first time\nI allowed a man to be among the reapers.","dialogs_chapter_1_Зед. Будь добр, сопроводи Сидрина с Беллой к механизму и закончи начатое.":"Zed. Kindly escort Sidrin and Bella\nto the mechanism and finish what you started.","dialogs_chapter_1_Слушаюсь, госпожа. Сидрин, Белла.":"I obey, madam. Sidrin, Bella.","dialogs_chapter_1_Интересно вы придумали. Человек в теле жнеца.":"Interesting what you came up with. A man in the body \nof a reaper.","dialogs_chapter_1_Сидрин, ты уверен, что он не нарушит наши законы?":"Sidrin, are you sure that he will not violate our\nlaws?","dialogs_chapter_1_Нет, не уверен, но даю  гарантию, что черту не переступит.":"No, I'm not sure, but I guarantee\nthat he won't cross the line.","dialogs_chapter_1_Черту говоришь\\..\\..\\.. Какую именно? Любой акт непокорности может стать последним.":"The devil you say\\..\\..\\.. Which one exactly?\nAny act of disobedience may be the last.","dialogs_chapter_1_Черта, при которой по его душу придёт Рикард\\..\\..\\..или я.":"The trait at which Ricard will come for his soul\\..\\..\\..\nor me.","dialogs_chapter_1_Хочу я верить тебе, но зная людскую натуру\\..\\..\\.. могу пожелать только удачи.":"I want to believe you, but knowing human\nkind\\..\\..\\.. I can only wish you good luck.","dialogs_chapter_1_Органический материал есть. Душа есть.":"There is organic material. There is a soul.","dialogs_chapter_1_Да поможет нам госпожа Смерть!":"May Lady Death help us!","dialogs_chapter_1_Без паники, процесс идёт! Всё нормально!":"Don't panic, the process is underway! Everything is fine!","dialogs_chapter_1_Чёрт.":"Crap.","dialogs_chapter_1_Зед что-то очень быстро и нервно начал клацать.":"Zed began to click something very quickly and nervously.","dialogs_chapter_1_Порядок, сейчас всё будет.":"It's okay, everything will be fine now.","dialogs_chapter_1_П-простите\\..\\..\\.. Со мной всё в порядке\\..\\..\\..":"S-sorry\\..\\..\\.. I'm fine\\..\\..\\..","dialogs_chapter_1_Сидрин придерживает Беллу за спину.":"Sidrin holds Bella's back.","dialogs_chapter_1_Кто я?":"Who am I?","dialogs_chapter_1_Твое имя Риом. Риом Рури.":"Your name is Riom. Riom Ruri.","dialogs_chapter_1_Риом\\..\\..\\.. А\\..\\..\\.. Я жнец. Слуга Смерти. Моя работа защищать души людей, и проводить их в наш мир.":"Riom\\..\\..\\.. A\\..\\..\\.. I am a reaper. Servant of Death.\nMy job is to protect the souls of people and guide them\ninto our world.","dialogs_chapter_1_А вы, кто?":"And who are you?","dialogs_chapter_1_Твоя семья. Я Сидрин Рури, твой отец.":"Your family. I am Sidrin Ruri, your father.","dialogs_chapter_1_А она Белла Рури. Твоя матерь.":"And she is Bella Ruri. Your mother.","dialogs_chapter_1_Риомка! Как я счастлива.":"Riomka! How happy I am.","dialogs_chapter_1_Ну\\..\\..\\.. хватит\\..\\..\\..":"Well\\..\\..\\.. that's enough\\..\\..\\..","dialogs_chapter_1_Некоторое время спустя.":"A little while later.","dialogs_chapter_1_После долгих лет лекций и тренировок\\..\\..\\.. наконец-то этот чёртов экзамен.":"After many years of lectures and training\\..\\..\\..\nFinally this damn exam.","dialogs_chapter_1_Всего-то нужно пройти проверку боевых навыков.":"All you need to do is pass a combat skills test.","dialogs_chapter_1_Тест смекалки.":"Test of ingenuity.","dialogs_chapter_1_И преодоление преград нестандартными способами.":"And overcoming obstacles in non-standard ways.","dialogs_chapter_1_Я справлюсь.":"I can handle.","dialogs_chapter_1_Для взаимодействия с объектами нажмите клавишу подтверждения - \\C[3]Z, Space \\C[0]или \\C[3]Enter.":"To interact with objects, press the confirmation key -\n\\C[3]Z, Space \\C[0]or \\C[3]Enter.","dialogs_chapter_1_Для отмены/выхода в меню - нажмите \\C[2]X, Num 0, \\C[0]или \\C[2]Esc.":"To cancel/exit the menu - press \\C[2]X, Num 0,\n\\C[0]or \\C[2]Esc.","dialogs_chapter_1_Приветствую, Риом Рури! Как твой настрой, готов к испытанию?":"Greetings, Riom Ruri!\nHow are you feeling, are you ready for the test?","dialogs_chapter_1_Да, я готов.":"Yes, I'm ready.","dialogs_chapter_1_Отлично. Помнишь основы?":"Great. Remember the basics?","dialogs_chapter_1_Честно говоря, многое из головы вылетело. Напомни, пожалуйста.":"To be honest, a lot of it flew out of my head.\nPlease remind me.","dialogs_chapter_1_Хорошо.":"Fine.","dialogs_chapter_1_Для нанесения урона выберите один из трех видов навыков: Обычная атака, Умения или Магия.":"To deal damage, choose one of three types\nskills: Normal attack, Skills or Magic.","dialogs_chapter_1_После выбора Атаки вам нужно решить куда нанести удар.":"After choosing an Attack, you need to decide where to strike.","dialogs_chapter_1_\\I[10]Удар в голову с шансом 25% оглушает противника. \\I[7]Удар по торсу ослабляет физ. защиту цели на 25%. \\I[8]Удар по рукам ослабляет физ. атаку цели на 25%. \\I[9]Удар по ногам снижает скорость цели на 25%.":"\\I[10]A blow to the head has a 25% chance of stunning the enemy.\n\\I[7A blow to the torso weakens target’s physical protection by 25%.\n\\I[8]A blow to the hands weakens target’s physical attack by 25%.\n\\I[9]Hitting the legs reduces the target's speed by 25%.","dialogs_chapter_1_Последовательность ходов зависит от параметра “Скорость”, чем он выше - тем чаще вы сможете ходить.":"The sequence of moves depends on the “Speed” parameter,\nThe higher it is, the more often you can act.","dialogs_chapter_1_Перед тем, как любой противник проведет атаку, вы увидите один из трех индикаторов.":"Before any enemy attacks, you will see\none of three indicators.","dialogs_chapter_1_\\C[1]Магическая атака. Её невозможно контратаковать обычным навыком. От нее рекомендуется уворачиватся с помощью навыка “Уклонение”или блокировать через умение “Защита”.":"\\C[1]Magic attack.\nIt cannot be counterattacked with a normal skill. From her\nIt’s recommended to dodge it using the “Dodge” skill\nor block with the “Protection” skill.","dialogs_chapter_1_\\C[2]Физическая атака. Её можно отбить во врага с помощью навыка “Контратака”.":"\\C[2]Physical attack.\nIt can be returned to the enemy using the “Counterattack” skill.","dialogs_chapter_1_\\C[7]Особое умение. Это усиливающие умения, или боевые навыки пробивающие “Уклонение” и “Контратаку”. Рекомендуется не допустить использование такого навыка с помощью “оглушения”.":"\\C[7]Special skill.\nThese are enhancing skills, or combat piercing skills\n“Evasion” and “Counterattack”. It is recommended not to allow\nusing such a skill using “stun”.","dialogs_chapter_1_Всё запомнил?":"Do you remember everything?","dialogs_chapter_1_Да. Можем начинать.":"Yes. We can start.","dialogs_chapter_1_Будь добр, повтори ещё раз.":"Please repeat it again.","dialogs_chapter_1_Тогда я начну.":"Then I'll begin.","dialogs_chapter_1_Хорошо держишься.":"You're holding up well.","dialogs_chapter_1_Но как насчёт, магии?":"But what about magic?","dialogs_chapter_1_Ты в порядке?\\..\\..":"Are you okay?\\..\\..","dialogs_chapter_1_Жить буду.":"I will live.","dialogs_chapter_1_Ещё раз.":"Again.","dialogs_chapter_1_Неплохо.":"Not bad.","dialogs_chapter_1_И напоследок, приемы, от которых не получится увернуться или отбить их.":"And finally, techniques you won’t be able to dodge or \nfight off.","dialogs_chapter_1_Дин исцеляет Риома слитком жизни.":"Dean heals Riom with a ingot of life.","dialogs_chapter_1_Силён. Не ожидал, что ты так легко меня одолеешь.":"Strong. I didn't expect you to defeat me so easily.","dialogs_chapter_1_Иди в следующую комнату.":"Go to the next room.","dialogs_chapter_1_Может тебе медика вызвать?":"Should I call a doctor for you?","dialogs_chapter_1_Нет. Мне нужно передохнуть. Сам справлюсь.":"No. I need a break. I can handle it myself.","dialogs_chapter_1_Как скажешь.":"As you say.","dialogs_chapter_1_Вся дополнительная информация хранится в заметках.":"All additional information is stored in notes.","dialogs_chapter_1_Время от времени там будет появляться информация об окружающем мире, событиях или игровых механиках.":"From time to time there will be information about\nthe surrounding world, events or game mechanics.","dialogs_chapter_1_Как ты? Готов к испытанию?":"How are you? Are you ready for the challenge?","dialogs_chapter_1_Да":"Yes","dialogs_chapter_1_Нет":"No","dialogs_chapter_1_Ага, зазубрил всё на изусть.":"Yeah, I learned everything by heart.","dialogs_chapter_1_Добро пожаловать, Риом Рури.":"Welcome, Riom Ruri.","dialogs_chapter_1_На этот раз никто не встречает\\..\\..\\..":"This time no one meets me\\..\\..\\..","dialogs_chapter_1_В этой короткой симуляции, тебя проверят на умение применять в бою слитки.":"In this short simulation, you\nwill be tested on your ability to use ingots in battle.","dialogs_chapter_1_Первый тип слитков - восстанавливающие.":"The first type of ingots is reducing.","dialogs_chapter_1_Слитки жизни восстанавливают 50% полученных ранений (ОЗ).":"Life Ingots restore 50%\nwounds received (HP).","dialogs_chapter_1_Слитки магии восстанавливают 50% магической энергии (ОМ).":"Magic ingots restore 50%\nmagical energy (MP).","dialogs_chapter_1_Адреналиновые слитки восстанавливают 50% физической энергии (ОЭ).":"Adrenaline bars restore\n50% physical energy (TP).","dialogs_chapter_1_Восстанови все показатели и мы сможем продолжить.":"Restore all indicators and we can continue.","dialogs_chapter_1_Следующий тип слитков - усилители.":"The next type of ingots are amplifiers.","dialogs_chapter_1_На данный момент в распоряжении жнецов есть три усилителя: слиток “атаки”, слиток “защиты” и магический барьер.":"Currently the reapers have three\namplifiers: “attack” ingot, “defense” ingot and magic\nbarrier.","dialogs_chapter_1_Слиток “атаки” увеличивает урон от физических атак на 50%.":"Attack Ingot increases damage from\nphysical attacks by 50%.","dialogs_chapter_1_Слиток “защиты” снижает урон от физических повреждений на 50%.":"Protection ingot reduces damage from\nphysical damage by 50%.","dialogs_chapter_1_Магический барьер снижает урон от магических повреждений на 50%.":"Magic barrier reduces damage from\nmagical damage by 50%.","dialogs_chapter_1_Усилитель можно активировать как в самом бою, так и вне, подготовившись заранее.":"The amplifier can be activated as in\nthe battle itself, and outside, having prepared in advance.","dialogs_chapter_1_Используйте расходное снаряжение с умом, в ином случае, можете попасть в неловкое положение.":"Use consumable equipment wisely, otherwise\nYou may find yourself in an awkward position.","dialogs_chapter_1_Как будете готовы начать проверку, подойдите к терминалу.":"When you are ready to start checking, go to the terminal.","dialogs_chapter_1_Вне битвы усилитель “атаки” поможет обойти физические преграды.":"Outside of battle, the attack amplifier will help bypass physical\nobstacles.","dialogs_chapter_1_Слиток “защиты” снизит входящий урон от физических угроз. Вроде камней, лезвие и прочего.":"The “protection” ingot will reduce the incoming\ndamage from physical threats. Like stones, a blade and stuff.","dialogs_chapter_1_Аналогично работает и магический барьер. Только защищает от магического урона.":"The magic barrier works the same way.\nOnly protects against magical damage.","dialogs_chapter_1_Понял-понял\\..\\..\\.. я через эти уроки проходил раз за разом.":"I understand, I understand\\..\\..\\.. I went through these \nlessons every now and again.","dialogs_chapter_1_Сам разберусь.":"I'll figure it out myself.","dialogs_chapter_1_Пора бы использовать слиток защиты.":"It's time to use the protection ingot.","dialogs_chapter_1_В прошлой комнате мне пригодился слиток атаки. Уверен в этой комнате мне приготовили что-то новое\\..\\..\\..":"In the last room, an attack ingot came in handy. I'm \nconfident in this they prepared something new for me in \nthe room\\..\\..\\..","dialogs_chapter_1_Наконец-то, таки добрался. Прими мои поздравления.":"Finally, you got here.","dialogs_chapter_1_Спасибо\\..\\..\\.. На этом всё?":"Thank you\\..\\..\\.. Is that all?","dialogs_chapter_1_Нет. Половину испытания ты прошёл успешно.":"No. You passed half the test successfully.","dialogs_chapter_1_О нет\\..\\..\\.. Ты тоже собираешься напасть на меня?":"Oh no\\..\\..\\.. Are you going to attack me too?","dialogs_chapter_1_Конечно. Система тебе рассказала о применение слитков вне боя. Осталось посмотреть на то, как ты используешь их в бою.":"Of course. The system told you about the application\ningots out of combat. It remains to be seen how\nyou use them in battle.","dialogs_chapter_1_Дай хотя бы дух перевести. И как мне к тебе обращаться?":"At least let me catch my breath.\nAnd how should I contact you?","dialogs_chapter_1_Филин.":"Owl.","dialogs_chapter_1_Приятно познакомиться.":"Nice to meet you.","dialogs_chapter_1_Взаимно.":"Mutually.","dialogs_chapter_1_Это для бодрости.":"This is for cheerfulness.","dialogs_chapter_1_Благодарю.":"Thank you.","dialogs_chapter_1_Передохни минутку и можем начать.":"Take a minute and we can get started.","dialogs_chapter_1_(Атаковать)":"(Attack)","dialogs_chapter_1_(Уйти)":"(Leave)","dialogs_chapter_1_Решился таки\\..\\..\\.. Отлично, погнали!":"You finally decided\\..\\..\\.. Great, let's go!","dialogs_chapter_1_Всё, хватит. С тактикой ты знаком.":"Enough. You are familiar with the tactics.","dialogs_chapter_1_Можешь приступать к следующему испытанию.":"You can proceed to the next test.","dialogs_chapter_1_Филин вогнал меч в землю.":"The owl drove the sword into the ground.","dialogs_chapter_1_Что ты\\..\\..\\..":"What are you\\..\\..\\..","dialogs_chapter_1_Висет-Зарион, на север.":"Viset-Zarion, to the north.","dialogs_chapter_1_Страшные у этих боевых жнецов инструменты.":"These combat reapers have terrible tools.","dialogs_chapter_1_Надеюсь и мне когда-нибудь такой выдадут.":"I hope someday they will give me one too.","dialogs_chapter_1_Досадно. Давай ещё раз с самого начала.":"It's a shame. Let's do it again from the very beginning.","dialogs_chapter_1_Висет-Зарион, на северо-запад.":"Viset-Zarion, to the northwest.","dialogs_chapter_1_Твою ж мать\\..\\..\\.. Да ты издеваешься!!":"Your mother\\..\\..\\.. You're kidding me!!","dialogs_chapter_1_Мне заново это всё проходить?!":"Do I have to go through this all over again?!","dialogs_chapter_1_Добро пожаловать в испытание мышления.":"Welcome to the Thinking Challenge.","dialogs_chapter_1_Перед началом восполните запас расходников и подойдите к терминалу для начала симуляции.":"Before you begin, replenish your supply of consumables \nand approach to the terminal to start the simulation.","dialogs_chapter_1_Пока ты не попал в поле зрения врага,  он никак не будет реагировать.":"Before you come into the sight of the enemy,\nHe won't react at all.","dialogs_chapter_1_Тебя заметили. В данной ситуации, есть несколько вариантов.":"You have been noticed. In this situation,\nthere are several options.","dialogs_chapter_1_Сразиться, или попытаться сбежать. Оценивай ситуацию и решай, как лучше всего поступить.":"Fight, or try to escape.\nAssess the situation and decide what is best to do.","dialogs_chapter_1_Поздравляю с успешным прохождением испытания мышления, Риом Рури. Пройди в следующую комнату.":"Congratulations on successfully passing the thinking \ntest, Riom Ruri. Go to the next room.","dialogs_chapter_1_Кенчиру? Странно видеть тебя в качестве инструктора.":"Kenchiru? It's strange to see you as\ninstructor.","dialogs_chapter_1_Правда?":"Is it true?","dialogs_chapter_1_Кенчиру достает голографический планшет.":"Kenchiru takes out a holographic tablet.","dialogs_chapter_1_Ривальсер Кенчиру, назначается временным экзаменатором Риома Рури. Когда Риом успешно пройдет три этапа, Кенчиру должен сразиться с ним в полную силу.":"Rivalser Kenchiru, appointed temporary\nexaminer Riom Ruri. І after Riom successfully \ncompletes three stages, Kenchiru must fight him in \nfull force.","dialogs_chapter_1_Критерии успешного прохождения - победа со стороны Риома, или тот факт, того что он смог достаточно долго продержаться.":"The criteria for successful completion is victory\non Riom's part, or the fact that he was able to\nlast long enough.","dialogs_chapter_1_Короче, биться будем пока один из нас не рухнет на пол. Не насмерть!":"In short, we will fight until one of us collapses on the \nfloor. Not to death!","dialogs_chapter_1_А второй вариант?":"What about the second option?","dialogs_chapter_1_Пока я не выдохнусь. В приказе ничего не говорится за время. Значит я сам решу, когда хватит.":"Until I'm exhausted. The order doesn't say anything \nabout the duration. So I’ll decide for myself when \nenough is enough.","dialogs_chapter_1_Слушай\\..\\..\\.. У тебя вроде есть\\..\\..\\.. Особое оружие.":"Listen\\..\\..\\.. You seem to have\\..\\..\\.. A special weapon.","dialogs_chapter_1_Ага. Ты его не увидишь, но вот эффект\\..\\..\\.. запомнишь надолго.":"Yeah. You won't see it, but here's the effect\\..\\..\\..\nYou'll remember it for a long time.","dialogs_chapter_1_Готов?":"Ready?","dialogs_chapter_1_Да. Начинаем!":"Yes. Begin!","dialogs_chapter_1_Ещё нет.":"Not yet.","dialogs_chapter_1_Ещё бы!":"Oh, yeah!","dialogs_chapter_1_Ай\\..\\..\\..":"Ouch\\..\\..\\..","dialogs_chapter_1_Вот черт!":"Damn it!","dialogs_chapter_1_Прости, перестарался.":"Sorry, I overdid it.","dialogs_chapter_1_Ничего. С такими навыками можешь смело в корпус боевых жнецов идти, или к нам в разведку.":"Nothing. With such skills you can\nboldly go to the corps of combat reapers, or to us in\nintelligence.","dialogs_chapter_1_Это мой вердикт как инструктора.":"This is my verdict as an instructor.","dialogs_chapter_1_Полагаю, бывшего инструктора?":"A former instructor, I assume?","dialogs_chapter_1_Ага. Не охота ещё раз мечем под рёбра получить.":"Yeah. I don’t want to get hit in the ribs with a sword again.","dialogs_chapter_1_Нет-нет-нет\\..\\..\\.. Так не пойдёт.":"No, no, no\\..\\..\\.. That won’t work.","dialogs_chapter_1_Кенчиру исцелил Риома слитком жизни.":"Kenchiru healed Riom with an ingot of life.","dialogs_chapter_1_Давай ещё раз.":"Let's do it again.","dialogs_chapter_1_*Тяжело дышит*\\..\\..\\.. Слушай\\..\\..\\..":"*Breathes heavily*\\..\\..\\.. Listen\\..\\..\\..","dialogs_chapter_1_*Тяжело дышит*\\..\\..\\.. Да\\..\\..\\..":"*Breathes heavily*\\..\\..\\.. Yes\\..\\..\\..","dialogs_chapter_1_*Тяжело дышит*\\..\\..\\.. Пожалуй, хватит с нас обоих.":"*Breathes heavily*\\..\\..\\.. Perhaps we’ve both had enough.","dialogs_chapter_1_Оба убрали мечи в ножны.":"Both sheathed their swords.","dialogs_chapter_1_Сражаешься ты неплохо. Минимум для прохождения экзамена выполнен.":"You fight well.\nThe minimum requirement to pass the exam has been \nmet.","dialogs_chapter_1_Поздравляю.":"Congratulations.","dialogs_chapter_1_У тебя других дел нет?":"Don't you have anything else to do?","dialogs_chapter_1_На сегодня больше ничего не осталось.":"There is nothing more left for today.","dialogs_chapter_1_Пошли в столовую, выпьем по энерго-напитку.":"Let's go to the dining room and have an energy drink.","dialogs_chapter_1_С превеликим удовольствием.":"With great pleasure.","dialogs_chapter_1_После перекуса в столовой Риом пришёл к себе в комнату.":"After having a snack in the dining room, Riom came to his \nroom.","dialogs_chapter_1_Погоди, дай мне минутку\\..\\..\\..":"Wait, give me a minute\\..\\..\\..","dialogs_chapter_1_Готов к последнему экзамену?":"Ready for your final exam?","dialogs_chapter_1_Быстрее, пожалуйста!":"Faster Please!","dialogs_chapter_1_Что-то слегка вымотался\\..\\..\\.. Интересно, мне одному иногда спать охота?\\..\\..":"A little exhausted\\..\\..\\..\nI wonder if I sometimes feel like sleeping alone?\\..\\..","dialogs_chapter_1_Постели тут довольно мягкие\\..\\..\\.. Вот же ж\\..\\..\\.. В ближайшие пару десятков часов занятий нет, как и работы\\..\\..\\..":"The beds here are quite soft\\..\\..\\..\nWell\\..\\..\\..\nThere are no classes for the next couple of dozen hours,\nhow and work\\..\\..\\..","dialogs_chapter_1_Надеюсь, для жнеца не грех будет подремать пару часиков.":"I hope it won't be a sin for the reaper\ntake a nap for a couple of hours.","dialogs_chapter_1_Фух\\..\\..\\.. Ну и приснится же такое\\..\\..\\..":"Phew\\..\\..\\.. Well, I’ll dream about something like this\\..\\..\\..","dialogs_chapter_1_Прошло около 5-и часов. Скоро лекция у Ирея, там досплю остальное.":"About 5 hours passed.\nIrei will have a lecture soon, I’ll finish the rest there.","dialogs_chapter_1_Выберитесь из Зубчатого каньона!":"Escape the Jagged Canyon!","dialogs_chapter_1_Вы только что нашли один из элементов экипировки жнецов.":"You have just found one of the Reapers' equipment.","dialogs_chapter_1_Перейдите во вкладку \"Экипировать\", чтобы надеть \\C[3]скоростной усилитель\\C[0].":"Go to the Equip tab to equip \\C[3]speed amplifier\\C[0].","dialogs_chapter_1_Он увеличит параметр \\C[1]скорости\\C[0] персонажа.":"It will increase the character's \\C[1]speed\\C[0] parameter.","dialogs_chapter_1_\\C[1]Чем она выше, тем чаще вы сможете ходить\\C[0].":"\\C[1]The higher it is, the more often you can act\\C[0].","dialogs_chapter_1_Отлично\\..\\..\\.. Хуже прогулки на свежем воздухе у меня ещё никогда не было\\..\\..\\..":"Excellent\\..\\..\\.. I've never had a worse walk\nin the fresh air\\..\\..\\..","dialogs_chapter_1_Гигантские когти направлялись в сторону жнеца!":"The giant claws were heading towards the reaper!","dialogs_chapter_1_Соскользнув с бицепса опустошителя, жнец впился острием клинка в живот гиганта.":"Slipping from the devastator's bicep, the reaper bit into\nblade into the giant's belly.","dialogs_chapter_1_Падение было смертельным... даже для жнеца...":"The fall was fatal... even for a reaper...","dialogs_chapter_1_Давай, Риом!":"Come on, Riom!","dialogs_chapter_1_Преврати его в фарш!!!":"Turn it into mince!!!","dialogs_chapter_1_ДА!":"YES!","dialogs_chapter_1_ДА!!":"YES!!","dialogs_chapter_1_РЕЖЬ ЭТОТ КУСОК ГОВНА!!!":"CUT THIS PIECE OF SHIT!!!","dialogs_chapter_1_Лёгкие окрасились чёрной кровью\\..\\..\\.. Рёбра разделились на десятки мелких частей\\..\\..\\..":"The lungs were stained with black blood\\..\\..\\..\nThe ribs were divided into dozens of small parts\\..\\..\\..","dialogs_chapter_1_А почки, печень, кишки и сердце превратились в огромную кровавую кашу\\..\\..\\..":"And the kidneys, liver, intestines and heart turned into \na huge bloody mess\\..\\..\\..","dialogs_chapter_1_Теневой разрез!":"Shadow cut!","dialogs_chapter_1_Все это началось подобно кошмарному сну.":"It all started like a nightmare.","dialogs_chapter_1_Сначала всё начинается нормально. \\|Ты видишь привычные тебе вещи, знакомые образы.":"At first everything starts out normal.\\|\nYou see familiar things, familiar images.","dialogs_chapter_1_На вид их не отличить от реальности. \\|В какой-то момент ты даже забываешь, что это сон.":"In appearance they cannot be distinguished from reality.\\|\nAt some point you even forget that this is a dream.","dialogs_chapter_1_Но потом происходящее превращается в чистый, невыносимый ужас.":"But then what happens turns into pure, unbearable\nhorror.","dialogs_chapter_1_Он начинает терзать тебя, мучить. Преследовать, куда бы ты не побежал.":"He starts to torment you, torment you.\nChase you wherever you run.","dialogs_chapter_1_И единственное, что хочется в этот момент\\..\\..\\..":"And the only thing you want at this moment\\..\\..\\..","dialogs_chapter_1_Проснуться.":"Wake up.","dialogs_chapter_1_Чтобы этот кошмар наконец-то закончился.":"So that this nightmare can finally end.","dialogs_chapter_1_Так и началась моя история.":"This is how my story began.","dialogs_chapter_1_Я Риом Рури. \\.Низкоранговый жнец, проводник и собиратель душ, который беспрекословно служит своей создательнице - \\!Смерти.":"I am Riom Ruri. \\.Low-ranked reaper, guide and gatherer\nof souls who unquestioningly serves it's creator - \\!\nOf death.","dialogs_chapter_1_Наша работа - защищать человеческие души. \\.Следить за тем, чтобы искушенные обитатели мира Мертвых не вмешивались в жизненный цикл людей. \\.Не нарушали естественный порядок вещей.":"Our job is to protect human souls.\\. To make sure that the\nsophisticated inhabitants of the world of the Dead do not \ninterfere with the life cycle of people. \\.That they do not \ndisturb the natural order of things.","dialogs_chapter_1_Но как насчет нас самих?":"But what about ourselves?","dialogs_chapter_1_Несколько сотен лет назад на Чистилище напал враг, которого сильно недооценивали,\\. и не ждали.":"Several hundred years ago, Purgatory was attacked by \nan enemy who was greatly underestimated and wasn’t \nexpected.","dialogs_chapter_1_Мы зовем их Восставшими. Я мало что помню о них, но знаю одно...":"We call them the Risen. I don't remember much about \nthem, but I know one thing...","dialogs_chapter_1_В день своей атаки, они перебили кучу народу.":"On the day of their attack, they killed a lot of people.","dialogs_chapter_1_Все жнецы, от мелких работяг, вроде меня, до Вероломгеров, самых старших по рангу\\..\\..\\.. Все понесли огромные потери. Как и сами Восставшие.":"All the reapers, from small workers like me to the \nWerolomgers, the most senior in rank\\..\\..\\.. \nEveryone suffered huge losses. \nJust like the Risen themselves.","dialogs_chapter_1_Мой отец и несколько Вероломгеров сразились с лидерами Восставших и выбили их из Чистилища.":"My father and several of the Werolomgers fought the \nleaders The Risens and knocked them out of Purgatory.","dialogs_chapter_1_После этого начался долгий этап восстановления. \\.Все, что было разрушено - починили. Все здания, оборонительные системы, механизмы\\..\\..\\.. Все вернулось в норму.":"After this, a long stage of recovery began.\\.\nEverything that was destroyed was repaired.\nAll buildings, defensive systems, mechanisms\\..\\..\\..\nEverything is back to normal.","dialogs_chapter_1_Но.":"But.","dialogs_chapter_1_Ненадолго.":"Not for long.","dialogs_chapter_1_Проверку боевых навыков я прошёл. Больше мне тут нечего делать.":"I passed the combat skills test.\nThere's nothing more for me to do here.","dialogs_chapter_1_С тестом на умение применять расходники я прошёл\\..\\..\\.. Нужно двигаться дальше.":"\r\nI passed the test for the ability to use \nconsumables\\..\\..\\.. I need to move on.","dialogs_chapter_1_Проверка мышления пройдена. Пора проходить следующее испытание.":"The thinking test has been passed.\nIt's time for the next test.","dialogs_chapter_1_Экзаменационная секция... Сюда пока рано идти.":"Exam section... It’s too early to go here.","dialogs_chapter_1_Экзамен ещё не закончен.":"The exam isn't over yet."}