{"Мастер фраза для определения максимальной длины текста":"Well, that old thing almost tore me to pieces for its g","dialogs_chapter_3_Глава 3":"\n                                                                  Chapter 3","dialogs_chapter_3_А\\..\\..\\..\\! *Кашляет кровью*\\..\\..\\..\\! Помогите...":"A\\..\\..\\..\\! *Coughs blood*\\..\\..\\..\\! Help...","dialogs_chapter_3_Кто-нибудь\\..\\..\\..":"Anyone\\..\\..\\..","dialogs_chapter_3_Ты!.. \\!Снова драки хочешь?!..":"You!.. \\!Do you want a fight again?!..","dialogs_chapter_3_Успокойся, Риом.":"Calm down, Riom.","dialogs_chapter_3_Я не сражаться сюда пришел.":"I didn't come here to fight.","dialogs_chapter_3_Нам с тобой предстоит долгий... очень долгий путь.":"You and I have a long... a very long journey ahead of us.","dialogs_chapter_3_Но для начала\\..\\..\\.. Встань.":"But first\\..\\..\\.. Stand up.","dialogs_chapter_3_Ха\\..\\..\\.. Ха-ха\\..\\..\\..":"Ha\\..\\..\\.. Ha-ha\\..\\..\\..","dialogs_chapter_3_Мои кости смешались с органами\\..\\..\\..":"My bones are mixed with organs\\..\\..\\..","dialogs_chapter_3_Как ты себе это представляешь?! \\!*Кашляет кровью*":"How do you imagine it?! \\!\n*Coughs blood*","dialogs_chapter_3_Не беда, сейчас помогу\\..\\..\\..":"No problem, I’ll help you now\\..\\..\\..","dialogs_chapter_3_Риом почувствовал, как тьма впилась ему в рёбра. \\.Она быстро расползалась по телу.":"Riom felt the darkness dig into his ribs.\\.\nIt quickly spread throughout the body.","dialogs_chapter_3_Ах ты су\\..\\..\\..":"Oh you su\\..\\..\\..","dialogs_chapter_3_Призрак заткнул Риому рот.":"The ghost shut Riom's mouth.","dialogs_chapter_3_Тише. \\!Забыл где мы?":"Quiet. \\!Forgot where we are?","dialogs_chapter_3_Мог бы и помягче исцелить!":"I could have healed it more gently!","dialogs_chapter_3_Не вредничай. Ты жив и можешь двигаться.":"Do not be mean. You are alive and can move.","dialogs_chapter_3_Кто ты и зачем напал на меня в штабе карателей?":"Who are you and why did you attack me at the punitive \nheadquarters?","dialogs_chapter_3_Меня зовут Коельтан, я твой напарник.":"My name is Koeltan, I am your partner.","dialogs_chapter_3_А насчёт нападения\\..\\..\\.. Это была проверка. \\!Подробности объясню в более спокойной обстановке.":"And about the attack\\..\\..\\.. It was a test.\\!\nI’ll explain the details in a calmer environment.","dialogs_chapter_3_Риом достает рацию.":"Riom takes out the walkie-talkie.","dialogs_chapter_3_Даже рация всмятку.":"Even the walkie-talkie is soft-boiled.","dialogs_chapter_3_Незачем по пустякам беспокоить высших жнецов! \\!Тот стремный каратель ясно дал знать что нужно сделать. \\.Убить Восставших. \\.Всех.":"There’s no need to bother the higher reapers over trifles! \\!\nThat creepy punisher made it clear what needs to be\ndone. \\.Kill the Risen. \\.Everyone.","dialogs_chapter_3_А?!":"A?!","dialogs_chapter_3_Черт\\..\\..\\.. Я слышу твой голос у себя в голове\\..\\..\\.. Это н-нормально?\\..\\..":"Crap\\..\\..\\..\nI hear your voice in my head\\..\\..\\..\nIs this n-normal?\\..\\..","dialogs_chapter_3_Да, вполне.":"Yes, it is quite.","dialogs_chapter_3_Пора в путь! Я буду по возможности помогать, а ты двигайся к цели\\..\\..\\..":"It's time to go!\nI will help as much as possible, and you move on\nto the goal\\..\\..\\..","dialogs_chapter_3_И постарайся не сдохнуть!":"And try not to die!","dialogs_chapter_3_Прости, тебе уже не к чему\\..\\..\\..":"Sorry, you don't need this anymore\\..\\..\\..","dialogs_chapter_3_Это мне тоже пригодится.":"This will be useful to me too.","dialogs_chapter_3_Теперь нужно найти безопасное место.":"Now we need to find a safe place.","dialogs_chapter_3_О!":"Oh!","dialogs_chapter_3_Это динамичный телепорт.":"This is a dynamic teleport.","dialogs_chapter_3_Вроде цел\\..\\..\\..":"Seems intact\\..\\..\\..","dialogs_chapter_3_Только сам механизм в сонном режиме.":"Only the mechanism itself is in sleep mode.","dialogs_chapter_3_Значит разбуди его!":"So wake it up!","dialogs_chapter_3_Направь немного энергии в ядро. Легкий импульс приведет машину в чувство.":"Put some energy into the core.\nA slight impulse will bring the machine to life.","dialogs_chapter_3_Стоп\\..\\..\\..":"Stop\\..\\..\\..","dialogs_chapter_3_Риом осматривает ядро телепорта.":"Riom inspects the teleport core.","dialogs_chapter_3_Кто-то вынул батарейку.":"Someone took out the battery.","dialogs_chapter_3_У меня как раз есть одна.":"I just have one.","dialogs_chapter_3_Нужно найти новую, или сделать её самому.":"I need to find a new one, or make one myself.","dialogs_chapter_3_И меня как раз есть чертеж батарейки.":"And I just have a drawing of a battery.","dialogs_chapter_3_Ну хоть напоследок нам помог\\..\\..\\..":"Well, at least he finally helped us\\..\\..\\..","dialogs_chapter_3_На что ты намекаешь?":"What you're suggesting?","dialogs_chapter_3_Да так\\..\\..\\.. Предчувствие. \\.Не бери в голову.":"Yes so\\..\\..\\.. Premonition. \\.Never mind.","dialogs_chapter_3_Что за предчувствие?":"What kind of premonition?","dialogs_chapter_3_(Промолчать)":"(Keep silent)","dialogs_chapter_3_Что за предчувствие? Ты кого-то засек рядом с Тини?":"What kind of premonition?\nDid you spot someone near Tini?","dialogs_chapter_3_Да, но всего на миг\\..\\..\\.. Не уверен, что это опустошитель\\..\\..\\..":"Yes, but just for a moment\\..\\..\\..\nNot sure if it's a devastator\\..\\..\\..","dialogs_chapter_3_Кто ещё кроме жнецов и опустошителей может разгуливать по каньону?":"Who else but the reapers and devastators can\nwalk around the canyon?","dialogs_chapter_3_Много кто.\\. Каньон - излюбленное место тех, кто скрывается от глаз Высших существ, вроде Бога, Дьявола и твоей создательницы -\\. Смерти.":"Many people.\\. The canyon is a favorite place for those\nwho hide from the eyes of Supreme Beings, like\nGod, the Devil and your creator -\\. Death.","dialogs_chapter_3_Так что\\..\\..\\.. Если тебе небезразлична судьба того мелкого жнеца - стоит вернуться в лагерь. Но учти, сила Генома Моркрета не безгранична.":"So\\..\\..\\.. If you care about the fate of\nthat little reaper is worth returning to camp.\nBut remember, the power of Genom Morkret\nis not limitless.","dialogs_chapter_3_Если столкнешься с чем-то\\..\\..\\.. или кем-то, непохожим на местных обитателей, лучше беги. \\.Твое выживание в наших общих интересах.":"If you run into something\\..\\..\\.. or someone that\ndoesn't look like the local inhabitants, you better run. \\.\nYour survival is in our common interests.","dialogs_chapter_3_А рецепт изготовления знаешь?":"Do you know the recipe for making it?","dialogs_chapter_3_Не помню.":"I do not remember.","dialogs_chapter_3_Досадно.":"It's a shame.","dialogs_chapter_3_Думаю, у кого-то из покойников есть запасная батарейка, или её чертеж.":"I think one of the dead people has a spare\nbattery, or a drawing of it.","dialogs_chapter_3_Нужно раздобыть батарею.":"I need to get a battery.","dialogs_chapter_3_Что за\\..\\..\\..":"What the\\..\\..\\..","dialogs_chapter_3_Черт! Только не ты!":"Crap! Not you!","dialogs_chapter_3_ЖНЕЦЫ!!!":"REAPERS!!!","dialogs_chapter_3_Тини, отойди в сторону\\..\\..\\..":"Tini, step aside\\..\\..\\..","dialogs_chapter_3_ВАША СМЕРТЬ СТАНЕТ РАССВЕТОМ ДЛЯ НАШЕЙ РАСЫ!":"YOUR DEATH WILL BE THE DAWN OF OUR RACE!","dialogs_chapter_3_СВОБОДА БЛИЗКО!":"FREEDOM IS CLOSE!","dialogs_chapter_3_И ВЫ\\..\\..\\..":"AND YOU\\..\\..\\..","dialogs_chapter_3_НАМ\\..\\..\\..":"US\\..\\..\\..","dialogs_chapter_3_НЕ ПОМЕШАЕТЕ!!!!!":"DON'T INTERFER!!!!!","dialogs_chapter_3_И смотреть, как ты умираешь?!":"And watch you die?!","dialogs_chapter_3_Н-нет\\..\\..\\..":"N-no\\..\\..\\..","dialogs_chapter_3_Первым ударом гигант Линкер раздробил ноги инженера в труху\\..\\..\\..":"With his first blow, the giant Linker crushed the engineer's legs into dust\\..\\..\\..","dialogs_chapter_3_Вторым ударом - располовинил тело на двое.":"With the second blow, he split the body into two.","dialogs_chapter_3_ТИНИ!!":"TINI!!","dialogs_chapter_3_Сейчас\\..\\..\\..":"Now\\..\\..\\..","dialogs_chapter_3_1 заряд слитка жизни и будешь, как новый\\..\\..\\..":"1 charge of a life bar and you'll be as good as new\\..\\..\\..","dialogs_chapter_3_*Хриплым голосом* Ри\\..\\..\\.. ом\\..\\..\\..":"*Hoarse voice* Ri\\..\\..\\.. om\\..\\..\\..","dialogs_chapter_3_Тини что-то крепко сжал в левой руке.":"Tini clutched something tightly in his left hand.","dialogs_chapter_3_Он медленно поднял руку и упер её в торс Риома.":"He slowly raised his hand and placed it on Riom's torso.","dialogs_chapter_3_Передай\\..\\..\\.. И\\..\\..\\.. рею\\..\\..\\..":"Give\\..\\..\\.. to\\..\\..\\.. Irei\\..\\..\\..","dialogs_chapter_3_Риом перехватил руку Тини.":"Riom grabbed Tini's hand.","dialogs_chapter_3_Получено Окрававленное удостоверение Тини.":"Received Tini's Bloodied ID.","dialogs_chapter_3_После этого свет жизни в глазах раненого жнеца погас.":"After this, the light of life in the eyes of the wounded reaper went out.","dialogs_chapter_3_Нет\\..\\..\\.. Тини\\..\\..\\..":"No\\..\\..\\.. Tini\\..\\..\\..","dialogs_chapter_3_Твою ж мать\\..\\..\\..":"Your mother\\..\\..\\..","dialogs_chapter_3_И что дальше?":"So, what is next?","dialogs_chapter_3_Для начала выберемся из окружения опустошителей. \\|Потом найдем способ связаться с Высшими жнецами. \\.\\.Кто-нибудь из них подскажет что делать дальше.":"First, let's get out of the environment of the devastators. \\|\nThen we'll find a way to contact the High Reapers. \\.\\.\nOne of them will tell you what to do next.","dialogs_chapter_3_А как с Восставшими будешь воевать?":"How will you fight the Risen?","dialogs_chapter_3_Как раз для этого мне и нужен совет Вероломгеров.":"This is precisely why I need the advice of the Werolomgers.","dialogs_chapter_3_Живучий урод\\..\\..\\..":"Tenacious freak\\..\\..\\..","dialogs_chapter_3_*Кашляет с кровью*":"*Coughs blood*","dialogs_chapter_3_Кхе-кх\\..\\..\\..":"Cough cough\\..\\..\\..","dialogs_chapter_3_Не двигайся.":"Do not move.","dialogs_chapter_3_Тини достал слиток жизни.":"Tini took out an ingot of life.","dialogs_chapter_3_Спасибо.":"Thank you.","dialogs_chapter_3_Та не за что\\..\\..\\..":"You're welcome\\..\\..\\..","dialogs_chapter_3_Мы справились!":"We did it!","dialogs_chapter_3_У нас получилось его одолеть!!":"We managed to defeat him!!","dialogs_chapter_3_Ага. На одну проблему меньше.":"Yeah. One less problem.","dialogs_chapter_3_Давай, ты первый.":"You first.","dialogs_chapter_3_Спасибо, что помог выбраться\\..\\..\\.. без тебя меня бы рано или поздно убили.":"Thank you for helping me get out\\..\\..\\..\nWithout you, I would have been killed sooner or later.","dialogs_chapter_3_Как я могу отблагодарить тебя?":"How can I thank you?","dialogs_chapter_3_Расскажи штабу Вероломгеров всё, что ты увидел и скажи, что я жив и мне нужна помощь.":"Tell the Werolomger headquarters everything\nyou saw and tell them that I am alive and\nI need help.","dialogs_chapter_3_Каньон со всех сторон кишит опустошителями и я без понятия где искать Восставших.":"The canyon is infested with devastators on all sides.\nand I have no idea where to look for the Risen.","dialogs_chapter_3_Как только я буду в безопасной зоне - смогу выйти на связь.":"As soon as I'm in the safe zone -\nI can get in touch.","dialogs_chapter_3_Хорошо, я передам. И ещё возьми это\\..\\..\\..":"Ok I'll pass it on. And also take this\\..\\..\\..","dialogs_chapter_3_Получено Инженерная установка!":"Received Engineering Installation!","dialogs_chapter_3_Эмм\\..\\..\\.. И как она мне поможет?":"Um\\..\\..\\.. And how will it help me?","dialogs_chapter_3_С помощью этой установки можно сносить крупные преграды, ставить ловушки и многое другое\\..\\..\\..":"With this installation you can demolish\nlarge obstacles, set traps and much more\\..\\..\\..","dialogs_chapter_3_Уверен, ты найдешь ей достойное применение!":"I'm sure you'll find a good use for it!","dialogs_chapter_3_Надеюсь, мы еще встретимся!":"Hope to see you again!","dialogs_chapter_3_Удачи, Риом!":"Good luck, Riom!","dialogs_chapter_3_Теперь моя очередь.":"Now it's my turn.","dialogs_chapter_3_\\C[2]РИОМ, ОТОЙДИ НАЗАД!":"\\C[2]RIOM, GET BACK!","dialogs_chapter_3_\\C[2]БЫСТРО!!!":"\\C[2]FAST!!!","dialogs_chapter_3_ЖНЕЦ!!!":"REAPER!!!","dialogs_chapter_3_ТВОЯ СМЕРТЬ СТАНЕТ РАССВЕТОМ ДЛЯ НАШЕЙ РАСЫ!":"YOUR DEATH WILL BE THE DAWN OF OUR RACE!","dialogs_chapter_3_И ТЫ...":"AND YOU...","dialogs_chapter_3_НЕ ПОМЕШАЕШЬ!!!!!":"DON'T INTERFER!!!!!","dialogs_chapter_3_Риом, заткни его побыстрее! \\.Он слишком шумный.":"Riom, shut him up quickly! \\.It's too noisy.","dialogs_chapter_3_Согласен\\..\\..\\.. Аж в ушах звенит.":"I agree\\..\\..\\.. My ears are already ringing.","dialogs_chapter_3_Риом, насчёт ресурсов\\..\\..\\.. Для создания батарейки очень нужен осколок гидрита. Залежи гидрита часто прорастают до поверхности. Чаще всего их можно найти в пустыне или\\..\\..\\.. в подземных секциях каньона.":"Riom, about resources\\..\\..\\.. To create a battery it is very\nNeed a hydrite shard. Hydrite deposits often germinate\nto the surface. Most often they can be found in the desert or\\..\\..\\..\nin the underground sections of the canyon.","dialogs_chapter_3_(Только не эти проклятые подземелья).":"(Not these damn dungeons).","dialogs_chapter_3_\\>                              *Тяжелый вздох*\\.\\.":"\\> *Heavy sigh*\\.\\.","dialogs_chapter_3_Где-то поблизости есть пещера или какой-нибудь спуск под землю?":"Is there a cave somewhere nearby or some kind of descent\nunderground?","dialogs_chapter_3_Есть целая секция пещер, но она очень далеко отсюда\\..\\..\\..":"There is a whole section of caves, but it is very far from here\\..\\..\\..","dialogs_chapter_3_В-вспомнил! Опустошители часто нападают из-за засад\\..\\..\\.. Эти твари любят прятаться под хрупкими з-земляными породами в ожидании жертвы.":"I r-remember! Devastators often attack from ambushes\\..\\..\\..\nThese creatures love to hide under f-fragile earth\nrocks, waiting for prey.","dialogs_chapter_3_Хрупкие земляные породы\\..\\..\\..":"Brittle earth rocks\\..\\..\\..","dialogs_chapter_3_Да!\\.\\. Любая трещина под ногами и в стенах может привести нас в подземелье.":"Yes!\\.\\. Any crack under your feet and in the walls can\nlead us to the dungeon.","dialogs_chapter_3_Ладно.":"OK.","dialogs_chapter_3_(Лучше поискать другое решение. Ненавижу подземелья\\..\\..\\..)":"(Better look for another solution. I hate dungeons\\..\\..\\..)","dialogs_chapter_3_И так\\..\\..\\.. Судя по чертежу, нам нужно 4 куска гистита и 1 гидритовый осколок.":"And so\\..\\..\\.. Judging by the drawing, we need 4 pieces\nhistite and 1 hydrite shard.","dialogs_chapter_3_Залежи гистита можно легко найти на поверхности.":"Deposits of histite can be easily found on the surface.","dialogs_chapter_3_А вот с гидритом будет сложнее.":"But with hydrite it will be more difficult.","dialogs_chapter_3_Есть идея. \\.Почини рацию в созидателе и свяжись с кем-нибудь из Чистилища.":"I have an idea. \\.\nRepair the radio in the creator and contact\nsomeone from Purgatory.","dialogs_chapter_3_Спроси, где именно искать гидритовые залежи в каньоне.":"Ask where exactly to look for hydrite deposits\nin the canyon.","dialogs_chapter_3_Или\\..\\..\\..":"Or\\..\\..\\..","dialogs_chapter_3_Я могу улавливать магические волны. Гидрит как раз должен их излучать.":"I can pick up magical waves.\nHydrite should be emitting them.","dialogs_chapter_3_Пройдись по округе, а я скажу откуда исходит сигнал.":"Walk around and I'll tell you where it comes from.\nsignal.","dialogs_chapter_3_Получается\\..\\..\\.. Ты что-то вроде радара?":"It turns out\\..\\..\\.. Are you some kind of radar?","dialogs_chapter_3_Ищи свои осколки.":"Look for your fragments.","dialogs_chapter_3_Я дам знать, как будешь рядом с чем-то интересным.":"I'll let you know when you're close to something\ninteresting.","dialogs_chapter_3_Обменник\\..\\..\\.. Он ещё работает?":"Exchanger\\..\\..\\.. Is it still working?","dialogs_chapter_3_Вряд ли\\..\\..\\.. О-опустошители повредили всё оборудование.":"Unlikely\\..\\..\\.. The d-devastators damaged all\nequipment.","dialogs_chapter_3_К счастью обменник более-менее цел.":"Fortunately, the exchanger is more or less intact.","dialogs_chapter_3_Нужна только батарейку поменять.":"We just need to change the battery.","dialogs_chapter_3_Без энергии этот обменник бесполезен. Нужно раздобыть батарейку.":"Without energy, this exchanger is useless.\nWe need to get a battery.","dialogs_chapter_3_Поменять батарейку":"Change the battery","dialogs_chapter_3_Оставить в покое":"Leave alone","dialogs_chapter_3_Ухх\\..\\..\\.. Я чуть ноги не переломал!!":"Uhh\\..\\..\\.. I almost broke my legs!!","dialogs_chapter_3_Ха-ха-ха! \\!За то ты впервые воспользовался моим мечом!":"Ha ha ha! \\!That's why you used my sword for the first time!","dialogs_chapter_3_Ну, чтобы обидно не было\\..\\..\\.. так и быть, можешь на постоянке использовать Теневой удар.":"Well, so as not to be offensive\\..\\..\\.. so be it,\nYou can use Shadow Strike permanently.","dialogs_chapter_3_Легкий магический импульс, который ломает любые преграды.":"A light magical impulse that breaks any\nobstacles.","dialogs_chapter_3_Органические тоже. Чем ниже у цели магическая защита, тем больнее ущерб.":"Organic too.\nThe lower the target's magical defense, the more painful it is.\ndamage.","dialogs_chapter_3_В разделе \"Магия\" появился новый навык \"Теневой удар\".":"A new skill, “Shadow Strike,” has appeared in the “Magic” section.","dialogs_chapter_3_Премного благодарен.":"Very grateful.","dialogs_chapter_3_Крейг\\..\\..\\.. Сара\\..\\..\\.. Роман\\..\\..\\.. Фанрих\\..\\..\\.. Мой отряд\\..\\..\\..":"Craig\\..\\..\\.. Sarah\\..\\..\\.. Roman\\..\\..\\.. Fanrich\\..\\..\\.. My squad\\..\\..\\. .","dialogs_chapter_3_                                  *Тини закрыл глаза павшему жнецу*":"*Tini closed the eyes of the fallen reaper*","dialogs_chapter_3_З-здесь всё и началось.":"T-this is where it all started.","dialogs_chapter_3_Всё что от нас требовалось - о-осторожн-но добывать ресурсы.":"All that was required of us was to c-carefully extract\nresources.","dialogs_chapter_3_А к-как только Крейг получил п-приказ немедленно возвращаться\\..\\..\\..":"And a-as soon as Craig received the o-order to return\nimmediately\\..\\..\\..","dialogs_chapter_3_Раздался рёв!":"There was a roar!","dialogs_chapter_3_И проломов стены\\..\\..\\.. огромная\\..\\..\\.. многорукая тварь\\..\\..\\..м-мигом разорвала троих.":"And the breaches of the wall\\..\\..\\.. a huge\\..\\..\\.. multi-armed creature\\..\\..\\..\ni-instantly tore three of us apart.","dialogs_chapter_3_Я сбежал.\\.\\. Прятался и ж-ждал свой отряд.":"I escaped.\\.\\. I hid and waited for my squad.","dialogs_chapter_3_Не вини себя. Самобичевание павшим друзьям не поможет.":"Do not blame yourself. Self-flagellation for fallen \nfriends will not help.","dialogs_chapter_3_Лучшее, что ты можешь сделать - помнить их и не повторять тех же ошибок.":"The best thing you can do is remember them and\nnot repeat the same mistakes.","dialogs_chapter_3_Не п-повторять ошибок\\..\\..\\..Что т-ты имеешь в виду?":"Don't r-repeat mistakes\\..\\..\\..\nWhat do you mean?","dialogs_chapter_3_В следующий раз не трусить и сломя голову ид-дти в атаку?":"Next time, don’t be a coward and go headlong into the attack?","dialogs_chapter_3_Перед тем, как лезть в неизвестную область - проводить разведку.":"Before venturing into an unknown area, conduct\nintelligence.","dialogs_chapter_3_Прислушиваться к инстинктам и голосу разума.\\.\\. Все мы ошибаемся.\\.\\. Если усвоишь урок - спасёшь не один десяток жнецов от смерти.":"Listen to your instincts and the voice of reason.\\.\\.\nWe all make mistakes.\\.\\.\nIf you learn your lesson, you will save dozens of reapers\nfrom death.","dialogs_chapter_3_                                      *Получено 3 осколка гидрита!*":"*Received 3 hydrite fragments!*","dialogs_chapter_3_Кстати о здравом смысле.\\.\\! Пора сваливать!":"Speaking of common sense.\\.\\!\nIt's time to get out!","dialogs_chapter_3_Ага-а.":"Yep.","dialogs_chapter_3_Слишком темно\\..\\..\\..":"Too dark\\..\\..\\..","dialogs_chapter_3_Ммм\\..\\..\\..":"Mmm\\..\\..\\..","dialogs_chapter_3_Это не проблема.":"It's not a problem.","dialogs_chapter_3_Риом напрягся.":"Riom tensed.","dialogs_chapter_3_Так лучше?":"That's better?","dialogs_chapter_3_Фух\\..\\..\\.. Специфичный вид.":"Phew\\..\\..\\.. Specific look.","dialogs_chapter_3_Ну, привыкай.":"Well, get used to it.","dialogs_chapter_3_Чёрт\\..\\..\\..":"Crap\\..\\..\\..","dialogs_chapter_3_Поторопись со сбором гидрита.":"Hurry up and collect the hydrite.","dialogs_chapter_3_Опустошители учуяли тебя и сейчас идут прямо сюда.":"The devastators have smelled you and are coming\nright here.","dialogs_chapter_3_(Это же жнец-Ривальсер!)":"(It's the Reaper-Rivalser!)","dialogs_chapter_3_С-стой!":"S-stop!","dialogs_chapter_3_*Жнец-Ривальсер обнажил оружие*":"                                  *Reaper-Rivalser draws his weapon*","dialogs_chapter_3_Не подходи ко мне!!!":"Do not come to me!!!","dialogs_chapter_3_(Какой-то он нервный.)":"(He's kind of nervous.)","dialogs_chapter_3_(Думаю надо...)":"(I think we should...)","dialogs_chapter_3_*Ривальсер убрал оружие*":"                                     *Rivalser puts away his weapon*","dialogs_chapter_3_Фух\\..\\..\\.. Прости\\..\\..\\..":"Phew\\..\\..\\.. Sorry\\..\\..\\..","dialogs_chapter_3_Кто ты?":"Who are you?","dialogs_chapter_3_Р-ривальсер Тини, и-инженерный корпус.":"R-rivalser Tini, e-engineering corps.","dialogs_chapter_3_А я Риом Рури.":"And I'm Ryom Ruri.","dialogs_chapter_3_Что с тобой случилось?":"What happened to you?","dialogs_chapter_3_Нам о-отдали приказ оборудовать форпост и пару пунктов добычи\\..\\..\\.. рядом с пещерами.":"We were g-given the order to set up an outpost and a \ncouple of mining points\\..\\..\\..near the caves.","dialogs_chapter_3_В них полно самых разных р-ресурсов, хватит на полное укрепление Чистилища\\..\\..\\.. Хех.":"They are full of a wide variety of r-resources, \nenough for a full strengthening of Purgatory\\..\\..\\.. Heh.","dialogs_chapter_3_Мы не трогали местных обитателей, даже диких опустошителей обходили стороной\\..\\..\\..":"We did not touch the local inhabitants, we even \navoided wild devastators\\..\\..\\..","dialogs_chapter_3_Но в один м-момент связь с другими о-отрядами оборвалась. Опустошители сошли с ума и н-начали убивать всех жнецов.":"But at one m-moment, communication with other \ns-squads broke off.\nThe devastators went crazy and s-started killing all \nthe reapers.","dialogs_chapter_3_Никого не осталось\\..\\..\\.. Сколько прошло времени\\..\\..\\.. Д-день?\\.\\. Неделя?":"There's no one left\\..\\..\\..\nHow much time has passed\\..\\..\\..\nD-day?\\.\\. A week?","dialogs_chapter_3_\\C[1]Как тебе удалось так долго продержаться?":"\\C[1]How did you manage to hold out for so long?","dialogs_chapter_3_\\C[1]Ты пробовал связаться со своим Штабом?":"\\C[1]Have you tried contacting your Headquarters?","dialogs_chapter_3_\\C[3]Промолчать.":"\\C[3]Keep silent.","dialogs_chapter_3_Как тебе удалось так долго продержаться?":"How did you manage to last so long?","dialogs_chapter_3_Я прятался\\..\\..\\.. И п-под землёй есть куча гидритовых залежей.":"I was hiding\\..\\..\\..\nAnd there's a ton of hydrite deposits underground.","dialogs_chapter_3_О-опустошители не такие уж и агрессивные\\..\\..\\.. если их не провоцировать.":"D-devastators aren't that aggressive\\..\\..\\..\nif you don't provoke them.","dialogs_chapter_3_Ты пробовал связаться со своим Штабом?":"Have you tried contacting your Headquarters?","dialogs_chapter_3_Д-да\\..\\..\\.. Мне приказали отступать к ближайшему телепорту.":"Y-yes\\..\\..\\..\nI was ordered to retreat to the nearest teleport.","dialogs_chapter_3_Но я не смог\\..\\..\\.. Опустошителей б-было слишком много.":"But I couldn't\\..\\..\\..\nThere were too many devastators.","dialogs_chapter_3_И ещё\\..\\..\\.. С ними был какой-то гигантский громила с рогами и огромным топором!":"And further\\..\\..\\..\nWith them was some giant thug with horns and\nwith a huge axe!","dialogs_chapter_3_Он сейчас сторожит телепорт.":"He is now guarding the teleport.","dialogs_chapter_3_Идём со мной, попробуем выбраться.\\. Уверен, телепорт где-то рядом.":"Come with me, let’s try to get out.\\.\nI'm sure the teleport is somewhere nearby.","dialogs_chapter_3_Притормози, Риом!\\. Меня эта неженка напрягает.":"Slow down, Riom!\\.\nThis sissy thing is annoying me.","dialogs_chapter_3_Чем он тебя напрягает?":"How does he bother you?","dialogs_chapter_3_И что же ты предлагаешь?":"So what do you propose?","dialogs_chapter_3_(Чем он тебя напрягает?)":"(How is he bothering you?)","dialogs_chapter_3_Он весь дрожит, заикается\\..\\..\\.. да и его рассказ неубедителен.":"He's shaking all over, stuttering\\..\\..\\.. and even his\nThe story is not convincing.","dialogs_chapter_3_За все свое человеческое существование я часто видел подобную картину.":"Throughout my entire human existence, I have \noften I saw a similar picture.","dialogs_chapter_3_Когда с виду запуганный, беспомощный паренек оказался тем ещё\\..\\..\\.. серийным убийцей.":"When a seemingly frightened, helpless boy\nturned out to be that\\..\\..\\.. serial killer.","dialogs_chapter_3_Я бы на твоем месте ему не доверял.":"I wouldn't trust him if I were you.","dialogs_chapter_3_(Да брось\\..\\..\\.. Маньяки среди жнецов? За тысячи лет существования Чистилища не было задокументировано ни одного случая!)":"(Come on\\..\\..\\.. Maniacs among the reapers?\nFor thousands of years of existence of \nPurgatory, not a single case has been \ndocumented!)","dialogs_chapter_3_(Ни в одном корпусе, даже среди карателей\\..\\..\\..)":"(Not in any building, even among the punishers\\..\\..\\..)","dialogs_chapter_3_А не задокументированные случаи?":"What about undocumented cases?","dialogs_chapter_3_Всё возможно\\..\\..\\..":"Everything is possible\\..\\..\\..","dialogs_chapter_3_Оставить инженера тут.\\. Пусть скажет, как активировать телепорт, а с остальным ты сам разберёшься.":"Leave the engineer here.\\.\nLet him tell you how to activate the teleport, and with \nthe rest you'll figure it out yourself.","dialogs_chapter_3_Что если на него нападут опустошители?":"What if he's attacked by devastators?","dialogs_chapter_3_Уверен..\\..\\.. Когда Тини спрячется, а ты устроишь резню - этим тварям будет не до него.":"I'm sure..\\..\\.. When Tini hides and you start\na massacre - these creatures will have no time for him.","dialogs_chapter_3_Риом?\\. Всё в порядке?":"Riom?\\. Everything is fine?","dialogs_chapter_3_Тини, напомни":"Tini, remind me","dialogs_chapter_3_как активировать телепорт?":"how to activate teleport?","dialogs_chapter_3_Если его не повредили опустошители, достаточно заменить батарею.":"If it hasn't been damaged by the devastators, it's \nenough to replace the battery.","dialogs_chapter_3_Спрячься где-нибудь.":"Hide somewhere.","dialogs_chapter_3_Пошли, поможешь найти батарею.":"Come on, help me find the battery.","dialogs_chapter_3_Как активирую телепорт дам - тебе знать.":"I'll let you know when I activate the teleport.","dialogs_chapter_3_Хорошо\\..\\..\\.. Ещё, на всякий случай, д-держи чертёж батареи.":"Fine\\..\\..\\..\nAlso, just in case, k-keep the drawing of the battery.","dialogs_chapter_3_Как разберёшься с механизмом, свяжись со мной по рации.":"Once you figure out the mechanism, contact me on \nthe radio.","dialogs_chapter_3_Замётано!":"Covered up!","dialogs_chapter_3_Кстати об этом\\..\\..\\.. После падения моя рация сломалась.":"By the way,\\..\\..\\..\nAfter the fall, my radio broke.","dialogs_chapter_3_Не проблема.\\. Её можно легко починить с помощью созидателя.":"No problem.\\.\nIt can be easily repaired with the help of the creator.","dialogs_chapter_3_Спасибо, не знал этого.":"Thanks, didn't know that.","dialogs_chapter_3_Но ведь\\..\\..\\.. каньон кишит опустошителями\\..\\..\\..":"But\\..\\..\\.. the canyon is teeming with devastators\\..\\..\\..","dialogs_chapter_3_Я позабочусь о них.\\. Если нападут.":"I will take care of them.\\. If they attack.","dialogs_chapter_3_Чёрт\\..\\..\\.. Ты же жнец, служитель Смерти. Откуда в тебе столько страха?!":"Damn\\..\\..\\.. You are a reaper, a servant of Death.\nWhy do you have so much fear?!","dialogs_chapter_3_Не знаю.\\. Я меч только на з-занятиях использовал\\..\\..\\.. И почти не сражался.":"Don't know.\\.\nI only used the sword in c-classes\\..\\..\\..\nAnd I hardly fought.","dialogs_chapter_3_Д-другое дело - устройства и механизмы, в них я разбираюсь.":"A-another matter is devices and mechanisms,\nI'm good at them.","dialogs_chapter_3_Ладно\\..\\..\\.. покажешь, где тут ресурсы можно собрать. Если кто нападёт - помоги чем сможешь, но не нарывайся.":"Okay\\..\\..\\.. show me where resources can be \ncollected here. If someone attacks, help in any way \nyou can, but don’t force yourself.","dialogs_chapter_3_Х-хорошо.":"O-okay.","dialogs_chapter_3_Хоть бы ты не ошибся, Риом\\..\\..\\..":"I hope you're not mistaken, Riom\\..\\..\\..","dialogs_chapter_3_Если Тини сделает что-то, что мне не понравится\\..\\..\\..":"If Tini does something I don't like\\..\\..\\..","dialogs_chapter_3_Я его самолично убью.":"I will kill him myself.","dialogs_chapter_3_(Все будет хорошо\\..\\..\\.. Он нормальный. Но если что заметишь, лучше предупреди, а дальше я сам разберусь что делать.)":"(Everything will be fine\\..\\..\\.. He's normal.\nBut if you notice anything, it’s better to warn\nand then I’ll figure out what to do myself.)","dialogs_chapter_3_Как знаешь.":"As you know.","dialogs_chapter_3_А где инженер?":"Where's the engineer?","dialogs_chapter_3_Ты крикни, чтобы на весь каньон было слышно. \\!Может Тини отзовётся.":"Shout so that the whole canyon can hear.\\!\nMaybe Tini will respond.","dialogs_chapter_3_Очень смешно\\..\\..\\..":"Very funny\\..\\..\\..","dialogs_chapter_3_Тини!":"Tini!","dialogs_chapter_3_Я же пошутил!!":"I was joking!!","dialogs_chapter_3_Может спрятался где\\..\\..\\.. Сейчас не до этого! \\| Собирай батарею и беги к телепорту. \\.":"Maybe he hid somewhere\\..\\..\\..\nThere's no time for that now! \\|\nCollect the battery and run to the teleporter. \\","dialogs_chapter_3_Восставшие сами себя не уничтожат!":"The Risens will not destroy themselves!","dialogs_chapter_3_Здесь подходящее место.":"This is the right place.","dialogs_chapter_3_Тини, мне нужно поговорить с духом Генома Моркрета. Будь добр, подожди меня здесь.":"Tini, I need to talk to the spirit of Genome\nMorkret. Please wait here for me.","dialogs_chapter_3_Д-да... Я подожду тебя в лагере.":"Y-yes... I'll wait for you at the camp.","dialogs_chapter_3_Только, п-пожалуйста, возвращайся быстрее.":"Just p-please come back quickly.","dialogs_chapter_3_":""}