{"Мастер фраза для определения максимальной длины текста":"Well, that old thing almost tore me to pieces for its g","dialogs_chapter_5_Глава 5":"\n                                                                  Chapter 5","dialogs_chapter_5_Рикард покинул Чистилище. Он отправился в южный район каньона, туда где находится уцелевший отряд боевых жнецов.":"Ricard has left Purgatory. He went to the southern\nregion of the canyon, where there is a surviving \ndetachment of combat reapers.","dialogs_chapter_5_У меня есть одна просьба к тебе, Лаурита.":"I have one request for you, Laurita.","dialogs_chapter_5_Хочешь, чтобы я его остановила?":"Do you want me to stop him?","dialogs_chapter_5_Нет!":"No!","dialogs_chapter_5_Нет\\..\\..\\..":"No\\..\\..\\..","dialogs_chapter_5_Постарайся добраться до отряда раньше Рикарда и забери под свое командование всех боевых жнецов.":"Try to get to the squad before Ricard and\ntake all the combat reapers under your command.","dialogs_chapter_5_Так же там будет много раненых, о них позаботится группа командира Риты.":"There will also be many wounded there,\nCommander Rita's group will take care of them.","dialogs_chapter_5_С тобой пойдет один из моих лучших разведчиков - Кенчиру.":"One of my best scouts, Kenchiru, \nwill go with you.","dialogs_chapter_5_Он будет докладывать обо всем, что происходит вокруг Рика.":"He will report everything that happens\naround Rick.","dialogs_chapter_5_Сидрин\\..\\..\\..":"Sidrin\\..\\..\\..","dialogs_chapter_5_Ты серьезно хочешь избавиться от Рикарда?":"Do you seriously want to get rid of Ricard?","dialogs_chapter_5_Пусть он и чудной, но его меч зарубил немало опасных врагов.":"Even if he is weird, his sword has killed a lot of\ndangerous enemies.","dialogs_chapter_5_Даже если у тебя выйдет нарыть на него убедительный компромат\\..\\..\\..":"Even if you manage to dig up convincing \ncompromising evidence against him\\..\\..\\..","dialogs_chapter_5_Госпожа не отдаст приказ убить его.":"The lady will not give the order to kill him.","dialogs_chapter_5_Скажи, почему ты так сильно его ненавидишь?":"Tell me why do you hate him so much?","dialogs_chapter_5_Я думала, это из-за характера Рикарда, его издевок\\..\\..\\.. но дело точно в другом.":"I thought it was because of Ricard's character, his\nmockery\\..\\..\\.. but it's definitely something else.","dialogs_chapter_5_Когда останешься с ним наедине – увидишь, что он из себя представляет.":"When you are alone with him, you will see\nwhat he really is.","dialogs_chapter_5_Не хочешь говорить\\..\\..\\..":"Don't want to talk\\..\\..\\..","dialogs_chapter_5_Хорошо, буду осторожна с ним.":"Okay, I'll be careful with him.","dialogs_chapter_5_Если встречу Риома, что ему передать?":"If I meet Riom, what should I tell him?","dialogs_chapter_5_Хм.":"Hm.","dialogs_chapter_5_Мы с матерью любим его и молимся, чтобы он выбрался живым и здоровым.":"My mother and I love him and pray that he\ngot out alive and healthy.","dialogs_chapter_5_Лаурита мило улыбнулась.":"Laurita smiled sweetly.","dialogs_chapter_5_Хорошо.":"Fine.","dialogs_chapter_5_Ах да, и ещё\\..\\..\\.. Лаурита.":"Oh yes, and also\\..\\..\\.. Laurita.","dialogs_chapter_5_Если у вас с Риомом всё сложится крайне удачно - двери в моём доме всегда открыты для тебя.":"If things work out extremely well with you and \nRiom, the doors in my house are always open\nfor you.","dialogs_chapter_5_Лаурита покраснела.":"Laurita blushed.","dialogs_chapter_5_С\\..\\..\\.. Си\\..\\..\\.. Сидрин!":"S\\..\\..\\.. Si\\..\\..\\.. Sidrin!","dialogs_chapter_5_Эх-х, Риомка, не стоит пихать меч в первые попавшиеся ножны.":"Eh, Riomka, you shouldn't put the sword into \nthe first scabbard you come across.","dialogs_chapter_5_Надеюсь, Лаурита единственная, а иначе, тебя ждет нелегкий выбор\\..\\..\\..":"I hope Laurita is the only one, otherwise,\nA difficult choice awaits you\\..\\..\\..","dialogs_chapter_5_Твой отряд ждет тебя. \\.Кенчиру с Ритой уже должны быть рядом с телепортом.":"Your squad is waiting for you.\\.\nKenchiru and Rita should be near \nthe teleport by now.","dialogs_chapter_5_Да-да, я поняла.":"Yes, yes, I understand.","dialogs_chapter_5_На связи ударный батальон боевых жнецов\\..\\..\\.. точнее\\..\\..\\..":"The strike battalion of combat reapers is in touch\\..\\..\\..\nmore precisely\\..\\..\\..","dialogs_chapter_5_То что от него осталось.":"What's left of it.","dialogs_chapter_5_Нужна помощь. Срочно. У нас десятки раненых, боеспособных - единицы.":"We need help. Urgently. We have dozens of \nwounded, only a few are combat-ready.\\","dialogs_chapter_5_Прошу, пришлите подкрепление\\..\\..\\.. кого-нибудь.":"Please send reinforcements\\..\\..\\.. someone.","dialogs_chapter_5_В вашу сторону идут два больших отряда. \\.Командир Рикард с группой карателей и Вероломгер Лаурита с боевыми жнецами. \\.Продержитесь до их прихода.":"Two large detachments are coming in your direction.\\.\nCommander Ricard with a group of punitive forces and \nWerolomger Laurita with battle reapers. \\.\nHold out until they arrive.","dialogs_chapter_5_Постараемся.":"We'll try.","dialogs_chapter_5_Рикард обнажил рапиру.":"Ricard drew his rapier.","dialogs_chapter_5_Убейте всех.":"Kill everyone.","dialogs_chapter_5_Локация недоступна в данной версии.":"The location is not available in this version.","dialogs_chapter_5_Но пока что это все! Сохраняйся и до скорого продолжения.":"But that's all for now! Save and see you soon.","dialogs_chapter_5_":""}