{"Мастер фраза для определения максимальной длины текста":"Well, that old thing almost tore me to pieces for its gold! gold! gol","Риом":"Riom","Юный жнец":"Young Reaper","Ирей":"Irei","Коельтан":"Koeltan","Кенчиру":"Kenchiru","Рита":"Rita","Коельшин":"Koelszyn","Вейлер":"Weiler","Зед":"Zed","Тини":"Tini","Ривальсер. Специалист по разным устройствам, может починить что угодно.":"Rivalser. Specialist in various devices, can\r\nfix anything.","Каратель":"Punishier","Боевой жнец":"Battle Reaper","Ривальсер":"Rivalcer","Рикард":"Ricard","Сидрин":"Sidrin","Дин":"Dean","Литгер":"Litger","Дерек":"Derek","Лаурита":"Laurita","Каспар":"Kaspar","Крайс":"Krais","Генри":"Genri","Ирни":"Irni","Роза":"Rose","Все каратели":"All punishiries","Весь отряд":"All squad","Хифлок":"Hiflock","Рутгер":"Rutger","Смерть":"Death","Риом и Рита":"Riom and Rita","Гасп":"Gasp","Дина":"Dina","Ильнара":"Ilnara","Брикс":"Bricks","Жнец":"Reaper","Авель":"Avel","Белла":"Bella","Главный телохранитель":"Chief bodyguard","Система “Уведомитель”":"“Notifier” system","Филин":"Owl","Уровень":"Level","Здоровье":"Health","Мана":"Mana","Энергия":"Energy","Мастерство":"Mastery","Макс. HP":"Max HP","Макс. MP":"Max MP","Атака":"Attack","Защита":"Guard","Маг. атака":"Magic Attack","М. защита":"Magic Defense","Cкорость":"Speed","Контроль":"Control","Шанс попадания":"Hit Chance","Шанс уклонение":"Dodge Chance","Битва":"Battle","Побег":"Escape","Предмет":"Item","Умения":"Skills","Экипировать":"Equip","Состояние":"Status","Отряд":"Squad","Настройки":"Settings","Сохранить":"Save","Завершить игру":"Quit Game","Оружие":"Weapon","Броня":"Armor","Важный предмет":"Key Item","Лучшее":"Best","Снять всё":"Unequip All","Купить":"Buy","Продать":"Sell","Новая игра":"New Game","Продолжить":"Continue","В титульное меню":"Return to Title","Отмена":"Cancel","Бег всегда":"Always Run","Запомнить команду":"Remember Command","Сенсорный интерфейс":"Touch Interface","Уровень громкости BGM":"BGM Volume Level","Уровень громкости BGS":"BGS Volume Level","Уровень громкости ME":"ME Volume Level","Уровень громкости SE":"SE Volume Level","В партии":"In Party","Опыт":"Experience","До повышения":"Before leveling up","В какой файл сохранить?":"Save in which file?","Какой файл загрузить?":"Load which file?","Файл":"File","Автосохранение":"Autosave","и его партия":"and their party","появляется!":"appears!","получает превосходство!":"gains advantage!","удивлён!":"surprised!","пытается сбежать!":"tries to escape!","Но сбежать не удалось!":"But escape failed!","побеждает!":"wins!","проигрывает.":"loses.","получено!":"obtained!","найдено!":"found!","Найдено":"Found","теперь":"is now","выучено!":"learned!","использует":"uses","Отличный удар!":"Excellent hit!","Болезненный удар!":"Painful hit!","получает":"receives","урона!":"damage!","восстанавливает":"restores","обретает":"gains","теряет":"loses","поглощает":"absorbs","не получает повреждений!":"takes no damage!","Промах!":"Miss!","не получил(а) повреждений!":"did not take damage!","уклоняется от атаки!":"dodges the attack!","нейтрализует магию!":"neutralizes magic!","отражает магию!":"reflects magic!","контратакует!":"counterattacks!","защищает":"defends","снова в норме!":"back to normal!","Не действует на":"Does not affect","Голова":"Head","Торс":"Torso","Руки":"Hands","Ноги":"Legs","Неизвестно":"Unknown","Всего":"Total","Описание":"Description","Карта":"Map","Совместный":"Joint","Дуэлянт":"Duelist","Командир":"Commander","Фехтовальщик":"Swordsman","Броненосец":"Armadillo","Удар в голову":"Kick to the head","Накладывает оглушение.":"Inflicts stun.","Удар в торс":"Kick to the torso","Ослабляет защиту противника.":"Weaken the enemy's defense.","Удар по рукам":"Slap on the hands","Ослабляет атаку противника.":"Weaken the enemy's attack.","Удар по ногам":"Kick to the legs","Снижает мобильность противника.":"Reduces enemy mobility.","Уклонение":"Evasion","Позволяет на короткое время избежать всех видов урона (магического и физического).":"Allows you to avoid all types of damage for a short time\n(magical and physical).","Контратака":"Counterattack","Возвращает врагу весь физический урон. Действует недолго. Усиливает атаку на короткое время. ":"Returns all physical damage to the enemy. Does not last long.\nIncreases attack for a short time. ","Выход из боя":"Exit from battle","Отступление!":"Retreat!","Ожидание":"Expectation","Восстанавливает 15 ТР. Пропуск хода.":"Restores 15 TR. Skipping a turn.","Сокрушение":"Crush","Шанс оглушения 90%.":"Chance of stun 90%.","Сильный удар":"Hard Blow","Снижает скорость цели и её защиту.":"Reduces the target's speed and defense.","Взмах на вскидку":"Swing sword offhand","3 быстрых удара по 3-ем случайным противникам. Ослабляет защиту.":"3 quick strikes on 3 random enemies.\nWeakens defense.","Парное рассечение":"Paired dissection","2 удара по одному противнику. Ослабляет атаку.":"2 hits on one enemy. Weakens the attack.","Подавление":"Suppression","8 ударов по одному противнику.":"8 hits on one enemy.","Точный удар":"Accurate strike","Наносит удар, игнорируя контратаку и уклонение.":"Strikes, ignoring counterattacks and dodges.","Прикрытие":"Cover","Защищает союзника от смерти.":"Protects an ally from death.","Разрушение ауры":"Aura destruction","Снижает маг. защиту цели.":"Reduces magic target protection.","Защитный покров":"Protective cover","Усиление маг. защиту.":"Strengthening magic. protection.","Обмен":"Exchange","Восстанавливает манну за счёт энергии.":"Restores mana using energy.","Укрепление мышц":"Muscle strengthening","Усиливает защиту всего отряда.":"Strengthens the defense of the entire squad.","Обострение рефлексов":"Exacerbation of reflexes","Увеличивает скорость всего отряда.":"Increases the speed of the entire squad.","Жажда крови":"Bloodlust","Усиление атаки для всего отряда.":"Increased attack for the entire squad.","Перегрузка":"Overload","Усиление маг. атаки для всего отряда.":"Strengthening magic. attacks for the entire squad.","Милитовый барьэр":"Milite barrier","Усиление маг. защиты всего отряда.":"Strengthening magic. protection of the entire squad.","Контроль ситуации":"Control of the situation","Увеличение шанса наложения состояния для всего отряда.":"Increased chance of inflicting conditions on everything\nsquad.","Команда: \"Уклонение!\"":"Command: \"Dodge!\"","Весь отряд избегает любого урона.":"The entire squad avoids all damage.","Команда: \"Контратака!\"":"Command: \"Counterattack!\"","Отряд возвращает врагу весь физический урон. Действует недолго. Усиливает атаку на короткое время. ":"The squad returns all physical damage to the enemy.\nDoesn't last long. Increases attack for a short time. ","Команда: \"Защита!\"":"Command: \"Defense!\"","Отряд переходит в глухую оборону, повышает защиту.":"The squad goes on the defensive and increases its defense.","Излучение Гидрита":"Hydrite Radiation","Исцеляет выбранного персонажа в отряде.":"Heals the selected character in the squad.","Уклонение II":"Evasion II","Позволяет избежать всех видов урона. Действует 1 ход. Снимет 2 степени ослабления ловкости.":"Allows you to avoid all types of damage. Lasts 1 turn.\nWill remove 2 levels of dexterity reduction.","Контратака II":"Counterattack II","Возвращает врагу весь физический урон. Действует 1 ход. Снимет 2 степени ослабления атаки.":"Returns all physical damage to the enemy. Lasts 1 turn.\nWill remove 2 degrees of attack weakening.","Энерго-волна":"Energy wave","Один взмах - один труп. Возможен крит. удар, снижает магическую защиту.":"One swing - one corpse. Possible critical strike, reduces\nmagical protection.","Поток милита":"Milit flow","Увеличивает реген. MP HP TP на 5%. Действует 10 ходов.":"Increases regen. MP HP TP by 5%. Lasts 10 turns.","Второе дыхание":"Second wind","Приводит в чувство павшего сопартийца. Навык действует только во время боя.":"Brings a fallen party member to his senses.\nThe skill only works during combat.","Gear Shiden!!":"Gear Shiden!!","Сильный одиночный удар. Урон зависит от маг. защиты врага и маг. атаки Зеда.":"Strong single blow.\nDamage depends on magic protection of the enemy and magic\nattack of Zed.","Багровый щит":"Crimson Shield","Шанс физ., маг. уклонения 100%, маг. отражение 100%. Действует 3 хода.":"Chance of physical, magic evasion 100%, magic reflection 100%.\nLasts 3 turns.","Двойной удар":"Double punch","Снижает защиту. 2 удара.":"Reduces defense. 2 hits.","Резня":"Massacre","Снижает защиту и с шансом 8% накладывает кровотечение.\r\n5 ударов.":"Reduces defense and inflicts bleeding with an 8% chance. 5 hits.","Безумие!":"Madness!","Подрыв жопы у Пиритового палача(в версиях выше 1.2.9 у всех опустошителей так же).":"Blowing up the Pyrite Executioner's ass (in versions above 1.2.9\nAll devastators do the same).","Губительный прыжок":"Deadly Leap","Был жнец Лёха, а стал блин лёпеха)":"There was a reaper Lyokha, but he became a damn Lepekha)","Взмах топора":"Ax Swing","Инфернальный удар":"Infernal Strike","Обжигает противника усиленным ударом, ослабляет броню.":"Burns the enemy with an enhanced blow, weakens armor.","Обмораживающий удар":"Frostbite","Обмораживает противника усиленным ударом, снижает скорость цели.":"Freezes the enemy with an enhanced blow, reduces\ntarget speed.","Дробящий удар":"Crushing Strike","Оглушает противника усиленным ударом, ослабляет атаку.":"Stuns the enemy with an enhanced blow, weakens the attack.","Слиток жизни":"Ingot of Life","(Для врага) Использует слиток лечения посреди боя.":"(For Enemy) Uses a healing ingot mid-battle.","Взрывной слиток":"Explosive Ingot","(Для врага) Использует бомбу посреди боя.":"(For enemy) Uses a bomb mid-fight.","Тыльная спираль":"Back spiral","Снижает контроль и имеет 60% шанс оглушения.":"Reduces control and has a 60% chance of stunning.","Ударный фантом":"Impact phantom","Снижает защиту.":"Reduces defense.","Теневые колья":"Shadow stakes","Снижает скорость.":"Reduces speed.","Хаотичный взмах":"Chaotic Swing","Массовая атака.":"Massive attack.","Магический слиток":"Magic ingot","Укус":"Bite","Наносит 100 ед. базового урона, урон зависит от защиты врага.":"Deals 100 base damage, damage depends on defense\nenemy.","Голод":"Hunger","Приводит союзников в бешенство и заставляет чаще атаковать навыком Укус.":"Infuriates allies and makes them more likely to\nattack with the Bite skill.","Круговой взмах":"Circular swing","Бросок камня":"Throwing a Stone","Оглушает и ломает защиту цели.":"Stuns and breaks the target's defense.","Рев Берсерка":"Berserker's Roar","Пугает цель и ослабляет контроль навыков.":"Frightens the target and weakens skill control.","Дьявольское сердце":"Devil's Heart","Усиливает атаку и скорость. Ульта Линкера.":"Increases attack and speed. Linker's Ulta.","Стальная паутина":"Steel web","Полностью обездвиживает цель.":"Completely immobilizes the target.","Смертельное пронзание":"Deadly Pierce","Снижает ловкость и вызывает кровотечение.":"Reduces dexterity and causes bleeding.","Интоксикация":"Intoxication","Умение Арахноида. -5% HP/ход, ослабление ATK, DEF, AGI, LUK.":"Arachnoid skill. -5% HP/turn, weaken ATK, DEF, AGI,\nLUK.","Удар хвостом":"Tail Strike","Шанс ослабить атаку, или защиту, или скорость - 25%. Шанс мгновенной смерти - 25%. Шанс кровотечения - 100%":"The chance of weakening attack, or defense, or speed is 25%.\nChance of instant death - 25%. Chance of bleeding - 100%","Мертвая хватка":"Stranglehold","Снижает защиту за 1 удар.":"Reduces defense per hit.","Обвивающий танец":"Twisting dance","Ослабляет защиту рук, ног, торса и головы.":"Weakens the protection of the arms, legs, torso and head.","Таран":"Ram","Оглушает и снижает эффективность блока.":"Stuns and reduces block effectiveness.","Хватка ястреба":"Grasp of the Hawk","Снижает ловкость в 2 раза.":"Reduces agility by 2 times.","Удар в голову(Летун)":"Head kick (Flyer)","Удар в торс(Летун)":"Kick to the torso (Flyer)","Удар по ногам(Летун)":"Kick to the legs (Flyer)","Удар по рукам(Летун)":"Hit on the hands (Flyer)","Авто-бой":"Auto-fight","Персонаж переходит под управление ИИ до конца боя.":"The character comes under AI control until the end of the battle.","Теневой разрез":"Shadow Slash","Значительно снижает защиту противника. Урон магический.":"Significantly reduces the enemy's defense.\nThe damage is magical.","Теневой покров":"Shadow Cover","Массивный удар, снижает максиум здоровья. Урон магический.":"Massive hit, reduces maximum health.\nThe damage is magical.","Лезвие тени":"Blade of Shadow","Снижает скорость противника. Урон магический.":"Reduces the enemy's speed. The damage is magical.","Прицел под 90 градусов":"Sight at 90 degrees","Увеличивает урон от теневого разреза в два раза. Эффект длиться 1 ход.":"Doubles the damage done by Shadow Slash.\nThe effect lasts 1 turn.","Тьма Генома":"Darkness of the Genome","Все удары на короткое время наносят критические удары.":"All hits deal critical hits for a short time.","Передача энергии":"Energy transfer","Передает накопленные Очки Энергии выбранному союзнику.":"Transfers accumulated Energy Points to the selected ally.","Огненный всплеск":"Fire Splash","Снижает атаку. Есть шанс наложить Горние на цель.":"Reduces attack. There is a chance to cast Burning on the target.","Ледяной взрыв":"Ice Blast","Снижает скорость. Есть шанс наложить Обморожение на цель.":"Reduces speed. Has a chance to inflict Frostbite\non target.","Разряд молний":"Lightning strike","Снижает защиту. Шанс оглушения 40%.":"Reduces defense. Chance of stun 40%.","Прилив сил":"A surge of strength","Фантомный выпад":"Phantom Lunge","Снижает точность на 50%. Урон магический. Не игнорирует уклонение.":"Reduces accuracy by 50%. Damage is magical.\nDoesn't ignore dodge.","Приоритет цели":"Target priority","Фокусирует атаки на выбраном противнике. Понижает защиту цели.":"Focuses attacks on the targeted enemy.\nReduces target's defense.","Чистота души":"Purity of soul","Снимает все негативные эффекты, кроме ослаблений.":"Removes all negative effects except debuffs.","Возврат контроля":"Taking back control","Персонаж возвращается под управление игрока.":"The character returns to the player's control.","Аура лечения":"Aura of healing","Регенерация HP + 4%. Повышение защиты на короткое время.":"HP regeneration + 4%.\nIncreases defense for a short time.","Стальная крепость":"Steel Fortress","Повышает эффективность защиты у всего отряда.":"Increases the effectiveness of defense for the entire squad.","Цепная мина":"Chain mine","Массовая магическая атака. Шанс слабого оглушения 40%.":"Mass magic attack. Chance of weak stun\n40%.","Теневой удар":"Shadow Strike","Урон зависит от магической защиты цели и маг. атаки Риома.":"Damage depends on the target's magical defense and magical attack\nRiom.","Созидание слитка адреналина":"Creating an Adrenaline Ingot","Инженер за счёт энергии создает адреналиновый слиток.":"An engineer uses energy to create an adrenaline bar.","Созидание взрывного слитка":"Crafting an Explosive Ingot","Инженер за счёт энергии создает взрывной слиток.":"An engineer uses energy to create an explosive ingot.","Связь":"Connection","Заглянуть в гости к Коельтану.":"Visit Koeltan.","Метание кольев":"Throwing stakes","Снижает защиту. Стандартная атака Стрелка.":"Reduces defense. Marksman's standard attack.","Бронебойный снаряд":"Armor-piercing projectile","Снимает с цели какие-либо усиления, а так же защиту и контратаку.":"Removes any buffs from the target, as well as protection and\ncounterattack.","Двойной сильный удар":"Double Bounce","Стойкость":"Durability","Повышет физ. защиту в два раза, добавляет TP REG + 50%.":"Will double your physical defense, adds\nTP REG + 50%.","Таран Громилы":"Brute Ram","Умение поддержки. Используется в сюжетных эпизодах. Восстанавливает 50% здоровья.":"Support skill. Used in story episodes.\nRestores 50% health.","Боевой бустер":"Battle booster","Умение поддержки. Используется в сюжетных эпизодах. Увеличивает атаку и защиту на 50%.":"Support skill. Used in story episodes.\nIncreases attack and defense by 50%.","Умение поддержки. Используется в сюжетных эпизодах. Наносит 200 урона. Урон зависит защиты цели.":"Support skill. Used in story episodes.\nDeals 200 damage. Damage depends on the target's defense.","Метание меча":"Throwing a sword","Ослабляет защиту и накладывает на цель кровотечение.":"Reduces defense and causes bleeding on the target.","Метание камня":"Stone throwing","Ослабляет ловкость.":"Reduces agility.","(Для врага) Использует слиток лечения посреди боя на союзника.":"(For enemy) Uses a healing ingot mid-combat\non an ally.","Кромсание":"Shredding","Наносит 250 ед. базового урона, урон зависит от защиты врага. Для крупных врагов.":"Deals 250 base damage, damage depends on defense\nenemy. For larger enemies.","Восстанавливает 50% здоровья.":"Restores 50% health.","Слиток магии":"Magic Ingot","Восстанавливает 50% магической энергии.":"Restores 50% magical energy.","Слиток атаки":"Attack Ingot","Повышает атаку на 50%.":"Increases attack by 50%.","Слиток защиты":"Protection Ingot","Повышает защиту на 50%.":"Increases defense by 50%.","Осколок Гистита":"Gistite Shard","Гистит - легкий метал, который используется жнецами при создании инструментов, или строительстве зданий.":"Histite is a light metal that is used by reapers to make \ntools or construct buildings\r.","Осколок Пирита":"Pyrite Shard","Пирит - крепкий метал, который используется жнецами при создании брони, оружия, или более прочных сплавов. ":"Pyrite is a strong metal that is used by reapers to create armor,\nweapons, or stronger alloys. ","Осколок Гидрита":"Hydrite Shard","Гидрит - целительный минерал, который используется жнецами в медицине, в основном для создания слитков жизни.":"Hydrite is a healing mineral that is used\ntsami in medicine, mainly to create life ingots.","Осколок Милита":"Shard of Milite","Милит - минерал, излучающий мощные магические волны. Используеться, как катализатор энергии для зданий.":"Milite is a mineral that emits powerful magical waves.\nUsed as an energy catalyst for buildings.","Осколок Тиранита":"Tyranite Shard","Тиранит - самый прочный металл. Используется при создании брони\\оружия для Вероломгеров.":"Tyranite is the strongest metal. It is used to create\nresearch of armor/weapons for the Werolomgers.","Оружие-артефакт":"Artifact weapon","Темный клинок, оружие без владельца. Безопаснее держать его в ножнах.":"The dark blade, a weapon without an owner. Safer\nkeep it in its sheath.","Батарея":"Battery","Служит для активации разных механизмов.":"Serves to activate various mechanisms.","Повышает атаку и защиту на 50%.":"Increases attack and defense by 50%.","Осколок Иерархита":"Hierarchite Shard","Иерархит - плоть Иерархов, полубогов исполняющих волю Творца. Используется для создания брони и оружия.":"Hierarchy is the flesh of the Hierarchs, the demigods who fulfill\nthe will of the Creator. Used to create armor and weapons.","Адреналиновый слиток":"Adrenaline Ingot","Восстанавливает 50% TP.":"Restores 50% TP.","Магический барьер":"Magic barrier","Повышает маг. защиту на 40%.":"Increases magic protection by 40%.","Урон - 200 ед. (зависит от маг./физ. защиты цели + маг. атаки игрока). Ослабляет физ. защиту.":"Damage - 200 units (depends on the target's magic/physical defense +\nmagician player's attacks). Weakens physical protection.","Оглушающий слиток":"Stun Ingot","Урон - 200 ед. (зависит от маг\\физ защиты цели.) Шанс оглушения цели - 100%. Понижает скорость.":"Damage - 200 units (depends on the target's magic/physical defense.)\nThe chance of stunning the target is 100%. Reduces speed.","Урон - 400 ед. (зависит от маг. атаки игрока и маг. защиты цели). Ослабляет маг. защ. на 5 ходов.":"Damage - 400 units (depending on the player's magic attack and\nmagician target protection). Weakens magic. def. for 5 moves.","Сплав гистита":"Histite alloy","Атака + 2, Скорость + 1. (Для оружия.)":"Attack + 2, Speed + 1.\n(For weapons.)","Сплав пирита":"Pyrite alloy","Атака + 4, Защита + 2. (Для оружия.)":"Attack + 4, Defense + 2. (For weapons.)","Сплав гидрита":"Hydrite alloy","Атака + 2, Защита + 2, Регенерация HP + 1% (Для оружия.)":"Attack + 2, Defense + 2, HP Regeneration + 1%\n(For weapons.)","Сплав милита":"Milite alloy","Маг. атака + 4, Атаке + 2. (Для оружия.)":"magic attack + 4, attack + 2. (For weapons.)","Сплав тиранита":"Tyranite Alloy","Защите + 2, Атака + 6, Скорость - 1. (Для оружия.)":"Defense + 2, Attack + 6, Speed - 1. (For weapons.)","Ключ от ворот":"Gate key","Ключ открывающий ворота у входа в лесопилку рядом с озером Лакруса.":"The key that opens the gate at the entrance to the sawmill next to\nLake Lacrusa.","Горящее масло":"Burning oil","Смесь для розжига огня.":"Fire starting mixture.","Цельная основа":"One piece base","Деталь от панели управления.":"Detail from the control panel.","Багровые трусы":"Crimson panties","Реликвия боевых жнецов, найденная в комнате Лауриты.":"Relic of the War Reapers found in Laurita's room.","Кровавый наплечник":"Bloody Shoulder","Наплечник с кровавым отпечатком губ Лауриты.":"A shoulder pad with the bloody imprint of Laurita's lips.","Чертеж батарейки":"Battery drawing","Схема создания батарейки. Рецепт: 4 осколка гистита и 1 осколок гидрита.":"Scheme for creating a battery.\nRecipe: 4 histite shards and 1 hydrite shard.","Окровавленное удостоверение Тини":"Teenie's bloody ID","Окровавленное удостоверение личности Тини. Инженерный корпус, ранг - Ривальсер.":"Teenie's Bloody ID Card. Engineering\nCorps, rank - Rivalser.","Инженерная установка":"Engineering installation","Позволяет активировать джамперы.":"Allows you to activate jumpers.","Чертеж боевого бустера":"Battle Booster Blueprint","Схема создания боевого бустера. Рецепт: 1 слиток атаки, 1 слиток защиты.":"Scheme for creating a combat booster.\nRecipe: 1 attack ingot, 1 defense ingot.","Рация":"Walkie Talkie","Инструмент, которий жнецы используют для связи друг с другом.":"A tool that the reapers use to communicate with each other.","Чертеж сплава гидрита":"Hydrite Alloy Blueprint","Рецепт: 2 осколка гидрита и 1 осколок милита.":"Recipe: 2 Hydrite Shards and 1 Milite Shard.","Скоростной модуль":"Speed module","Скорость + 1. (Для брони.)":"Speed + 1. (For armor.)","Силовой модуль":"Power module","Атаки + 3, Маг. атаки + 2. (Для брони.)":"Attack + 3, M. attacks + 2. (For armor.)","Защитный модуль":"Security module","Защиты + 3, Маг. защиты + 2. (Для брони.)":"Defense + 3, M. defense + 2. (For armor.)","Интелектуальный модуль":"Intelligent module","Контроля + 5. (Для брони.)":"Control + 5. (For armor.)","Жизненный модуль":"Life module","HP + 50, Регенерация HP + 0.5. (Для брони.)":"HP + 50, HP regeneration + 0.5. (For armor.)","Энергетический модуль":"Energy module","MP + 30. (Для брони.)":"MP + 30. (For armor.)","Геном Моркрет":"Genom Morkret","Оружие-артефакт, обладает мощью \"режущей тьмы\". Шанс крит. удара - 5%, шанс кровотечения - 10%.":"An artifact weapon with the power of cutting darkness. \nChance of a critical hit - 5%, chance of bleeding - 10%.","Гиститовый меч":"Histite Sword","Стандартное оружие жнеца, меч невероятно легкий. Шанс крит. удара - 5%, шанс кровотечения - 5%.":"The standard weapon of the Reaper, the sword is incredibly light.\nChance of a critical hit - 5%, chance of bleeding - 5%.","Пиритовый меч":"Pyrite sword","Оружие Карателей, Боевых жнецов и, редко, Вероломгеров. Шанс крит. удара - 10%, шанс кровотечения - 5%.":"Weapons of Punishers, War Reapers and, rarely, Werolomgers.\nChance of a critical hit - 10%, chance of bleeding - 5%.","Гидритовый меч":"Hydrite Sword","Излучает целительные волны за счёт манны. Шанс крит. удара - 5%, шанс кровотечения - 5%.":"Emits healing waves using mana.\nChance of a critical hit - 5%, chance of bleeding - 5%.","Милитовый меч":"Milite sword","Оружие Карателей, Боевых жнецов и, редко, Вероломгеров. Шанс крит. удара - 5%, шанс кровотечения - 5%.":"Weapons of Punishers, War Reapers and, rarely, Werolomgers.\nChance of a critical hit - 5%, chance of bleeding - 5%.","Тиранитовый меч":"Tyranite Sword","Топор":"Axe","Инструмент для рубки деревьев. Прочность слабая.":"Tree cutting tool. Strength is weak.","Факел":"Torch","Освещяет тьму, да и как оружие сгодится. Прочность слабая.":"It illuminates the darkness, and it’s also useful as a weapon.\nStrength is weak.","Убер Спрингер":"Uber Springer","Оружие-артефакт.":"Artifact weapon.","Когти Иерарха":"Claws of the Hierarch","Гиститовый шлем":"Histite Helmet","Снижает урон нанесенный по голове на 5%, снижает шанс получения оглушения на 5%.":"Reduces damage dealt to the head by 5%, reduces the chance\ngetting stunned by 5%.","Гиститовый доспех":"Histite armor","Снижает урон нанесенный в зону торса на 5%, снижает шанс ослабления защиты на 5%.":"Reduces damage dealt to the torso area by 5%, reduces\nchance of weakening defense by 5%.","Гиститовые наручи":"Histite Bracers","Снижает урон нанесенный по рукам на 5%, снижает шанс ослабления атаки на 5%.":"Reduces damage dealt to hands by 5%, reduces the chance\nattack weakening by 5%.","Гиститовые ботинки":"Histite Boots","Снижает урон нанесенный по ногам на 5%, снижает шанс ослабления скорости на 5%.":"Reduces damage dealt to legs by 5%, reduces the chance\nspeed reduction by 5%.","Пиритовый шлем":"Pyrite Helmetet","Снижает урон нанесенный по голове на 10%, снижает шанс получения оглушения на 10%.":"Reduces damage dealt to the head by 10%, reduces the chance\ngetting stunned by 10%.","Пиритовый доспех":"Pyrite armor","Снижает урон нанесенный в зону торса на 10%, снижает шанс ослабления защиты на 10%.":"Reduces damage dealt to the torso area by 10%, reduces\nchance of weakening defense by 10%.","Пиритовые наручи":"Pyrite Bracers","Снижает урон нанесенный по рукам на 10%, снижает шанс ослабления атаки на 10%.":"Reduces damage dealt to hands by 10%, reduces the chance\nof weakening attackk by 10%.","Пиритовые ботинки":"Pyrite Boots","Снижает урон нанесенный по ногам на 10%, снижает шанс ослабления скорости на 10%.":"Reduces damage dealt to legs by 10%, reduces the chance\nspeed reduction by 10%.","Скоростной усилитель":"Speed booster","Увеличивает показатель ловкости(скорости в бою) на 10 ед.":"Increases agility (speed in battle) by 10\nunits.","Силовой усилитель":"Power amplifier","Увеличивает показатель атаки на 20 ед.":"Increases attack by 20 units.","Мышечный усилитель":"Muscle enhancer","Увеличивает показатель защиты на 15 ед. Увеличивает эффективность блока на 50%.":"Increases defense by 15 units.\nIncreases block efficiency by 50%.","Психический усилитель":"Psychic Amplifier","Увеличивает показатель контроля на 30 ед.":"Increases control indicator by 30 units.","Энергетический усилитель":"Energy Booster","Увеличивает показатель маг. атаки на 20 ед.":"Increases magic attacks by 20 units.","Усилитель магического щита":"Magic Shield Booster","Увеличивает показатель маг. защиты на 30 ед.":"Increases magic protection by 30 units.","Усилитель живучести":"Vitality booster","Увеличивает показатель здоровья на 500 ед.":"Increases health by 500 units.","Усилитель магии":"Magic Booster","Увеличивает показатель манны на 150 ед.":"Increases mana by 150 units.","Позволяет ставить ловушки на поле боя. Повышает защиту и контроль. Полезный инструмент в строительстве.":"Allows you to place traps on the battlefield. Increases defense\nand control. A useful tool in construction.","Физический усилитель":"Physical amplifier","Увеличивает показатель атаки на 15 ед. Увеличивает показатель защиты на 10 ед.":"Increases attack by 15 units.\nIncreases defense by 10 units.","Регенерация TP 3%, ускоряет заполнение шкалы TP.":"TP regeneration 3%, speeds up the filling of the TP scale.","Гидритовый шлем":"Hydrite Helmet","Снижает урон нанесенный по голове на 15%, снижает шанс получения оглушения на 15%. Реген. здоровья + 1%.":"Reduces damage dealt to the head by 15%, reduces the chance\nreceiving 15% stun. Regen. health + 1%.","Гидритовый доспех":"Hydrite armor","Снижает урон нанесенный в зону торса на 15%, снижает шанс ослабления защиты на 15%. Реген. здоровья + 1%.":"Reduces damage dealt to the torso area by 15%, reduces\nchance of weakening defense by 15%. Regen. health + 1%.","Гидритовые наручи":"Hydrite Bracers","Снижает урон нанесенный по рукам на 15%, снижает шанс ослабления атаки на 15%. Реген. здоровья + 1%.":"Reduces damage dealt to hands by 15%, reduces the chance\nweakens attack by 15%. Regen. health + 1%.","Гидритовые ботинки":"Hydrite Boots","Снижает урон нанесенный по ногам на 15%, снижает шанс ослабления скорости на 15%. Реген. здоровья + 1%.":"Reduces damage dealt to legs by 15%, reduces the chance\nspeed reduction by 15%. Regen. health + 1%.","Милитовый шлем":"Milite Helmetet","Снижает урон нанесенный по голове на 20%, снижает шанс получения оглушения на 20%. Маг. отражение + 1%.":"Reduces damage dealt to the head by 20%, reduces the chance\nreceiving 20% stun. magic reflection + 1%.","Милитовый доспех":"Milite armor","Снижает урон нанесенный в зону торса на 20%, снижает шанс ослабления защиты на 20%. Маг. отражение + 1%.":"Reduces damage dealt to the torso area by 20%, reduces\nchance of weakening defense by 20%. magic reflection + 1%.","Милитовые наручи":"Milite Bracers","Снижает урон нанесенный по рукам на 20%, снижает шанс ослабления атаки на 20%. Маг. отражение + 1%.":"Reduces damage dealt to hands by 20%, reduces the chance\nweakens attack by 20%. magic reflection + 1%.","Милитовые ботинки":"Milite boots","Снижает урон нанесенный по ногам на 20%, снижает шанс ослабления скорости на 20%. Маг. отражение + 1%.":"Reduces damage dealt to legs by 20%, reduces the chance\nspeed reduction by 20%. magic reflection + 1%.","Тиранитовый шлем":"Tyranite Helmet","Снижает урон нанесенный по голове на 30%, снижает шанс получения оглушения на 30%.":"Reduces damage dealt to the head by 30%, reduces the chance\ngetting stunned by 30%.","Тиранитовый доспех":"Tyranite Armor","Снижает урон нанесенный в зону торса на 30%, снижает шанс ослабления защиты на 30%.":"Reduces damage dealt to the torso area by 30%, reduces\nChance of weakening defense by 30%.","Тиранитовые наручи":"Tyranite Bracers","Снижает урон нанесенный по рукам на 30%, снижает шанс ослабления атаки на 30%.":"Reduces damage dealt to hands by 30%, reduces the chance\r\nweaken attack by 30%.","Тиранитовые ботинки":"Tyranite Boots","Снижает урон нанесенный по ногам на 30%, снижает шанс ослабления скорости на 30%.":"Reduces damage dealt to legs by 30%, reduces the chance\nspeed reduction by 30%.","Зверь":"Beast","Мясник":"Butcher","Пиритовый палач":"Pyrite Executioner","Лорд":"Lord","Пожиратель трупов":"Corpse Eater","Берсерк":"Berserk","Ирни Мерсалесс":"Irni Mersaless","Крайс Шнайден":"Krais Schneiden","Петр":"Peter","Волк":"Wolf","Сидрин Рури":"Sidrin Ruri","Мираж Кошмара":"Mirage Nightmare","Потрошитель":"Ripper","Линкер":"Linker","Арахноид":"Arachnoid","Громила":"Bruiser","Летун":"Flyer","Стрелок":"Shooter","Серпантир":"Serpentir","Сколопендра":"Scolopendra","Стая":"Pack","Опустошитель":"devastator","Тренировочный зверь":"Training Beast","Потрошитель\\Зверь\\Мясник":"Ripper\\Beast\\Butcher","Мясник\\Зверь":"Butcher\\Beast","Мясник\\Зверь\\Палач":"Butcher\\Beast\\Executioner","Зверь*2":"Beast*2","Фехтовальщик*2":"Fencer*2","Ирни Мерсалес\\Фехт\\Дуэль":"Irni Mersales\\Fecht\\Duel","Командир\\Дуэлянт":"Commander\\Duelist","Командир\\Броненосец":"Commander\\Battleship","Командир\\Фехтовальщик":"Commander\\Fencer","Броненосец\\Фехтовальщик":"Armadillo\\Fencer","Дуэлянт\\Фехтовальщик":"Duelist\\Fencer","Охранник общаги(Броненосец)":"Dorm Security Guard (Armadillo)","Сидрин 1":"Sidrin 1","Сидрин 2":"Sidrin 2","Командир\\Броненосец\\Дуэлянт":"Commander\\Battleship\\Duelist","Потрошитель\\Мясник*2":"Ripper\\Butcher*2","Потрошитель\\Зверь*2":"Ripper\\Beast*2","Палач\\Потрошитель":"Executioner\\Ripper","Потрошитель\\Мясник":"Ripper\\Butcher","Палач Коэльтана":"Executioner of Coeltan","Громила\\Летун\\Стрелок":"Bruiser\\Flyer\\Shooter","Лорд(Агрессор)(Для сцены)":"Lord(Aggressor)(For stage)","Дин 1-я стадия":"Dean 1st stage","Дин 2-я стадия":"Dean 2nd stage","Дин 3-я стадия":"Dean 3rd stage","Лорд(Поддержка)":"Lord(Support)","Лорд(Призыватель)":"Lord(Summoner)","Магия":"Magic","Навыки":"Skills","Меч":"Sword","Двуручник":"Two-handed","Кастет":"Brass knuckles","Древкое":"Ancient","Легкая броня":"Light armor","Средняя броня":"Medium armor","Тяжелая броня":"Heavy armor","Специальная":"Special","Доп.слот":"Additional slot","Тело":"Body","Наручи":"Bracers","Ботинки":"Boots","Усилитель 1-ранга":"Rank 1 amplifier","Усилитель 2-ранга":"Rank 2 amplifier","Серебро":"Silver","Милит":"Milit","Адамант":"Adamant","Огонь":"Fire","Земля":"Earth","Воздух":"Air","Молния":"Lightning","Тьма":"Dark","Физический":"Physical","Гидрит":"Hydrite","Лёд":"Ice","1 Вступительная кат-сцена":"1 Opening cutscene","2 Каньон Начало":"2 Canyon Beginning","3 Каньон":"3 Canyon","4 Босс-файт":"4 Boss fight","5 Рука опустошителя":"5 Hand of the devastator","6 Рука опустошителя":"6 Hand of the devastator","7 Торс":"7 Torso","8 Нутырь торса":"8 Nutyr torso","9 Последствия боя":"9 Consequences of the battle","10 Предыстория 2-й части":"10 Background of the 2nd part","11 Чистилище(Восток)":"11 Purgatory (East)","Чистилище. Восток":"Purgatory. East","12 Коридор":"12 Corridor","Коридор":"Corridor","11 Лекционный зал Ирея":"11 Irei Lecture Hall","Лекционный зал Ирея":"Irei Lecture Hall","13 Лекционный зал Рикарда":"13 Ricard Lecture Hall","Лекционный зал Рикарда":"Ricard Lecture Hall","13+ Пустой зал Рикарда":"13+ Ricard's Empty Hall","Пустой зал Рикарда":"Empty Ricard Hall","11+ Архив":"11+ Archive","Архив":"Archive","11+ Общежитие жнецов":"11+ Reapers Dorm","Общежитие Ривальсеров":"Rivalsers Dormitory","11+ Общежитие жнецов(Восток)":"11+ Reapers Dormitory (East)","Общежитие Ривальсеров(Восток)":"Reapers Dormitory (East)","11+ Склад Расходников":"11+ Consumables Warehouse","Кладовщик ресурсов":"Resource Storekeeper","Чистилище(Юго-Восток)":"Purgatory (Southeast)","Чистилище. Юго-Восток":"Чистилище. Юго-Восток","Столовая":"Dining room","25 Чистилище(Юг)":"25 Purgatory (South)","Чистилище. Юг":"Purgatory. South","26 Коридор Штаба Карателей":"26 Punisher Headquarters Corridor","27 Прихожая Штаба Карателей":"27 Hallway of the Punisher Headquarters","28 Арена":"28 Arena","29 Кабинет Рикарда":"29 Ricard's office","30 Оружейная":"30 Armory","31 Оружейная(внутренная часть)":"31 Armory (internal part)","32 Иллюзорный мир":"32 Illusory World","33 Иллюзорный мир":"33 Illusory World","36 Речь Рика перед резней":"36 Rick's speech before the massacre","27+ Комната Ирни":"27+ Irni's room","Чистилище(Северо-Восток)":"Purgatory(Northeast)","Чистилище. Северо-Восток":"Purgatory. Northeast","Склад со снаряжением":"Warehouse with equipment","Чистилище(Север)":"Purgatory (North)","Чистилище. Север":"Purgatory. North","Арена":"Arena","21 Чистилище(Центр)":"21 Purgatory (Center)","Чистилище. Центр":"Purgatory. Center","23 Кабинет Сидрина Рури":"23 Sidrin Ruri's office","22 Прихожая Штаба":"22 Headquarters Entrance Hall","24 Зал собраний":"24 Meeting Hall","22+ Прихожая Штаба":"22+ Headquarters Entrance Hall","22+ Кабинет Зеда":"22+ Zed's Office","22+ Вход в подземный корпус":"22+ Entrance to the underground building","22+ Наблюдательный пост":"22+ Observation post","22+ Сектор А":"22+ Sector A","22+ Сектор А(ТРЕВОГА)":"22+ Sector A (ALARM)","22+ Наблюдательный пост(ТРЕВОГА)":"22+ Observation post (ALARM)","34 Чистилище(Юго-Запад)":"34 Purgatory (Southwest)","Чистилище. Юго-Запад":"Purgatory. Southwest","35 Медицинский корпус":"35 Medical building","34+ Коридор корпуса Боевых жнецов":"34+ Combat Reaper Corps Corridor","34+ Комната Лауриты":"34+ Laurita's room","34+ Озеро в шкафу":"34+ Lake in the closet","34+ Чистилище(Северо-Восток)":"34+ Purgatory (North-East)","34+ Чистилище(Восток)":"34+ Purgatory (East)","34+ Чистилище(Юго-Восток)":"34+ Purgatory (Southeast)","34+ Чистилище(Юг)":"34+ Purgatory (South)","34++ Коридор Штаба Карателей":"34++ Punisher Headquarters Corridor","34++ Комната Ирни":"34++ Irni's room","34++ Кабинет Рикарда":"34++ Ricard's office","34+ Чистилище(Север)":"34+ Purgatory (North)","34+ Чистилище(Северо-Запад)":"34+ Purgatory (Northwest)","Чистилище. Северо-Запад":"Purgatory. Northwest","34+ Чистилище(Запад)":"34+ Purgatory (West)","34+ Чистилище(Центр)":"34+ Purgatory (Center)","34+ Чистилище(Юго-Запад)":"34+ Purgatory (South-West)","ПодВодой?":"Under the water?","Пустая":"Empty","34.2 Лаборатория Риты":"34.2 Rita's Laboratory","15 Серебренная пустыня\\каньон":"15 Silver Desert/Canyon","16 Зубчатый каньон":"16 Jagged Canyon","17 Северная часть каньона":"17 Northern part of the canyon","18 Северная часть каньона":"18 Northern part of the canyon","18+ Северная часть каньона":"18+ Northern part of the canyon","19 Северная часть каньона":"19 Northern part of the canyon","20 Северная часть каньон":"20 Northern part of the canyon","37-42 Зубчатый каньон(беседа-бой)":"37-42 Jagged Canyon (conversation-fight)","38 Бойня_1й этап":"38 Slaughterhouse_1st stage","40 Бойня_2й этап":"40 Slaughterhouse_2nd stage","41 Бойня_3й этап":"41 Slaughterhouse_3rd stage","43 Зубчатый каньон(падение)":"43 Jagged Canyon (fall)","44 Зубчатый каньон(рация)":"44 Jagged Canyon (walkie-talkie)","44+ Зубчатый каньон(правый срез)":"44+ Jagged Canyon (right cut)","44+ Зубчатый каньон(перекресток)":"44+ Jagged Canyon (crossroads)","45 Зубчатый каньон(арена)":"45 Jagged Canyon (arena)","46 Зубчатый каньон(босс)":"46 Jagged Canyon (boss)","_+ Зубчатый каньон(левый срез)":"_+ Jagged Canyon (left slice)","_+ Зубчатый каньон(перекресток_2)":"_+ Jagged Canyon (crossroads_2)","_+ Зубчатый каньон(безопасная зона)":"_+ Jagged Canyon (safe zone)","Малая яма":"Small pit","_+ Подземная секция(Лут)":"_+ Underground section (Loot)","_+ Подземная секция(Ничего)":"_+ Underground section (Nothing)","_+ Подземная секция(Секрет)":"_+ Underground section (Secret)","_+ Подземная секция(Враг)":"_+ Underground section (Enemy)","_+ Подземный сектор(База жнецов)":"_+ Underground sector (Reaper Base)","_+ Подземный сектор(Опасная комната)":"_+ Underground sector (Danger room)","_+ Подземный сектор(Сломанный пол)":"_+ Underground sector (Broken floor)","_+ Подземный сектор(Опасный перекресток)":"_+ Underground sector (Dangerous intersection)","_+ Подземный сектор(Ресурсы)":"_+ Underground sector (Resources)","_+ Подземный сектор(Опасный коридор)":"_+ Underground sector (Dangerous corridor)","_+ Подземный сектор(Связующий коридор)":"_+ Underground sector (Linking corridor)","Мир Мертвых":"World of the Dead","Чистилище(Северо-Запад)":"Purgatory (Northwest)","_+ Главный перекресток":"_+ Main intersection","47 Дикий край каньона(безопасная зона)":"47 Wild Edge of the Canyon (safe zone)","48 Окружные скалы":"48 District Rocks","50 Подъем на вершину":"50 Climb to the top","51 Скала":"51 Rock","52 Вершина скалы":"52 Top of the Rock","52.2 Вершина скалы":"52.2 Top of the Rock","53 Спуск вниз":"53 Descent Down","54 Арена":"54 Arena","55 Закоулок арены":"55 Arena Backstreet","52.1 Оброна смотр. пункта":"52.1 Defense review. point","52.2 Вершина скалы(Разгромлена)":"52.2 Top of the Rock (Destroyed)","49.2 Скалистое отдаление":"49.2 Rocky Distance","49.3 База инженеров":"49.3 Engineer Base","49.1 Бой с палачем":"49.1 Fight with the executioner","Иллюзорный мир":"Illusory world","_++ Тренировка прыжкам":"_++ Jump training","(Подзагрузка 5-й главы)":"(Loading Chapter 5)","56 Кабинет Сидрина Рури":"56 Sidrin Ruri's office","57 Раненный отряд":"57 Wounded Squad","58 Где-то в зубчатом каньоне":"58 Somewhere in the Jagged Canyon","59 Лабаринт(безопасная зона)":"59 Labarint (safe area)","_+ Лабаринт(костёр)":"_+ Labarinth (bonfire)","_+ Лабаринт(перекресток)":"_+ Labarint (crossroads)","_+ Лабаринт(переход к пустыне)":"_+ Labarinth (transition to the desert)","_+ Лабаринт(пустыня)":"_+ Labarinth (desert)","_+ Лабаринт(разветвление)":"_+ Labarint (branching)","_+ Лабаринт(Гаргантриды)":"_+ Labarinth(Garganthrids)","_+ Лабаринт(вход в пещеру)":"_+ Labarinth (entrance to the cave)","_+ Лабаринт(гидритовые источники)":"_+ Labarint (hydrite springs)","_+ Лабаринт(левая_пропасть)":"_+ Labarinth(left_abyss)","_+ Лабаринт(правая_пропасть)":"_+ Labarinth(right_abyss)","60 Лабиринт(раненный отряд)":"60 Labyrinth (wounded squad)","_+ Лабиринт(поле брани)":"_+ Labyrinth (battlefield)","60.1 Лабиринт(южное ответвление)":"60.1 Labyrinth (southern branch)","60.2 Лабиринт(центральный барьер)":"60.2 Labyrinth (central barrier)","_+ Лабиринт(левый край)":"_+ Labyrinth (left edge)","_+ Лабиринт(Центральная арена)":"_+ Labyrinth (Central Arena)","14 Чистилище(Запад)":"14 Purgatory (West)","Чистилище. Запад":"Purgatory. West","1.1 Штаб Чистилища(Архив Штаба)":"1.1 Purgatory Headquarters (Headquarters Archive)","1.2 Штаб Чистилища(Коридор)":"1.2 Purgatory Headquarters (Corridor)","1.3 Штаб Чистилища(Зал Смерти)":"1.3 Purgatory Headquarters (Chamber of Death)","1.4 Штаб Чистилища(Фабрика жнецов)":"1.4 Purgatory Headquarters (Reaper Factory)","1.5 Чистилище(Коридор)":"1.5 Purgatory (Corridor)","1.6 Чистилище(Ближний бой)":"1.6 Purgatory (Melee)","1.7 Чистилище(Расходники)":"1.7 Purgatory (Consumables)","1.8 Чистилище(Расходники)":"1.8 Purgatory (Consumables)","1.11 Чистилище(Расходники)":"1.11 Purgatory (Consumables)","1.9 Чистилище(Проверка мышления)":"1.9 Purgatory (Thinking Test)","1.10 Чистилище(Экзамен)":"1.10 Purgatory (Exam)","2.1 Комната Риома":"2.1 Riom's room","Получены новые заметки!":"New notes received!","Автосохранение!":"Autosave!","Пропасть":"Abyss","Южная база жнецов":"Southern Reaper Base","Запечатанная дверь":"Sealed door","Лабиринт":"Labyrinth","Новая задача получена!":"New quest received!","Задачи обновлены":"Quests updated","Задача \"Цена ошибки\" успешно выполнена!":"The task \"Cost of Error\" has been successfully completed!","Задача \"Пропавший помощник\" успешно выполнена!":"The task \"Missing Assistant\" has been successfully completed!","Задача \"Век живи, век учись, сын!\" успешно выполнена!":"The task “Live and learn, my son!” successfully completed!","Одна из целей невыполнима":"One of the goals is impossible","Задача \"Время делу, попойке час!\" выполнена!":"The task \"Time for work, time for drinking!\" done!","Задача \"Последний инженер\" успешно выполнена!":"The task \"The Last Engineer\" has been successfully completed!","Глава 3 успешно пройдена!":"Chapter 3 successfully completed!","Глава 4 успешно пройдена!":"Chapter 4 successfully completed!","Задача \"Последняя надежда\" успешно выполнена!":"The task \"Last Hope\" has been successfully completed!","Задача \"Небрежность кладовщика\" успешно выполнена!":"The task \"Storekeeper's Negligence\" has been successfully completed!","Набор модулей(рецепт)":"Set of modules (recipe)","Найден секрет!":"Secret found!","Изучен новый навык!":"Learned a new skill!"}