{"Мастер фраза для определения максимальной длины текста":"Well, that old thing almost tore me to pieces for its gold! gold! gol","Риом":"Riom","Ирей":"Irei","Коельтан":"Koeltan","Кенчиру":"Kenchiru","Рита":"Rita","Коельшин":"Koelszyn","Вейлер":"Weiler","Зед":"Zed","Тини":"Tini","Каратель":"Punishier","Боевой жнец":"Battle Reaper","Ривальсер":"Rivalcer","Рикард":"Ricard","Сидрин":"Sidrin","Дин":"Din","Литгер":"Litger","Дерек":"Derek","Лаурита":"Laurita","Каспар":"Kaspar","Крайс":"Krais","Генри":"Genri","Ирни":"Irni","Все каратели":"All punishiries","Весь отряд":"All squad","Хифлок":"Hiflock","Рутгер":"Rutger","Смерть":"Death","Риом и Рита":"Riom and Rita","Гасп":"Gasp","Дина":"Dina","Ильнара":"Ilnara","Брикс":"Bricks","Жнец":"Reaper","Авель":"Avel"}