{"Мастер фраза для определения максимальной длины текста":"Well, that old thing almost tore me to pieces for its gold! gold! gol","interface_language":"Interface language","Авто":"Auto","Закончить":"Finish","Убрать":"Put away","<Ничего>":"<Nothing>","Восстановить":"Restore","Состояние":"State","Усиление":"Powerup","Использовать":"Use","Загрузить":"Load","Сохранить":"Save","Удалить":"Delete","Выберите слот для файла.":"Select a slot for the file.","Загружает данные из сохраненной игры.":"Loads data from a saved game.","Сохраняет текущий прогресс в вашей игре.":"Saves your current progress in your game.","Удаляет все данные из этого файла сохранения.":"Deletes all data from this save file.","Это сохранение для другой игры.":"This is a save for another game.","Пусто":"Empty","Время игры:":"Game time:","Всего сохранений:":"Total saves:","Вы хотите загрузить этот файл сохранения?":"Do you want to load this save file?","Вы хотите перезаписать этот файл сохранения?":"Do you want to overwrite this save file?","Вы хотите удалить этот файл сохранения?":"Do you want to delete this save file?","Да":"Yes","Нет":"No","Созидатель":"Creator","Создать предмет":"Create item","Создать оружие":"Create a weapon","Создать доспех":"Create armor","Готово":"Finish","Собранные рецепты":"Collected Recipes","Созданные предметы":"Crafted Items","Изготовленное оружие":"Crafted Weapons","Изготовленные доспехи":"Crafted Armor","Этот предмет еще не синтезирован.":"This item has not yet been synthesized.","Ингредиенты":"Ingredients","Количество":"Quantity","Улучшить":"Upgrade","Доступные слоты":"Available slots","Слот":"Slot","Авторы и благодарность":"Authors and thanks","Выход":"Exit","Idea":"Idea","Story":"Story","Gamedesign":"Gamedesign","Q&A":"Q&A","Mapping":"Mapping","Art":"Art","Developing":"Developing","Music":"Music","Special thanks":"Special thanks","Plugins":"Plugins"}