{"Мастер фраза для определения максимальной длины текста":"Слитки жизни восстанавливают 50% полученных ранений(ОЗ).","archiv_Заметки":"Заметки","archiv_Архив":"Архив","archiv_Восточная часть Чистилища.":"Восточная часть Чистилища.","archiv_Лекционные залы":"Лекционные залы","archiv_Восточная часть Чистилища. Два лекционных зала. Первый принадлежит Ирэю, второй инструктору Рикарду.":"Восточная часть Чистилища.\nДва лекционных зала.\nПервый принадлежит Ирэю, второй инструктору Рикарду.","archiv_Общежития":"Общежития","archiv_Восточная часть Чистилища. Всего два общежития.":"Восточная часть Чистилища.\nВсего два общежития.","archiv_Склад Расходников":"Склад Расходников","archiv_Восточная часть Чистилища. Обменный пункт расходных материалов.":"Восточная часть Чистилища.\nОбменный пункт расходных материалов.","archiv_Столовая":"Столовая","archiv_Юго-восточная часть Чистилища. Можно покушать и поговорить со жнецами.":"Юго-восточная часть Чистилища.\r\nМожно покушать и поговорить со жнецами.","archiv_Штаб карательного корпуса":"Штаб карательного корпуса","archiv_Юг Чистилища. Ирэй советует держаться от этого места подальше!":"Юг Чистилища.\r\nИрэй советует держаться от этого места подальше!","archiv_Склад со снаряжением":"Склад со снаряжением","archiv_Северо-восточная часть Чистилища. Обменный пункт брони и оружия.":"Северо-восточная часть Чистилища.\r\nОбменный пункт брони и оружия.","archiv_Арена":"Арена","archiv_Север Чистилища. Любимое место Сидрина Рури.":"Север Чистилища.\r\nЛюбимое место Сидрина Рури.","archiv_Динамический телепорт":"Динамический телепорт","archiv_Западная часть Чистилища.":"Западная часть Чистилища.","archiv_ЗОИРД":"ЗОИРД","archiv_Западная часть Чистилища. Вход в здание очистки и распределения душ.":"Западная часть Чистилища.\r\nВход в здание очистки и распределения душ.","archiv_Штаб Вероломгеров":"Штаб Вероломгеров","archiv_Центральная часть Чистилища.":"Центральная часть Чистилища.","archiv_Зоны для удара":"Зоны для удара","archiv_Удар в голову с шансом 25% оглушает противника. Удар по торсу ослабляет физ. защиту цели на 25%. Удар по рукам ослабляет физ. атаку цели на 25%. Удар по ногам снижает скорость цели на 25%.":"Удар в голову с шансом 25% оглушает противника.\r\nУдар по торсу ослабляет физ. защиту цели на 25%.\r\nУдар по рукам ослабляет физ. атаку цели на 25%.\r\nУдар по ногам снижает скорость цели на 25%.","archiv_Скорость":"Скорость","archiv_Последовательность ходов зависит от параметра “Скорость”, чем он выше - тем чаще вы сможете ходить. Перед тем, как любой противник проведет атаку, вы увидите один из трех индикаторов.":"Последовательность ходов зависит от параметра “Скорость”, \r\nчем он выше - тем чаще вы сможете ходить.\r\nПеред тем, как любой противник проведет атаку, вы увидите \r\nодин из трех индикаторов.","archiv_Магическа атака":"Магическа атака","archiv_Магическая атака. Её невозможно контратаковать обычным навыком. От нее рекомендуется уворачиватся с помощью навыка “Уклонение” или блокировать через умение “Защита”.":"Магическая атака. \r\nЕё невозможно контратаковать обычным навыком. От нее \r\nрекомендуется уворачиватся с помощью навыка “Уклонение”\r\nили блокировать через умение “Защита”.","archiv_Физическая атака":"Физическая атака","archiv_Физическая атака. Её можно отбить во врага с помощью навыка “Контратака”.":"Физическая атака.\r\nЕё можно отбить во врага с помощью навыка “Контратака”.","archiv_Особое умение":"Особое умение","archiv_Особое умение. Это усиливающие умения, или боевые навыки пробивающие “Уклонение” и “Контратаку”. Рекомендуется не допустить использование такого навыка с помощью “оглушения”.":"Особое умение. \r\nЭто усиливающие умения, или боевые навыки пробивающие \r\n“Уклонение” и “Контратаку”. Рекомендуется не допустить \r\nиспользование такого навыка с помощью “оглушения”.","archiv_Расходники в бою":"Расходники в бою","archiv_Слитки жизни восстанавливают 50% полученных ранений(ОЗ). Слитки магии восстанавливают 50% магической энергии(ОМ). Адреналиновые слитки восстанавливают 50% физической энергии(ОЭ). Слиток “атаки” увеличивает урон от физических атак на 50%. Слиток “защиты” снижает урон от физических повреждений на 50%. Магический барьер снижает урон от магических повреждений на 50%. Усилитель можно активировать как в самом бою, так и вне, подготовившись заранее. Используйте расходное снаряжение с умом, в ином случае, можете попасть в неловкое положение.":"Слитки жизни восстанавливают 50% полученных ранений(HP).\nСлитки магии восстанавливают 50% магической энергии(MP).\nАдреналиновые слитки восстанавливают 50% физической \nэнергии(TP).\nСлиток “атаки” увеличивает урон от физических атак \nна 50%.\nСлиток “защиты” снижает урон от физических \nповреждений на 50%.\nМагический барьер снижает урон от магических \nповреждений на 50%.\nУсилитель можно активировать как в самом бою, \nтак и вне, подготовившись заранее.\nИспользуйте расходное снаряжение с умом, \nв ином случае, можете попасть в неловкое положение.","archiv_Расходники вне боя":"Расходники вне боя","archiv_Вне битвы усилитель “атаки” поможет обойти физические преграды. Слиток “защиты” снизит входящий урон от физических угроз. Вроде камней, лезвие и прочего. Аналогично работает и магический барьер - защищает от магического урона.":"Вне битвы усилитель “атаки” поможет обойти физические \r\nпреграды.\r\nСлиток “защиты” снизит входящий урон от физических угроз. \r\nВроде камней, лезвие и прочего.\r\nАналогично работает и магический барьер - защищает от \r\nмагического урона.","archiv_Зрение противников":"Зрение противников","archiv_Пока ты не попал в поле зрения врага, он никак не будет реагировать. В случае обнаружения у тебя будет несколько вариантов. Сразиться, или попытаться сбежать. Оценивай ситуацию и решай, как лучше всего поступить.":"Пока ты не попал в поле зрения врага, он никак не будет\r\nреагировать.\r\nВ случае обнаружения у тебя будет несколько вариантов.\r\nСразиться, или попытаться сбежать. \r\nОценивай ситуацию и решай, как лучше всего поступить.","archiv_Бестиарий":"Бестиарий","archiv_Предметы":"Предметы","archiv_Броня":"Броня","archiv_Оружие":"Оружие","archiv_Умения":"Умения","archiv_Состояния":"Состояния","archiv_Чистилище":"Чистилище","archiv_Подсказки":"Подсказки","archiv_Локальная карта":"Локальная карта","archiv_На случай, если вы заблудитесь, у каждого жнеца есть локальная карта местности. Черными квадратами показана область, где вы не были. Всё остальное - миниатюрная карта местности. Иконка Риома это жнец в сером шлеме, где находиться он, там находитесь вы.":"На случай, если вы заблудитесь, у каждого жнеца есть\nлокальная карта местности.\nЧерными квадратами показана область, где вы не были.\nВсё остальное - миниатюрная карта местности.\nИконка Риома это жнец в сером шлеме, где находиться \nон, там находитесь вы."}