{"Мастер фраза для определения максимальной длины текста":"Да уж! Эта старая клешня чуть не искромсала меня за своё з","battle_list_Тини погиб.":"Тини погиб.","battle_list_Риом Рури погиб\\..\\..\\..":"Риом Рури погиб\\..\\..\\..","battle_list_Стой! Стой!":"Стой! Стой!","battle_list_Сдаюсь...":"Сдаюсь...","battle_list_Неплохо...":"Неплохо...","battle_list_Получайте, уроды!   \\| \\^":"Получайте, уроды!   \\| \\^","battle_list_Ловите!   \\| \\^":"Ловите!   \\| \\^","battle_list_Опустошитель-стрелок бежит с поля боя!":"Опустошитель-стрелок бежит с поля боя!","battle_list_Достаточно...":"Достаточно..."}