{"Мастер фраза для определения максимальной длины текста":"Да уж! Эта старая клешня чуть не искромсала меня за своё з","common_ev_Внимание! Активация ключей!":"Внимание! Активация ключей!","common_ev_Двери в красные комнаты разблокированы!":"Двери в красные комнаты разблокированы!","common_ev_\\>Ошибка\\.\\.\\.\\^":"\\>Ошибка\\.\\.\\.\\^","common_ev_Красные комнаты\\..\\..\\..":"Красные комнаты\\..\\..\\..","common_ev_Это не то, что мне нужно.":"Это не то, что мне нужно.","common_ev_А ну-ка ещё раз!":"А ну-ка ещё раз!","common_ev_Ай!":"Ай!","common_ev_Ах ты зараза!\\! Сейчас я тебя...\\^":"Ах ты зараза!\\! Сейчас я тебя...\\^","common_ev_Эй!":"Эй!","common_ev_Я помню, как разбирал такую панель на прикладной механике!":"Я помню, как разбирал такую панель на прикладной\r\nмеханике!","common_ev_Ну-ка, ну-ка!":"Ну-ка, ну-ка!","common_ev_Риом внимательно осматривает панель.\\.":"Риом внимательно осматривает панель.\\.","common_ev_Даже я смогу починить её!\\! Всего-навсего нужно найти цельную основу, и заменить её в панели управления.":"Даже я смогу починить её!\\!\nВсего-навсего нужно найти цельную основу,\nи заменить её в панели управления.","common_ev_Здесь много ящиков с инструментами.\\! В каком-нибудь должна быть эта деталь.":"Здесь много ящиков с инструментами.\\!\r\nВ каком-нибудь должна быть эта деталь.","common_ev_Эффекты расходников можно использовать вне боя.":"Эффекты расходников можно использовать вне боя.","common_ev_В этом ящике ничего нет.":"В этом ящике ничего нет.","common_ev_Здесь нет ничего интересного.":"Здесь нет ничего интересного.","common_ev_В ящике только хлам.":"В ящике только хлам.","common_ev_Рита!!":"Рита!!","common_ev_Нет! Риом! РИОМ!!!":"Нет! Риом! РИОМ!!!","common_ev_Кен! Очнись! КЕНЧИРУ!!":"Кен! Очнись! КЕНЧИРУ!!","common_ev_Штаб Вероломгеров в другой стороне.":"Штаб Вероломгеров в другой стороне.","common_ev_Количество зарядов:":"Количество зарядов:","common_ev_Лечение":"Лечение","common_ev_Подзарядка":"Подзарядка","common_ev_(Оставить в покое)":"(Оставить в покое)","common_ev_Риом активирует Инженерную установку.":"Риом активирует Инженерную установку.","common_ev_Количество зарядов выше нормы. Медиинский механизм перегружен. Попытка лечения преведет к детонации устройства.":"Количество зарядов выше нормы. Медиинский механизм перегружен.\r\nПопытка лечения преведет к детонации устройства.","common_ev_Сбросить показатель энергии до стандартного значения?":"Сбросить показатель энергии до стандартного значения?","common_ev_Да":"Да","common_ev_Нет":"Нет","common_ev_Отряд серьезно ранен!":"Отряд серьезно ранен!","common_ev_Здоровье отряда восстановлено!":"Здоровье отряда восстановлено!","common_ev_Заряд лечения закончился! Требуется подзарядка!":"Заряд лечения закончился!\r\nТребуется подзарядка!","common_ev_Отряд полностью здоров.":"Отряд полностью здоров.","common_ev_Заряд энергии восстановлен! Потерян Осколок Гидрита!":"Заряд энергии восстановлен!\r\nПотерян Осколок Гидрита!","common_ev_Осколок Гидрита отсутствует!":"Осколок Гидрита отсутствует!","common_ev_Количество зарядов лечения:":"Количество зарядов лечения:","common_ev_Вы уверены, что хотите потратить осколок гидрита на зарядку?":"Вы уверены, что хотите потратить осколок гидрита на зарядку?","common_ev_Стой! \\!Вы оба, следуйте за мной в кабинет командира Рикарда!":"Стой! \\!Вы оба, следуйте за мной в кабинет командира\nРикарда!","common_ev_Вы двое, притормозите! \\!За нарушение порядка Чистилища, Ирни должен пройти со мной к Лаурите, а ты Риом\\..\\..\\.. за компанию.":"Вы двое, притормозите! \\!За нарушение порядка\r\nЧистилища, Ирни должен пройти со мной к Лаурите,\r\nа ты Риом\\..\\..\\.. за компанию.","common_ev_Перейти в выбранную локацию?":"Перейти в выбранную локацию?","common_ev_Слишком темно\\..\\..\\..":"Слишком темно\\..\\..\\..","common_ev_Ммм\\..\\..\\..":"Ммм\\..\\..\\..","common_ev_Это не проблема.":"Это не проблема.","common_ev_Риом напрягся.":"Риом напрягся.","common_ev_Так лучше?":"Так лучше?","common_ev_Фух\\..\\..\\.. Специфичный вид.":"Фух\\..\\..\\.. Специфичный вид.","common_ev_Ну, привыкай.":"Ну, привыкай.","common_ev_С-сейчас.":"С-сейчас.","common_ev_Да, так лучше.\\! Спасибо, Тини.":"Да, так лучше.\\! Спасибо, Тини.","common_ev_Здесь ничего нет...":"Здесь ничего нет...","common_ev_Пусто...":"Пусто...","common_ev_Хватит с меня походов в гости.":"Хватит с меня походов в гости.","common_ev_Отправиться в мир Коельтана?":"Отправиться в мир Коельтана?","common_ev_(Хм, с кем же связаться?)":"(Хм, с кем же связаться?)","common_ev_Сидрин Рури":"Сидрин Рури","common_ev_Ирей":"Ирей","common_ev_Рикард":"Рикард","common_ev_Не связываться":"Не связываться","common_ev_Ещё не время.":"Ещё не время.","common_ev_Я должен позвонить отцу когда буду в Южном каньоне на базе Разведывательного корпуса Ривальсеров.":"Я должен позвонить отцу когда буду в Южном каньоне на\nбазе Разведывательного корпуса Ривальсеров.","common_ev_Отец?\\. Пап, ты меня слышишь?":"Отец?\\. Пап, ты меня слышишь?","common_ev_РИОМ?!\\. Слава Богу, ты жив\\..\\..\\.. Как у тебя обстановка? Сильно ранен?":"РИОМ?!\\.\r\nСлава Богу, ты жив\\..\\..\\..\r\nКак у тебя обстановка? Сильно ранен?","common_ev_Со мной всё в порядке.\\. Я цел настолько, насколько это возможно.":"Со мной всё в порядке.\\.\r\nЯ цел настолько, насколько это возможно.","common_ev_А вот обстановка.\\..\\.. не очень. Вокруг полно опустошителей. Повсюду тела жнецов, и я точно не знаю куда мне идти.":"А вот обстановка.\\..\\.. не очень.\r\nВокруг полно опустошителей.\r\nПовсюду тела жнецов, и я точно не знаю куда мне идти.","common_ev_О нет\\..\\..\\.. Ты находишься в Северном районе Зубчатого каньона.\\. По данным разведки - это опасное место. Хуже только Южный район или Тёмный лес.":"О нет\\..\\..\\..\r\nТы находишься в Северном районе Зубчатого каньона.\\.\r\nПо данным разведки - это опасное место.\r\nХуже только Южный район или Тёмный лес.","common_ev_Так, сын, слушай внимательно! Армия Восставших находится в сотнях километров от тебя. Это и плохо, и хорошо.":"Так, сын, слушай внимательно!\r\nАрмия Восставших находится в сотнях километров от тебя.\r\nЭто и плохо, и хорошо.","common_ev_С одной стороны, ты рискуешь провалить поставленное перед твоим отрядом задание\\..\\..\\..":"С одной стороны, ты рискуешь провалить поставленное\r\nперед твоим отрядом задание\\..\\..\\..","common_ev_С другой, у тебя есть возможность собрать разбросанные силы жнецов.":"С другой, у тебя есть возможность собрать разбросанные\r\nсилы жнецов.","common_ev_В смысле, собрать силы?!\\. Ты хочешь, чтобы я возглавил армию из пары сотен жнецов?":"В смысле, собрать силы?!\\.\r\nТы хочешь, чтобы я возглавил армию из пары сотен жнецов?","common_ev_Нет! Нет!\\. Я не это имел ввиду.":"Нет! Нет!\\.\r\nЯ не это имел ввиду.","common_ev_Помоги им с чем нужно и объясни ситуацию, если они не понимают, что происходит.":"Помоги им с чем нужно и объясни ситуацию, если они не\r\nпонимают, что происходит.","common_ev_Походу дела, продвигайся в сторону Южного каньона к базе моих воинов - Разведывательного корпуса Ривальсеров. Это место - точка сбора оставшихся войск Чистилища. Когда прибудешь - сможешь нанести удар по Восставшим.":"Походу дела, продвигайся в сторону Южного каньона к базе\r\nмоих воинов - Разведывательного корпуса Ривальсеров.\r\nЭто место - точка сбора оставшихся войск Чистилища.\r\nКогда прибудешь - сможешь нанести удар по Восставшим.","common_ev_Спасибо, отец! Как буду на месте - сообщу.":"Спасибо, отец!\r\nКак буду на месте - сообщу.","common_ev_Конечно, Риом. Жду твоего следующего звонка.":"Конечно, Риом. Жду твоего следующего звонка.","common_ev_Не стоит отвлекать вероломгера без причины.":"Не стоит отвлекать вероломгера без причины.","common_ev_Вероломгер Ирей, это Риом Рури!":"Вероломгер Ирей, это Риом Рури!","common_ev_Нашёл что-то крайне необычное?":"Нашёл что-то крайне необычное?","common_ev_Нет, ничего такого\\..\\..\\..":"Нет, ничего такого\\..\\..\\..","common_ev_Звони мне только если увидишь что-то необычное, что не видел ни разу.":"Звони мне только если увидишь что-то необычное,\r\nчто не видел ни разу.","common_ev_О!\\. Давно тебя не было слышно. Знаю, поход потерпел крах\\..\\..\\.. Сожалею, насчёт твоего отряда\\..\\..\\.. Почти весь батальон разгромлен\\..\\..\\..":"О!\\. Давно тебя не было слышно. Знаю, поход потерпел крах\\..\\..\\..\r\nСожалею, насчёт твоего отряда\\..\\..\\.. Почти весь батальон\r\nразгромлен\\..\\..\\..","common_ev_Почти?":"Почти?","common_ev_Ага.\\. Дюжина раненых и полсотни уцелевших. Мне неизвестно куда они направились. Но, если встретишь их, помоги добраться до ближайшего форпоста.":"Ага.\\. Дюжина раненых и полсотни уцелевших.\r\nМне неизвестно куда они направились. Но, если встретишь\r\nих, помоги добраться до ближайшего форпоста.","common_ev_Не позволь им разбить лагерь где-то под камнями в Зубчатом каньоне. На запах крови быстро сбегутся опустошители.":"Не позволь им разбить лагерь где-то под камнями в\r\nЗубчатом каньоне. На запах крови быстро сбегутся\r\nопустошители.","common_ev_Посмотрю по обстановке\\..\\..\\..":"Посмотрю по обстановке\\..\\..\\..","common_ev_Буду признателен, если сделаешь, как я сказал.":"Буду признателен, если сделаешь, как я сказал.","common_ev_Сидрин рассказал о базе разведчиков в Южном районе?":"Сидрин рассказал о базе разведчиков в Южном районе?","common_ev_Да, отец говорил, что на Юге есть точка сбора всех жнецов. Оттуда я смогу нанести удар по Восставшим\\..\\..\\.. И убить их.":"Да, отец говорил, что на Юге есть точка сбора всех жнецов.\r\nОттуда я смогу нанести удар по Восставшим\\..\\..\\..\r\nИ убить их.","common_ev_Нет, я без понятия, что это за база.":"Нет, я без понятия, что это за база.","common_ev_Точка сбора жнецов в Южном районе Зубчатого каньона. Сейчас там находится разведчики Сидрина.":"Точка сбора жнецов в Южном районе Зубчатого каньона.\r\nСейчас там находится разведчики Сидрина.","common_ev_Хорошо. Если не уверен, что тебе нужно делать - посоветуйся с Сидрином.\\. А я помогу с проблемами магического характера.":"Хорошо. Если не уверен, что тебе нужно делать -\r\nпосоветуйся с Сидрином.\\.\r\nА я помогу с проблемами магического характера.","common_ev_Какими именно?":"Какими именно?","common_ev_Если увидишь что-то крайне необычное, что не видел ни разу\\..\\..\\.. или явления, которые ты сам не можешь понять.\\. Не медли - сразу дай мне знать.":"Если увидишь что-то крайне необычное, что не видел ни\r\nразу\\..\\..\\.. или явления, которые ты сам не можешь понять.\\.\r\nНе медли - сразу дай мне знать.","common_ev_Благодарю за заботу, Ирей!":"Благодарю за заботу, Ирей!","common_ev_Сейчас нет причин звонить командуру.":"Сейчас нет причин звонить командуру.","common_ev_Командир Рикард, это Риом Рури!":"Командир Рикард, это Риом Рури!","common_ev_О! Ты ещё жив?\\. Неплохо для начала.":"О! Ты ещё жив?\\.\r\nНеплохо для начала.","common_ev_Что тебе нужно?":"Что тебе нужно?","common_ev_Помощь! Я застрял в Северном каньоне\\..\\..\\.. мой отряд разбили\\..\\..\\..":"Помощь! Я застрял в Северном каньоне\\..\\..\\.. мой\r\nотряд разбили\\..\\..\\..","common_ev_Это твои проблемы.":"Это твои проблемы.","common_ev_Я дал тебе одно из самых смертоносных орудий - Геном Моркрет. С тобой были далеко не слабые бойцы.\\. Остальное меня не волнует.":"Я дал тебе одно из самых смертоносных орудий - Геном\r\nМоркрет. С тобой были далеко не слабые бойцы.\\.\r\nОстальное меня не волнует.","common_ev_К твоему счастью, настроение у меня хорошее.":"К твоему счастью, настроение у меня хорошее.","common_ev_Опустошители наконец-то сделали величайшую глупость - объединились с Восставшими, а значит\\..\\..\\.. Мы можем законно их истребить!":"Опустошители наконец-то сделали величайшую глупость -\r\nобъединились с Восставшими, а значит\\..\\..\\..\r\nМы можем законно их истребить!","common_ev_Ха-ха-ха!\\.\\. Эти твари давно напрашивались.":"Ха-ха-ха!\\.\\. Эти твари давно напрашивались.","common_ev_(Как тебя самого за такие мысли не казнили?)":"(Как тебя самого за такие мысли не казнили?)","common_ev_Командир, из-за этого союза мы несём такие потери, каких не было в Первую войну Адаманта.":"Командир, из-за этого союза мы несём такие потери,\r\nкаких не было в Первую войну Адаманта.","common_ev_Я постараюсь найти иной способ решения проблемы с Опустошителями. А вот с Восставшими мне в одиночку не справиться.":"Я постараюсь найти иной способ решения проблемы с\r\nОпустошителями. А вот с Восставшими мне в одиночку\r\nне справиться.","common_ev_Дерзай!\\. Весь карательный корпус выдвигается в сторону Южного района Зубчатого каньона. Двигайся туда, и может даже с кем пересечёшься.":"Дерзай!\\. Весь карательный корпус выдвигается в сторону\r\nЮжного района Зубчатого каньона. Двигайся туда, и может\r\nдаже с кем пересечёшься.","common_ev_Если рядом с тобой будут каратели, я сообщу.":"Если рядом с тобой будут каратели, я сообщу.","common_ev_До связи и\\..\\..\\.. постарайся не сдохнуть.":"До связи и\\..\\..\\.. постарайся не сдохнуть.","common_ev_Недавно ты говорил, что расскажешь о том, зачем напал на меня.":"Недавно ты говорил, что расскажешь о том, \nзачем напал на меня.","common_ev_Ммм\\..\\..\\.. насчет этого\\..\\..\\.. Хотел узнать кто ты. Увидеть, что из себя представляешь.":"Ммм\\..\\..\\.. насчет этого\\..\\..\\.. Хотел узнать кто ты. \r\nУвидеть, что из себя представляешь.","common_ev_Ради этого?! Мог бы, просто устроить мирные посиделки за костром! \\.\\.Как сейчас! \\!Обязательно меня до полусмерти избивать?":"Ради этого?! Мог бы, просто устроить мирные\r\nпосиделки за костром! \\.\\.Как сейчас! \\!\r\nОбязательно меня до полусмерти избивать?","common_ev_Почему бы и нет? Для тебя это не впервые.":"Почему бы и нет? Для тебя это не впервые.","common_ev_Странное у тебя приветствие. Сначала избил, а после как ни в чем не бывало пригласил на чай.":"Странное у тебя приветствие. \r\nСначала избил, а после как ни в чем не \r\nбывало пригласил на чай.","common_ev_Забей.":"Забей.","common_ev_Обычное мужское приветствие, в мое время все так делали.":"Обычное мужское приветствие, в мое время \r\nвсе так делали.","common_ev_Да и я узнал о тебе достаточно.":"Да и я узнал о тебе достаточно.","common_ev_Лучший способ узнать человека - окунуть его в бездну отчаяния и посмотреть, как он выберется.":"Лучший способ узнать человека - окунуть \nего в бездну отчаяния и посмотреть, \nкак он выберется.","common_ev_Что сделает ради выживания.":"Что сделает ради выживания.","common_ev_Твой выпад с голыми кулаками\\..\\..\\.. Он\\..\\..\\.. Ха-ха-ха! \\.Он мне понравился! \\.Давно я не видел такую волю к жизни.":"Твой выпад с голыми кулаками\\..\\..\\.. Он\\..\\..\\.. \r\nХа-ха-ха! \\.Он мне понравился! \\.\r\nДавно я не видел такую волю к жизни.","common_ev_Ты достоин владеть мечом. \\!Осталось только навыки поднатаскать.":"Ты достоин владеть мечом. \\!\r\nОсталось только навыки поднатаскать.","common_ev_С-спасибо\\..\\..\\.. Но все же\\..\\..\\.. Неужели всё настолько просто?":"С-спасибо\\..\\..\\.. Но все же\\..\\..\\..\r\nНеужели всё настолько просто?","common_ev_Почему никто из карателей не смог пройти это испытание?":"Почему никто из карателей не смог пройти \r\nэто испытание?","common_ev_Действительно\\..\\..\\.. Почему?":"Действительно\\..\\..\\.. Почему?","common_ev_Предыдущие жнецы так поддавались отчаянию, что переставали как-либо сопротивляться. \\!При том, что все руки, ноги на месте, сердце еще бьется\\..\\..\\..":"Предыдущие жнецы так поддавались отчаянию, \r\nчто переставали как-либо сопротивляться. \\!\r\nПри том, что все руки, ноги на месте, \r\nсердце еще бьется\\..\\..\\..","common_ev_Кто-то всерьез пытался от меня сбежать,  кто-то стоял столбом, падал на колени. \\!Были и такие, кто начинал со слезами на глазах молить о пощаде\\..\\..\\..":"Кто-то всерьез пытался от меня сбежать, \r\nкто-то стоял столбом, падал на колени. \\!\r\nБыли и такие, кто начинал со слезами на \r\nглазах молить о пощаде\\..\\..\\..","common_ev_Чем больше Рикард отправлял испытуемых, тем меньше я видел достойных.":"Чем больше Рикард отправлял испытуемых, \r\nтем меньше я видел достойных.","common_ev_По итогу все дошло до ультиматума - \\.либо он лично найдет мне достойного жнеца\\..\\..\\.. либо о силе Генома Моркрета можно будет забыть.":"По итогу все дошло до ультиматума - \\.либо он \r\nлично найдет мне достойного жнеца\\..\\..\\.. \r\nлибо о силе Генома Моркрета можно будет \r\nзабыть.","common_ev_И что во мне такого особенного?":"И что во мне такого особенного?","common_ev_Твоя душа.":"Твоя душа.","common_ev_Забыл? Да?":"Забыл? Да?","common_ev_Нет\\..\\..\\.. Я помню. Мое тело создано из мертвой плоти, как и у всех жнецов. \\. Но душа - полностью человеческая. \\!Что в этом такого?..":"Нет\\..\\..\\.. Я помню. Мое тело создано из мертвой \r\nплоти, как и у всех жнецов. \\. \r\nНо душа - полностью человеческая. \\!\r\nЧто в этом такого?..","common_ev_Серьезно? Черт\\..\\..\\.. хорошо же тебя выдрессировали\\..\\..\\..":"Серьезно? Черт\\..\\..\\.. хорошо же тебя \r\nвыдрессировали\\..\\..\\..","common_ev_У тебя больше свободы, чем у любого высшего жнеца! Похоже\\..\\..\\.. это чего они боятся больше всего\\..\\..\\..":"У тебя больше свободы, чем у любого высшего \r\nжнеца! \r\nПохоже\\..\\..\\.. это чего они боятся больше всего\\..\\..\\..","common_ev_К чему ты клонишь?":"К чему ты клонишь?","common_ev_Неважно\\..\\..\\..":"Неважно\\..\\..\\..","common_ev_Что-то мы засиделись\\..\\..\\.. Если ко мне дел нет, то тебе пора на выход.":"Что-то мы засиделись\\..\\..\\.. \r\nЕсли ко мне дел нет, то тебе пора на выход.","common_ev_Поговорим в другой раз.":"Поговорим в другой раз.","common_ev_Слишком высоко\\..\\..\\..":"Слишком высоко\\..\\..\\..","common_ev_Кхм.":"Кхм.","common_ev_(Сдержанный смех) Ха-ха-ха\\..\\..\\..":"(Сдержанный смех) Ха-ха-ха\\..\\..\\..","common_ev_Риом, что ты делаешь?":"Риом, что ты делаешь?","common_ev_(Шепотом)Пытаюсь попасть на верх.":"(Шепотом)Пытаюсь попасть на верх.","common_ev_Не-не-не. Не позорься. Если тебе нужно попасть на возвышенность\\..\\..\\.. без сторонней помощи, приходи ко мне, в любом безопасном месте.":"Не-не-не. Не позорься. Если тебе нужно попасть\r\nна возвышенность\\..\\..\\.. без сторонней помощи,\r\nприходи ко мне, в любом безопасном месте.","common_ev_Подумаю\\..\\..\\..":"Подумаю\\..\\..\\..","common_ev_Черт\\..\\..\\..":"Черт\\..\\..\\..","common_ev_Найден ящик с припасами.":"Найден ящик с припасами.","common_ev_Молодец.":"Молодец.","common_ev_Теперь стань по центру и замахнись так, чтобы меч был прямо над головой.":"Теперь стань по центру и замахнись так, чтобы \nмеч был прямо над головой.","common_ev_Риом взял меч в обе руки и замахнулся.":"Риом взял меч в обе руки и замахнулся.","common_ev_Жнец ощутил прилив темной энергии.":"Жнец ощутил прилив темной энергии.","common_ev_А теперь. Бей!":"А теперь. Бей!","common_ev_Теперь экипируй Геном Моркрет.":"Теперь экипируй Геном Моркрет.","common_ev_О! Чую\\..\\..\\..":"О! Чую\\..\\..\\..","common_ev_Целительная.\\. Чистая энергия.\\. Где-то под нами.":"Целительная.\\. Чистая энергия.\\. Где-то под нами.","common_ev_Прекрасно. \\!Теперь бы пещеру найти.":"Прекрасно. \\!Теперь бы пещеру найти.","common_ev_Необязательно искать. \\.Ты можешь сам её сделать.":"Необязательно искать. \\.Ты можешь сам её сделать.","common_ev_И как ты себе это представляешь? \\|Предлагаешь мечом землю ковырять?":"И как ты себе это представляешь? \\|\nПредлагаешь мечом землю ковырять?","common_ev_Хах! Я бы на это посмотрел. \\.Есть вариант получше.":"Хах! Я бы на это посмотрел. \\.Есть вариант получше.","common_ev_Вооружись моим мечом и подойди во-о-он к той трещине.":"Вооружись моим мечом и подойди во-о-он к той трещине.","common_ev_Ваша задача - отбить атаку опустошителей и сохранить прочность барьера минимум на 5%.":"Ваша задача - отбить атаку опустошителей и сохранить \r\nпрочность барьера минимум на 5%.","common_ev_В вашем распоряжении будут два вида боевых расходников.":"В вашем распоряжении будут два вида боевых расходников.","common_ev_Взрывной слиток. Он наносит урон в 1 ед. и быстро восстанавливается. Максимальное количество - 10 штук.":"Взрывной слиток. Он наносит урон в 1 ед. и быстро \nвосстанавливается. Максимальное количество - 10 штук","common_ev_Магический слиток. Он наносит урон в 2 ед., но восстанавливается медленно. Максимальное количество - 4 штуки.":"Магический слиток. Он наносит урон в 2 ед., но  \r\nвосстанавливается медленно. Максимальное количество - 4 штуки.","common_ev_Для броска взрывного слитка нажмите одну из клавиш - \\C[3]'Z', 'Space' \\C[0]или \\C[3]'Enter'.":"Для броска взрывного слитка нажмите одну из клавиш - \r\n\\C[3]'Z', 'Space' \\C[0]или \\C[3]'Enter'.","common_ev_Для броска магического слитка нажмите одну из клавиш - \\C[2]'X', 'Num 0', \\C[0]или \\C[2]'Esc'.":"Для броска магического слитка нажмите одну из клавиш - \r\n\\C[2]'X', 'Num 0', \\C[0]или \\C[2]'Esc'.","common_ev_Стой!!!":"Стой!!!","common_ev_Почему бы нам не попробовать обойти стороной.":"Почему бы нам не попробовать обойти стороной.","common_ev_Не видишь, тут километровая пропасть?!":"Не видишь, тут километровая пропасть?!","common_ev_Ой!\\. По форме очень похожа на\\..\\..\\.. ногу?!":"Ой!\\.\r\nПо форме очень похожа на\\..\\..\\.. ногу?!","common_ev_Это Колосс.\\. Гигантский опустошитель, который иногда бродит по серебрянной пустыне. ":"Это Колосс.\\.\r\nГигантский опустошитель, который иногда бродит по серебрянной\r\nпустыне. ","common_ev_Боюсь, в обход у нас не получится обойти арахноидов.":"Боюсь, в обход у нас не получится обойти арахноидов.","common_ev_Без слитка атаки этот камень мне не сдвинуть.":"Без слитка атаки этот камень мне не \r\nсдвинуть.","common_ev_Телепортироваться в выбранную область?":"Телепортироваться в выбранную область?"}