{"Мастер фраза для определения максимальной длины текста":"Да уж! Эта старая клешня чуть не искромсала меня за своё з","dialogs_chapter_5_Глава 5":"\n                                                                 Глава 5","dialogs_chapter_5_Рикард покинул Чистилище. Он отправился в южный район каньона, туда где находится уцелевший отряд боевых жнецов.":"Рикард покинул Чистилище. \nОн отправился в южный район каньона, туда где \nнаходится уцелевший отряд боевых жнецов.","dialogs_chapter_5_У меня есть одна просьба к тебе, Лаурита.":"У меня есть одна просьба к тебе, Лаурита.","dialogs_chapter_5_Хочешь, чтобы я его остановила?":"Хочешь, чтобы я его остановила?","dialogs_chapter_5_Нет!":"Нет!","dialogs_chapter_5_Нет\\..\\..\\..":"Нет\\..\\..\\..","dialogs_chapter_5_Постарайся добраться до отряда раньше Рикарда и забери под свое командование всех боевых жнецов.":"Постарайся добраться до отряда раньше Рикарда и\r\nзабери под свое командование всех боевых жнецов.","dialogs_chapter_5_Так же там будет много раненых, о них позаботится группа командира Риты.":"Так же там будет много раненых, о них \nпозаботится группа командира Риты.","dialogs_chapter_5_С тобой пойдет один из моих лучших разведчиков - Кенчиру.":"С тобой пойдет один из моих лучших \nразведчиков - Кенчиру.","dialogs_chapter_5_Он будет докладывать обо всем, что происходит вокруг Рика.":"Он будет докладывать обо всем, что происходит \nвокруг Рика.","dialogs_chapter_5_Сидрин\\..\\..\\..":"Сидрин\\..\\..\\..","dialogs_chapter_5_Ты серьезно хочешь избавиться от Рикарда?":"Ты серьезно хочешь избавиться от Рикарда?","dialogs_chapter_5_Пусть он и чудной, но его меч зарубил немало опасных врагов.":"Пусть он и чудной, но его меч зарубил немало \nопасных врагов.","dialogs_chapter_5_Даже если у тебя выйдет нарыть на него убедительный компромат\\..\\..\\..":"Даже если у тебя выйдет нарыть на него \nубедительный компромат\\..\\..\\..","dialogs_chapter_5_Госпожа не отдаст приказ убить его.":"Госпожа не отдаст приказ убить его.","dialogs_chapter_5_Скажи, почему ты так сильно его ненавидишь?":"Скажи, почему ты так сильно его ненавидишь?","dialogs_chapter_5_Я думала, это из-за характера Рикарда, его издевок\\..\\..\\.. но дело точно в другом.":"Я думала, это из-за характера Рикарда, его \nиздевок\\..\\..\\.. но дело точно в другом.","dialogs_chapter_5_Когда останешься с ним наедине – увидишь, что он из себя представляет.":"Когда останешься с ним наедине – увидишь, \r\nчто он из себя представляет.","dialogs_chapter_5_Не хочешь говорить\\..\\..\\..":"Не хочешь говорить\\..\\..\\..","dialogs_chapter_5_Хорошо, буду осторожна с ним.":"Хорошо, буду осторожна с ним.","dialogs_chapter_5_Если встречу Риома, что ему передать?":"Если встречу Риома, что ему передать?","dialogs_chapter_5_Хм.":"Хм.","dialogs_chapter_5_Мы с матерью любим его и молимся, чтобы он выбрался живым и здоровым.":"Мы с матерью любим его и молимся, чтобы он \r\nвыбрался живым и здоровым.","dialogs_chapter_5_Лаурита мило улыбнулась.":"Лаурита мило улыбнулась.","dialogs_chapter_5_Хорошо.":"Хорошо.","dialogs_chapter_5_Ах да, и ещё\\..\\..\\.. Лаурита.":"Ах да, и ещё\\..\\..\\.. Лаурита.","dialogs_chapter_5_Если у вас с Риомом всё сложится крайне удачно - двери в моём доме всегда открыты для тебя.":"Если у вас с Риомом всё сложится крайне \nудачно - двери в моём доме всегда открыты для \nтебя.","dialogs_chapter_5_Лаурита покраснела.":"Лаурита покраснела.","dialogs_chapter_5_С\\..\\..\\.. Си\\..\\..\\.. Сидрин!":"С\\..\\..\\.. Си\\..\\..\\.. Сидрин!","dialogs_chapter_5_Эх-х, Риомка, не стоит пихать меч в первые попавшиеся ножны.":"Эх-х, Риомка, не стоит пихать меч в первые \nпопавшиеся ножны.","dialogs_chapter_5_Надеюсь, Лаурита единственная, а иначе, тебя ждет нелегкий выбор\\..\\..\\..":"Надеюсь, Лаурита единственная, а иначе, \r\nтебя ждет нелегкий выбор\\..\\..\\..","dialogs_chapter_5_Твой отряд ждет тебя. \\.Кенчиру с Ритой уже должны быть рядом с телепортом.":"Твой отряд ждет тебя. \\.\nКенчиру с Ритой уже должны быть рядом с \nтелепортом.","dialogs_chapter_5_Да-да, я поняла.":"Да-да, я поняла.","dialogs_chapter_5_На связи ударный батальон боевых жнецов\\..\\..\\.. точнее\\..\\..\\..":"На связи ударный батальон боевых жнецов\\..\\..\\.. \nточнее\\..\\..\\..","dialogs_chapter_5_То что от него осталось.":"То что от него осталось.","dialogs_chapter_5_Нужна помощь. Срочно. У нас десятки раненых, боеспособных - единицы.":"Нужна помощь. Срочно. У нас десятки раненых, \nбоеспособных - единицы.\\","dialogs_chapter_5_Прошу, пришлите подкрепление\\..\\..\\.. кого-нибудь.":"Прошу, пришлите подкрепление\\..\\..\\.. кого-нибудь.","dialogs_chapter_5_В вашу сторону идут два больших отряда. \\.Командир Рикард с группой карателей и Вероломгер Лаурита с боевыми жнецами. \\.Продержитесь до их прихода.":"В вашу сторону идут два больших отряда. \\.\nКомандир Рикард с группой карателей и Вероломгер Лаурита с \nбоевыми жнецами. \\.Продержитесь до их прихода.","dialogs_chapter_5_Постараемся.":"Постараемся.","dialogs_chapter_5_Рикард обнажил рапиру.":"Рикард обнажил рапиру.","dialogs_chapter_5_Убейте всех.":"Убейте всех.","dialogs_chapter_5_Локация недоступна в данной версии.":"Локация недоступна в данной версии.","dialogs_chapter_5_Но пока что это все! Сохраняйся и до скорого продолжения.":"Но пока что это все! Сохраняйся и до скорого продолжения.","dialogs_chapter_5_":""}