{"Мастер фраза для определения максимальной длины текста":"Да уж! Эта старая клешня чуть не искромсала меня за своё з","dialogs_chapter_4_Глава 4":"\n                                                                 Глава 4","dialogs_chapter_4_Черт\\..\\..\\..":"Черт\\..\\..\\..","dialogs_chapter_4_Не повезло им. \\!Опустошители в пух и прах разгромили их баррикады.":"Не повезло им. \\!\r\nОпустошители в пух и прах разгромили их баррикады.","dialogs_chapter_4_И на этот раз\\..\\..\\.. Враги покрупнее.":"И на этот раз\\..\\..\\.. Враги покрупнее.","dialogs_chapter_4_Пожалуй\\..\\..\\..":"Пожалуй\\..\\..\\..","dialogs_chapter_4_Советую подготовиться к встречи с ними.":"Советую подготовиться к встречи с ними.","dialogs_chapter_4_Смотри.":"Смотри.","dialogs_chapter_4_Верстак целый, а обменник энергии\\..\\..\\.. придется чинить.":"Верстак целый, а обменник энергии\\..\\..\\.. \nпридется чинить.","dialogs_chapter_4_Напоследок, можешь заглянуть ко мне в гости, или связаться со своим штабом.":"Напоследок, можешь заглянуть ко мне в гости, \r\nили связаться со своим штабом.","dialogs_chapter_4_Тут сам решай.":"Тут сам решай.","dialogs_chapter_4_(Хм, с кем же связаться?)":"(Хм, с кем же связаться?)","dialogs_chapter_4_Сидрин Рури":"Сидрин Рури","dialogs_chapter_4_Ирей":"Ирей","dialogs_chapter_4_Рикард":"Рикард","dialogs_chapter_4_(Уйти)":"(Уйти)","dialogs_chapter_4_Ещё не время.":"Ещё не время.","dialogs_chapter_4_Я должен позвонить отцу когда буду в Южном каньоне на базе Разведывательного корпуса Ривальсеров.":"Я должен позвонить отцу когда буду в Южном каньоне на\nбазе Разведывательного корпуса Ривальсеров.","dialogs_chapter_4_Отец?\\. Пап, ты меня слышишь?":"Отец?\\. Пап, ты меня слышишь?","dialogs_chapter_4_РИОМ?!\\. Слава Богу, ты жив\\..\\..\\.. Как у тебя обстановка? Сильно ранен?":"РИОМ?!\\.\r\nСлава Богу, ты жив\\..\\..\\..\r\nКак у тебя обстановка? Сильно ранен?","dialogs_chapter_4_Со мной всё в порядке.\\. Я цел настолько, насколько это возможно.":"Со мной всё в порядке.\\.\r\nЯ цел настолько, насколько это возможно.","dialogs_chapter_4_А вот обстановка.\\..\\.. не очень. Вокруг полно опустошителей. Повсюду тела жнецов, и я точно не знаю куда мне идти.":"А вот обстановка.\\..\\.. не очень.\r\nВокруг полно опустошителей.\r\nПовсюду тела жнецов, и я точно не знаю куда мне идти.","dialogs_chapter_4_О нет\\..\\..\\.. Ты находишься в Северном районе Зубчатого каньона.\\. По данным разведки - это опасное место. Хуже только Южный район или Тёмный лес.":"О нет\\..\\..\\..\r\nТы находишься в Северном районе Зубчатого каньона.\\.\r\nПо данным разведки - это опасное место.\r\nХуже только Южный район или Тёмный лес.","dialogs_chapter_4_Так, сын, слушай внимательно! Армия Восставших находится в сотнях километров от тебя. Это и плохо, и хорошо.":"Так, сын, слушай внимательно!\r\nАрмия Восставших находится в сотнях километров от тебя.\r\nЭто и плохо, и хорошо.","dialogs_chapter_4_С одной стороны, ты рискуешь провалить поставленное перед твоим отрядом задание\\..\\..\\..":"С одной стороны, ты рискуешь провалить поставленное\nперед твоим отрядом задание\\..\\..\\..","dialogs_chapter_4_С другой, у тебя есть возможность собрать разбросанные силы жнецов.":"С другой, у тебя есть возможность собрать разбросанные\nсилы жнецов.","dialogs_chapter_4_В смысле, собрать силы?!\\. Ты хочешь, чтобы я возглавил армию из пары сотен жнецов?":"В смысле, собрать силы?!\\.\r\nТы хочешь, чтобы я возглавил армию из пары сотен жнецов?","dialogs_chapter_4_Нет! Нет\\..\\..\\.. Я не это имел ввиду.":"Нет! Нет\\..\\..\\..\r\nЯ не это имел ввиду.","dialogs_chapter_4_Помоги им с чем нужно и объясни ситуацию, если они сами не знают что происходит.":"Помоги им с чем нужно и объясни ситуацию, если \r\nони сами не знают что происходит.","dialogs_chapter_4_Походу дела, продвигайся в сторону Южного каньона к базе моих воинов - Разведывательного корпуса Ривальсеров. Это место - точка сбора оставшихся войск Чистилища. Когда прибудешь - сможешь нанести удар по Восставшим.":"Походу дела, продвигайся в сторону Южного каньона к базе\nмоих воинов - Разведывательного корпуса Ривальсеров.\nЭто место - точка сбора оставшихся войск Чистилища.\nКогда прибудешь - сможешь нанести удар по Восставшим.","dialogs_chapter_4_Спасибо, отец! Как буду на месте - сообщу.":"Спасибо, отец!\r\nКак буду на месте - сообщу.","dialogs_chapter_4_Конечно, Риом. Жду твоего следующего звонка.":"Конечно, Риом. Жду твоего следующего звонка.","dialogs_chapter_4_Не стоит отвлекать вероломгера без причины.":"Не стоит отвлекать вероломгера без причины.","dialogs_chapter_4_Вероломгер Ирей, это Риом Рури!":"Вероломгер Ирей, это Риом Рури!","dialogs_chapter_4_Нашёл что-то крайне необычное?":"Нашёл что-то крайне необычное?","dialogs_chapter_4_Нет, ничего такого\\..\\..\\..":"Нет, ничего такого\\..\\..\\..","dialogs_chapter_4_Звони мне только если увидишь что-то необычное, что не видел ни разу.":"Звони мне только если увидишь что-то необычное,\r\nчто не видел ни разу.","dialogs_chapter_4_О!\\. Давно тебя не было слышно. Знаю, поход потерпел крах\\..\\..\\.. Сожалею, насчёт твоего отряда\\..\\..\\.. Почти весь батальон разгромлен\\..\\..\\..":"О!\\. Давно тебя не было слышно. Знаю, поход потерпел крах\\..\\..\\..\r\nСожалею, насчёт твоего отряда\\..\\..\\.. Почти весь батальон\r\nразгромлен\\..\\..\\..","dialogs_chapter_4_Почти?":"Почти?","dialogs_chapter_4_Ага.\\. Дюжина раненых и полсотни уцелевших. Мне неизвестно куда они направились. Но, если встретишь их, помоги добраться до ближайшего форпоста.":"Ага.\\. Дюжина раненых и полсотни уцелевших.\r\nМне неизвестно куда они направились. Но, если встретишь\r\nих, помоги добраться до ближайшего форпоста.","dialogs_chapter_4_Не позволь им разбить лагерь где-то под камнями в Зубчатом каньоне. На запах крови быстро сбегутся опустошители.":"Не позволь им разбить лагерь где-то под камнями в\r\nЗубчатом каньоне. На запах крови быстро сбегутся\r\nопустошители.","dialogs_chapter_4_Посмотрю по обстановке\\..\\..\\..":"Посмотрю по обстановке\\..\\..\\..","dialogs_chapter_4_Буду признателен, если сделаешь, как я сказал.":"Буду признателен, если сделаешь, как я сказал.","dialogs_chapter_4_Сидрин рассказал о базе разведчиков в Южном районе?":"Сидрин рассказал о базе разведчиков в Южном районе?","dialogs_chapter_4_Да":"Да","dialogs_chapter_4_Нет":"Нет","dialogs_chapter_4_Да, отец говорил, что на Юге есть точка сбора всех жнецов. Оттуда я смогу нанести удар по Восставшим\\..\\..\\.. И убить их.":"Да, отец говорил, что на Юге есть точка сбора всех жнецов.\r\nОттуда я смогу нанести удар по Восставшим\\..\\..\\..\r\nИ убить их.","dialogs_chapter_4_Нет, я без понятия, что это за база.":"Нет, я без понятия, что это за база.","dialogs_chapter_4_Точка сбора жнецов в Южном районе Зубчатого каньона. Сейчас там находится разведчики Сидрина.":"Точка сбора жнецов в Южном районе Зубчатого каньона.\r\nСейчас там находится разведчики Сидрина.","dialogs_chapter_4_Хорошо. Если не уверен, что тебе нужно делать - посоветуйся с Сидрином.\\. А я помогу с проблемами магического характера.":"Хорошо. Если не уверен, что тебе нужно делать -\r\nпосоветуйся с Сидрином.\\.\r\nА я помогу с проблемами магического характера.","dialogs_chapter_4_Какими именно?":"Какими именно?","dialogs_chapter_4_Если увидишь что-то крайне необычное, что не видел ни разу\\..\\..\\.. или явления, которые ты сам не можешь понять.\\. Не медли - сразу дай мне знать.":"Если увидишь что-то крайне необычное, что не видел ни\r\nразу\\..\\..\\.. или явления, которые ты сам не можешь понять.\\.\r\nНе медли - сразу дай мне знать.","dialogs_chapter_4_Благодарю за заботу, Ирей!":"Благодарю за заботу, Ирей!","dialogs_chapter_4_Сейчас нет причин звонить командуру.":"Сейчас нет причин звонить командуру.","dialogs_chapter_4_Командир Рикард, это Риом Рури!":"Командир Рикард, это Риом Рури!","dialogs_chapter_4_О! Ты ещё жив?\\. Неплохо для начала.":"О! Ты ещё жив?\\.\r\nНеплохо для начала.","dialogs_chapter_4_Что тебе нужно?":"Что тебе нужно?","dialogs_chapter_4_Помощь! Я застрял в Северном каньоне\\..\\..\\.. мой отряд разбили\\..\\..\\..":"Помощь! Я застрял в Северном каньоне\\..\\..\\.. мой\r\nотряд разбили\\..\\..\\..","dialogs_chapter_4_Это твои проблемы.":"Это твои проблемы.","dialogs_chapter_4_Я дал тебе одно из самых смертоносных орудий - Геном Моркрет. С тобой были далеко не слабые бойцы.\\. Остальное меня не волнует.":"Я дал тебе одно из самых смертоносных орудий - Геном\r\nМоркрет. С тобой были далеко не слабые бойцы.\\.\r\nОстальное меня не волнует.","dialogs_chapter_4_К твоему счастью, настроение у меня хорошее\\..\\..\\..":"К твоему счастью, настроение у меня хорошее\\..\\..\\..","dialogs_chapter_4_Опустошители наконец-то сделали величайшую глупость - объединились с Восставшими, а значит\\..\\..\\.. Мы можем законно их истребить.":"Опустошители наконец-то сделали величайшую глупость -\r\nобъединились с Восставшими, а значит\\..\\..\\..\r\nМы можем законно их истребить.","dialogs_chapter_4_Эти твари давно напрашивались.":"Эти твари давно напрашивались.","dialogs_chapter_4_(Как тебя самого за такие мысли не казнили?)":"(Как тебя самого за такие мысли не казнили?)","dialogs_chapter_4_Командир, из-за этого союза мы несём такие потери, каких не было в Первую войну Адаманта.":"Командир, из-за этого союза мы несём такие потери,\r\nкаких не было в Первую войну Адаманта.","dialogs_chapter_4_Я постараюсь найти иной способ решения проблемы с Опустошителями. А вот с Восставшими мне в одиночку не справиться.":"Я постараюсь найти иной способ решения проблемы с\nОпустошителями. А вот с Восставшими мне в одиночку\nне справиться.","dialogs_chapter_4_Дерзай!\\. Весь карательный корпус выдвигается в сторону Южного района Зубчатого каньона. Двигайся туда, и может даже с кем пересечёшься.":"Дерзай!\\. Весь карательный корпус выдвигается в сторону\nЮжного района Зубчатого каньона. Двигайся туда, и может\nдаже с кем пересечёшься.","dialogs_chapter_4_Если рядом с тобой будут каратели, я сообщу.":"Если рядом с тобой будут каратели, я сообщу.","dialogs_chapter_4_До связи и\\..\\..\\.. постарайся не сдохнуть.":"До связи и\\..\\..\\.. постарайся не сдохнуть.","dialogs_chapter_4_Плохо дело\\..\\..\\.. Нужно раздобыть немало гистита, пара пиритовых осколков и конечно же\\..\\..\\.. Гидрит. Надеюсь в кармане хоть один остался.":"Плохо дело\\..\\..\\.. Нужно раздобыть немало гистита, \r\nпара пиритовых осколков и конечно же\\..\\..\\..\r\nГидрит. Надеюсь в кармане хоть один остался.","dialogs_chapter_4_Заменить поврежденные детали":"Заменить поврежденные детали","dialogs_chapter_4_Оставить в покое":"Оставить в покое","dialogs_chapter_4_Отлично! Пара лишних слитков мне не помешает. Надеюсь чистой энергии на них хватит\\..\\..\\..":"Отлично! Пара лишних слитков мне не помешает.\r\nНадеюсь чистой энергии на них хватит\\..\\..\\..","dialogs_chapter_4_Пока что ресурсов малова-то будет...":"Пока что ресурсов малова-то будет...","dialogs_chapter_4_Для починки необходимо 10 осколка гистита, 2 осколка пирита и 1 осколок гидрита.":"Для починки необходимо 10 осколка гистита, \r\n2 осколка пирита и 1 осколок гидрита.","dialogs_chapter_4_Получены рецепты: Скоростной модуль, Силовой модуль, Защитный модуль, Интеллектуальный модуль, Жизненный модуль, Энергетический модуль.":"Получены рецепты: Скоростной модуль, Силовой модуль,\r\nЗащитный модуль, Интеллектуальный модуль, Жизненный модуль,\r\nЭнергетический модуль.","dialogs_chapter_4_Модули предназначены для улучшения брони. Они подключаются к снаряжению и усиливают его, добавляются по тому же принципу что и сплавы.":"Модули предназначены для улучшения брони.\r\nОни подключаются к снаряжению и усиливают его, добавляются\r\nпо тому же принципу что и сплавы.","dialogs_chapter_4_             Риом с ног до головы изранен и на грани потери сознания.":"             Риом с ног до головы изранен и на грани потери сознания.","dialogs_chapter_4_На сегодня с тебя достаточно.\\. Не переживай, я защитил твое тело теневым куполом, опустошители пройдут мимо и даже не заметят.":"На сегодня с тебя достаточно.\\.\r\nНе переживай, я защитил твое тело теневым куполом,\r\nопустошители пройдут мимо и даже не заметят.","dialogs_chapter_4_Что ты такое?\\..\\..":"Что ты такое?\\..\\..","dialogs_chapter_4_Спи.":"Спи.","dialogs_chapter_4_\\>                                               \\<Получен новый навык!":"\\>                                               \\<Получен новый навык!","dialogs_chapter_4_Коельтан, видишь где-то спуск или проход?":"Коельтан, видишь где-то спуск или проход?","dialogs_chapter_4_Посмотрим\\..\\..\\..":"Посмотрим\\..\\..\\..","dialogs_chapter_4_Есть один вариант.\\. Я ощущаю слабую, хрупкую каменную породу прямо под нами.":"Есть один вариант.\\.\r\nЯ ощущаю слабую, хрупкую каменную породу прямо под \r\nнами.","dialogs_chapter_4_На во-о-он той области.":"На во-о-он той области.","dialogs_chapter_4_Тут пара сотен метров высоты\\..\\..\\.. Как предлагаешь спуститься?":"Тут пара сотен метров высоты\\..\\..\\..\r\nКак предлагаешь спуститься?","dialogs_chapter_4_Пока не знаю, сам подумай.":"Пока не знаю, сам подумай.","dialogs_chapter_4_Может у кого из мертвых жнецов есть карта, чертежи\\..\\..\\.. Поищи что-то такое, а дальше видно будет.":"Может у кого из мертвых жнецов есть карта, чертежи\\..\\..\\..\r\nПоищи что-то такое, а дальше видно будет.","dialogs_chapter_4_И ещё, на случай, если путь будет преграждать нечто огромное, вроде завала\\..\\..\\.. или гигантского громилы – тебе поможет мой особый удар.":"И ещё, на случай, если путь будет преграждать \nнечто огромное, вроде завала\\..\\..\\.. или \nгигантского громилы – тебе поможет мой особый \nудар.","dialogs_chapter_4_Я его называю\\.\\.\\> – теневой разрез.":"Я его называю\\.\\.\\> – теневой разрез.","dialogs_chapter_4_Постой\\..\\..\\.. это как теневой удар?\\. Собираешь энергию и лупишь под нужным углом.\\.Типа такого?":"Постой\\..\\..\\.. это как теневой удар?\\.\r\nСобираешь энергию и лупишь под нужным углом.\\.\r\nТипа такого?","dialogs_chapter_4_Направление мыслей верное\\..\\..\\.. но нет.\\. Разрез сильно отличается от простого удара.\\. Приходи ко мне в иллюзорный мир, и я все тебе объясню.":"Направление мыслей верное\\..\\..\\.. но нет.\\.\r\nРазрез сильно отличается от простого удара.\\.\r\nПриходи ко мне в иллюзорный мир, и я все \r\nтебе объясню.","dialogs_chapter_4_Как будешь отдыхать в безопасном уголке, загляни ко мне в гости. Там всё узнаешь.":"Как будешь отдыхать в безопасном уголке, \nзагляни ко мне в гости. Там всё узнаешь.","dialogs_chapter_4_Чёрт\\..\\..\\.. Что ж так не везёт\\..\\..\\.. Сначала меня со скалы сбросили, потом телепорт чинить пришлось\\..\\..\\.. А теперь ещё и в тупик попал.":"Чёрт\\..\\..\\.. Что ж так не везёт\\..\\..\\..\nСначала меня со скалы сбросили, потом телепорт\nчинить пришлось\\..\\..\\..\nА теперь ещё и в тупик попал.","dialogs_chapter_4_Путь воина никогда не был лёгким.\\. Учись искать во всем плюсы.":"Путь воина никогда не был лёгким.\\.\r\nУчись искать во всем плюсы.","dialogs_chapter_4_Смотри, ты один из сотен, кто пережил моё испытание. Уже неплохое начало.":"Смотри, ты один из сотен, кто пережил моё \r\nиспытание. Уже неплохое начало.","dialogs_chapter_4_Ты смог спасти красавицу блондиночку от карательных клинков, ещё и доказал её невиновность.":"Ты смог спасти красавицу блондиночку от \nкарательных клинков, ещё и доказал её \nневиновность.","dialogs_chapter_4_Это охренеть какое достижение! \\.Даже сами каратели это признали.":"Это охренеть какое достижение! \\.\r\nДаже сами каратели это признали.","dialogs_chapter_4_Теперь на твоих плечах ответственное задание – грохнуть ублюдков, которых всё время тянет к Чистилищу.\\. Такое обычно Высшим жнецам поручают.":"Теперь на твоих плечах ответственное задание – \r\nгрохнуть ублюдков, которых всё время тянет к \r\nЧистилищу.\\.\r\nТакое обычно Высшим жнецам поручают.","dialogs_chapter_4_Ясное дело – будет трудно, больно, страшно.\\. Но я с тобой и помогу всем, чем нужно.":"Ясное дело – будет трудно, больно, страшно.\\.\r\nНо я с тобой и помогу всем, чем нужно.","dialogs_chapter_4_Только постарайся не лезть на рожон. Ещё пару сотен лет искать достойного жнеца мне не охота.":"Только постарайся не лезть на рожон. \nЕщё пару сотен лет искать достойного жнеца \nмне не охота.","dialogs_chapter_4_Постараюсь.":"Постараюсь.","dialogs_chapter_4_Вот и отлично. А теперь вставай, пора двигать к цели.":"Вот и отлично. А теперь вставай, пора двигать к цели.","dialogs_chapter_4_Зато живой!\\! Как закончишь ныть, жду тебя в иллюзорном мире.":"Зато живой!\\!\r\nКак закончишь ныть, жду тебя в иллюзорном мире.","dialogs_chapter_4_Фух! Еле добрались!\\. Ещё б чуть-чуть и нас засекли.":"Фух! Еле добрались!\\.\r\nЕщё б чуть-чуть и нас засекли.","dialogs_chapter_4_                              *Барьер активирован. Прочность 100%.*":"                              *Барьер активирован. Прочность 100%.*","dialogs_chapter_4_Так\\..\\..\\.. и что дальше?":"Так\\..\\..\\.. и что дальше?","dialogs_chapter_4_Готовиться к обороне!":"Готовиться к обороне!","dialogs_chapter_4_К нам движутся опустошители\\..\\..\\.. гуманоидной формы тела\\..\\..\\.. и с оружием.":"К нам движутся опустошители\\..\\..\\..\r\nгуманоидной формы тела\\..\\..\\..\r\nи с оружием.","dialogs_chapter_4_Разумные опустошители.":"Разумные опустошители.","dialogs_chapter_4_Чёрт!\\. Уже и до сюда добрались.":"Чёрт!\\. Уже и до сюда добрались.","dialogs_chapter_4_Нам повезло, что дикие, по сути, неуправляемые хищники.":"Нам повезло, что дикие, по сути, неуправляемые \r\nхищники.","dialogs_chapter_4_Они нападают и на жнецов, и на своих\\..\\..\\.. тех, у кого гуманоидное тело.":"Они нападают и на жнецов, и на своих\\..\\..\\.. тех, у кого\r\nгуманоидное тело.","dialogs_chapter_4_Поэтому к нам идёт лишь 10% от огромной стаи.":"Поэтому к нам идёт лишь 10% от огромной стаи.","dialogs_chapter_4_Готовьте взрывные слитки, не позволим им добраться до нас.":"Готовьте взрывные слитки, не позволим им добраться\r\nдо нас.","dialogs_chapter_4_Вы двое туда!":"Вы двое туда!","dialogs_chapter_4_Брикс, создавай слитки. Передавай их всем, кому нужно!":"Брикс, создавай слитки. Передавай их всем, кому \nнужно!","dialogs_chapter_4_Риом, ты возьми сторону позади себя!":"Риом, ты возьми сторону позади себя!","dialogs_chapter_4_А я буду оборонять правый фланг.":"А я буду оборонять правый фланг.","dialogs_chapter_4_Кажется успокоились\\. Но не стоит терять бдительность.":"Кажется успокоились\\.\r\nНо не стоит терять бдительность.","dialogs_chapter_4_Где же тот спуск, о котором вы говорили на базе.":"Где же тот спуск, о котором вы говорили на базе.","dialogs_chapter_4_Он здесь, рядом со мной!":"Он здесь, рядом со мной!","dialogs_chapter_4_Но сначала всё равно придётся попрыгать.":"Но сначала всё равно придётся попрыгать.","dialogs_chapter_4_Всё-таки лучше, чем ничего.\\..\\..":"Всё-таки лучше, чем ничего.\\..\\..","dialogs_chapter_4_\\>Берегись!\\.\\^":"\\>Берегись!\\.\\^","dialogs_chapter_4_\\>Риом, слева!\\.\\^":"\\>Риом, слева!\\.\\^","dialogs_chapter_4_\\>А-а-а-а!!!\\.\\.\\^":"\\>А-а-а-а!!!\\.\\.\\^","dialogs_chapter_4_А\\..\\..\\.. Чёрт. Было близко.":"А\\..\\..\\..\r\nЧёрт. Было близко.","dialogs_chapter_4_Риом, сверху!":"Риом, сверху!","dialogs_chapter_4_\\>Да ну бл...\\.\\^":"\\>Да ну бл...\\.\\^","dialogs_chapter_4_Ух\\..\\..\\..":"Ух\\..\\..\\..","dialogs_chapter_4_Как же ты меня достал\\..\\..\\..":"Как же ты меня достал\\..\\..\\..","dialogs_chapter_4_Риом!":"Риом!","dialogs_chapter_4_Вижу тебя. \\!Мы с ребятами тут кое-что соорудили и поможем разделаться с этими тремя.":"Вижу тебя. \\!Мы с ребятами тут кое-что \nсоорудили и поможем разделаться с этими тремя.","dialogs_chapter_4_Спасибо\\..\\..\\.. Буду очень благодарен за помощь.":"Спасибо\\..\\..\\.. Буду очень благодарен за помощь.","dialogs_chapter_4_Готовы.":"Готовы.","dialogs_chapter_4_Ильнара, дикие опустошители мертвы, и я вижу тут ящик с иерархитом.":"Ильнара, дикие опустошители мертвы, и я вижу \r\nтут ящик с иерархитом.","dialogs_chapter_4_Ребят?\\..\\..":"Ребят?\\..\\..","dialogs_chapter_4_В ответ Риом получил лишь тишину.":"В ответ Риом получил лишь тишину.","dialogs_chapter_4_Ильнара! Брикс! Вы там, что уснули?!":"Ильнара! Брикс! Вы там, что уснули?!","dialogs_chapter_4_Бесполезно. Я не чувствую их присутствия где-либо.":"Бесполезно. Я не чувствую их присутствия \r\nгде-либо.","dialogs_chapter_4_Вот блин! Риом, не подпускай его!! \\|Бей, всем, что осталось!!\\^":"Вот блин! Риом, не подпускай его!! \\|\nБей, всем, что осталось!!\\^","dialogs_chapter_4_Риом, посмотри на следы.":"Риом, посмотри на следы.","dialogs_chapter_4_Ты видел нечто подобное?\\..\\..":"Ты видел нечто подобное?\\..\\..","dialogs_chapter_4_В первый раз такое вижу\\..\\..\\..":"В первый раз такое вижу\\..\\..\\..","dialogs_chapter_4_Тини говорил, что\\..\\..\\.. его отряд столкнулся с какой-то огромной тварью\\..\\..\\.. она ещё целый кусок стены выбила.":"Тини говорил, что\\..\\..\\.. его отряд столкнулся с \r\nкакой-то огромной тварью\\..\\..\\.. она ещё \r\nцелый кусок стены выбила.","dialogs_chapter_4_Если на отряд Ильнары напало нечто такое\\..\\..\\..":"Если на отряд Ильнары напало нечто такое\\..\\..\\..","dialogs_chapter_4_Думаю, искать их больше нет смысла.":"Думаю, искать их больше нет смысла.","dialogs_chapter_4_А ты\\..\\..\\.. постарайся не нарваться на это чудище.":"А ты\\..\\..\\.. постарайся не нарваться на это \r\nчудище.","dialogs_chapter_4_Жнец, слышишь меня?\\. На связи Ильнара. Инженерный корпус, отряд снабжения.":"Жнец, слышишь меня?\\.\r\nНа связи Ильнара. Инженерный корпус, отряд снабжения.","dialogs_chapter_4_Да, где ты?":"Да, где ты?","dialogs_chapter_4_Продолжай двигаться в сторону ущелья. Там встретимся\\. И будь осторожен, не притащи за собой «хвост».":"Продолжай двигаться в сторону ущелья. Там встретимся\\.\r\nИ будь осторожен, не притащи за собой «хвост».","dialogs_chapter_4_Постараюсь\\..\\..\\..":"Постараюсь\\..\\..\\..","dialogs_chapter_4_Вижу тебя! Теперь осмотри ущелье. \\.Коснись стены слева от трещины.":"Вижу тебя! Теперь осмотри ущелье. \r\n\\.Коснись стены слева от трещины.","dialogs_chapter_4_Зачем?":"Зачем?","dialogs_chapter_4_За стеной спрятан потайной проход. Там наша тайная база\\..\\..\\.. Быстрее, пожалуйста!":"За стеной спрятан потайной проход. Там наша тайная база\\..\\..\\..\r\nБыстрее, пожалуйста!","dialogs_chapter_4_Подозрительно птичка щебечет. Очень похоже на засаду.\\. В моё время бандиты так караваны и грабили. Отправляли девушку отвлекать и заманивать купцов, а сами окружали и нападали.":"Подозрительно птичка щебечет. Очень похоже на засаду.\\.\nВ моё время бандиты так караваны и грабили. Отправляли\nдевушку отвлекать и заманивать купцов, а сами окружали\nи нападали.","dialogs_chapter_4_Мы в мире Мёртвых, какие тут могут быть бандиты?!":"Мы в мире Мёртвых, какие тут могут быть бандиты?!","dialogs_chapter_4_Тем более, среди жнецов\\..\\..\\.. Я за всю свою жизнь ни одного не видел.":"Тем более, среди жнецов\\..\\..\\..\r\nЯ за всю свою жизнь ни одного не видел.","dialogs_chapter_4_Дела, как погляжу, у вас совсем плохи\\..\\..\\.. Чем я могу помочь?":"Дела, как погляжу, у вас совсем плохи\\..\\..\\..\r\nЧем я могу помочь?","dialogs_chapter_4_Для начала нужно Брикса исцелить.":"Для начала нужно Брикса исцелить.","dialogs_chapter_4_У тебя есть лечебный слиток?":"У тебя есть лечебный слиток?","dialogs_chapter_4_Держи.":"Держи.","dialogs_chapter_4_Благодарю\\..\\..\\..":"Благодарю\\..\\..\\..","dialogs_chapter_4_Как тебя зовут, жнец?":"Как тебя зовут, жнец?","dialogs_chapter_4_Риом Рури.":"Риом Рури.","dialogs_chapter_4_Сын одного из сильнейших Вероломгеров!\\. Но что ты здесь делаешь?\\. Я думала в эту область никого кроме исследователей и разведчиков не посылают\\..\\..\\..":"Сын одного из сильнейших Вероломгеров!\\.\r\nНо что ты здесь делаешь?\\.\r\nЯ думала в эту область никого кроме исследователей и\r\nразведчиков не посылают\\..\\..\\..","dialogs_chapter_4_Да так\\..\\..\\.. на Восставших охочусь.":"Да так\\..\\..\\.. на Восставших охочусь.","dialogs_chapter_4_Вы разве не знаете, что случилось в Серебряной пустыне?":"Вы разве не знаете, что случилось в Серебряной пустыне?","dialogs_chapter_4_Нет.":"Нет.","dialogs_chapter_4_Моя группа помогает с исследованиями подземелий каньона\\. Нас редко вызывают.":"Моя группа помогает с исследованиями подземелий каньона.\\.\nНас редко вызывают.","dialogs_chapter_4_Ну тогда, вам стоит знать, что в пустыне Восставшие и Опустошители разбили в прах батальон боевых жнецов. Карательному отряду тоже досталось\\..\\..\\.. и я, вроде как, последний выживший.":"Ну тогда, вам стоит знать, что в пустыне Восставшие\r\nи Опустошители разбили в прах батальон боевых жнецов.\r\nКарательному отряду тоже досталось\\..\\..\\..\r\nи я, вроде как, последний выживший.","dialogs_chapter_4_П-Подожди! Стоп-стоп-стоп! Это плохо\\..\\..\\.. Очень-очень плохо!":"П-Подожди! Стоп-стоп-стоп! Это плохо\\..\\..\\..\r\nОчень-очень плохо!","dialogs_chapter_4_Сначала дикие опустошители вырвались наружу\\..\\..\\.. А теперь ещё и наша основная армия разбита.":"Сначала дикие опустошители вырвались наружу\\..\\..\\..\r\nА теперь ещё и наша основная армия разбита.","dialogs_chapter_4_Насчет диких.\\. Расскажи подробнее, что случилось.":"Насчет диких.\\.\r\nРасскажи подробнее, что случилось.","dialogs_chapter_4_Эти твари сидели под землей тихо и доставляли проблемы лишь тем, кто вторгся на их территорию.":"Эти твари сидели под землей тихо и доставляли \r\nпроблемы лишь тем, кто вторгся на их территорию.","dialogs_chapter_4_Влур-Стиг не просто так загнал все свои неудачные творения под землю.\\. Здесь полно полезных ресурсов, неразгаданных тайн и прочего.":"Влур-Стиг не просто так загнал все свои неудачные\r\nтворения под землю.\\.\r\nЗдесь полно полезных ресурсов, неразгаданных\r\nтайн и прочего.","dialogs_chapter_4_Самое лакомое место для жнецов.\\. Сюда постоянно отправлялись экспедиция за экспедицией.":"Самое лакомое место для жнецов.\\.\r\nСюда постоянно отправлялись экспедиция за экспедицией.","dialogs_chapter_4_Стычки с дикими происходили часто, но стоило дать им отпор - они отступали\\..\\..\\.. До недавнего момента.":"Стычки с дикими происходили часто, но стоило дать им\r\nотпор - они отступали\\..\\..\\.. До недавнего момента.","dialogs_chapter_4_В один миг связь со всеми телепортами была разорвана, а следом дикие опустошители повылезали со всех дыр и напали на все базы\\..\\..\\.. Одновременно!":"В один миг связь со всеми телепортами была разорвана,\r\nа следом дикие опустошители повылезали со всех дыр и\r\nнапали на все базы\\..\\..\\.. Одновременно!","dialogs_chapter_4_Всё, что находилось под землёй и на возвышенностях - активно уничтожалось опустошителями\\..\\..\\..":"Всё, что находилось под землёй и на возвышенностях -\r\nактивно уничтожалось опустошителями\\..\\..\\..","dialogs_chapter_4_Раз так, тогда вам нужно валить отсюда.\\. Если надо – могу сопроводить к телепорту. Он тут\\..\\..\\.. недалеко.":"Раз так, тогда вам нужно валить отсюда.\\.\nЕсли надо – могу сопроводить к телепорту.\nОн тут\\..\\..\\.. недалеко.","dialogs_chapter_4_Боюсь, мы не можем так просто уйти.":"Боюсь, мы не можем так просто уйти.","dialogs_chapter_4_Не думаю, что задание сейчас в приоритете.\\. Чистилище отзывает всех жнецов и вам стоит бежать отсюда, пока эти твари вас не перебили.":"Не думаю, что задание сейчас в приоритете.\\.\nЧистилище отзывает всех жнецов и вам стоит бежать\nотсюда, пока эти твари вас не перебили.","dialogs_chapter_4_Мы вернёмся в Чистилище\\..\\..\\.. Но с начала придётся доделать задание.":"Мы вернёмся в Чистилище\\..\\..\\..\nНо сначала придётся доделать задание.","dialogs_chapter_4_     *Ильнара открыла голографический планшет и протянула его Риому*":"     *Ильнара открыла голографический планшет и протянула его Риому*","dialogs_chapter_4_Доставить из подземной базы номер 6 ящик...":"Доставить из подземной базы номер 6 ящик...","dialogs_chapter_4_Иерархита?":"Иерархита?","dialogs_chapter_4_Да.":"Да.","dialogs_chapter_4_Перед началом всего этого\\..\\..\\.. ужаса, группа разведчиков смогла добыть несколько осколков Иерархита из глубин Забытого Города.":"Перед началом всего этого\\..\\..\\.. ужаса, группа\nразведчиков смогла добыть несколько осколков Иерархита\nиз глубин Забытого Города.","dialogs_chapter_4_Это неисследованное место, где полно технологий и материалов, принадлежащих расе Иерархов.":"Это неисследованное место, где полно технологий и\r\nматериалов, принадлежащих расе Иерархов.","dialogs_chapter_4_Ага\\..\\..\\.. И я так вижу, этот ящик потерян где-то здесь?":"Ага\\..\\..\\.. И я так вижу, этот ящик потерян где-то здесь?","dialogs_chapter_4_                                              *Риом отдаёт планшет.*":"                                              *Риом отдаёт планшет.*","dialogs_chapter_4_Да. Он\\..\\..\\.. Прямо по центру области, которая на пару сотен метров ниже. Придётся спускаться.":"Да. Он\\..\\..\\.. Прямо по центру области, которая на пару\nсотен метров ниже. Придётся спускаться.","dialogs_chapter_4_Правда из-за крылатого опустошителя мы толком не можем нормально высунуться\\..\\..\\.. да и мелочь сильно мешает.":"Правда из-за крылатого опустошителя мы толком не можем\nнормально высунуться\\..\\..\\.. да и мелочь сильно мешает.","dialogs_chapter_4_Я уже приноровился, и могу провести вас.":"Я уже приноровился, и могу провести вас.","dialogs_chapter_4_Но для начала, что именно лежит в этом ящике?":"Но для начала, что именно лежит в этом ящике?","dialogs_chapter_4_Осколки Иерархита.\\. Высший жнец Ирей приказал доставить их к нему.":"Осколки Иерархита.\\.\nВысший жнец Ирей приказал доставить их к нему.","dialogs_chapter_4_После Первой Войны Адаманта его тело сильно пострадало, и без этих осколков он не сможет восстановить свою броню.":"После Первой Войны Адаманта его тело сильно пострадало,\r\nи без этих осколков он не сможет восстановить свою броню.","dialogs_chapter_4_Точно\\..\\..\\.. Сейчас его тело защищено пиритовой броней, а она послабее будет.":"Точно\\..\\..\\.. Сейчас его тело защищено пиритовой броней, а она послабее будет.","dialogs_chapter_4_И как ты собираешься добраться до своего груза?":"И как ты собираешься добраться до своего груза?","dialogs_chapter_4_Если бы внизу был рабочий телепорт\\..\\..\\..":"Если бы внизу был рабочий телепорт\\..\\..\\..","dialogs_chapter_4_Там есть телепорт, но он нуждается в ремонте.":"Там есть телепорт, но он нуждается в ремонте.","dialogs_chapter_4_Остаётся только спуск с вершины\\..\\..\\..":"Остаётся только спуск с вершины\\..\\..\\..","dialogs_chapter_4_Совсем рядом расположена огромная скала, там находится смотрительный пункт. Прямо под ним есть два спуска.\\. Плавный и крутой.":"Совсем рядом расположена огромная скала, там \nнаходится смотрительный пункт.\nПрямо под ним есть два спуска.\\.\nПлавный и крутой.","dialogs_chapter_4_Нужно, чтобы ты отвлек на себя опустошителя с крыльями, от него больше всего проблем.":"Нужно, чтобы ты отвлек на себя опустошителя с \nкрыльями, от него больше всего проблем.\\","dialogs_chapter_4_Я с отрядом доберусь до вершины обходным путём, где тварей меньше всего.":"Я с отрядом доберусь до вершины обходным путём,\nгде тварей меньше всего.","dialogs_chapter_4_Смотрительный пункт будет нашей точкой сбора.":"Смотрительный пункт будет нашей точкой сбора.","dialogs_chapter_4_Хочешь сделать из меня приманку?":"Хочешь сделать из меня приманку?","dialogs_chapter_4_Только для крылатого.\\. Остальных необязательно трогать!":"Только для крылатого.\\.\r\nОстальных необязательно трогать!","dialogs_chapter_4_Ладно, попробуем\\..\\..\\.. Я согласен.":"Ладно, попробуем\\..\\..\\.. Я согласен.","dialogs_chapter_4_Отлично. Мы с ребятами подготовимся, а ты скажи, как будешь готов.":"Отлично. Мы с ребятами подготовимся, а ты скажи,\r\nкак будешь готов.","dialogs_chapter_4_Ах\\..\\..\\.. Нет.":"Ах\\..\\..\\.. Нет.","dialogs_chapter_4_Тогда хотя бы материалы\\..\\..\\..":"Тогда хотя бы материалы\\..\\..\\..","dialogs_chapter_4_Вот сборочный механизм. Сделай один и передай Бриксу.":"Вот сборочный механизм. Сделай один и передай Бриксу.","dialogs_chapter_4_А вот и ты. Готов начинать?":"А вот и ты. Готов начинать?","dialogs_chapter_4_Есть другие...":"Есть другие...","dialogs_chapter_4_Это был риторический вопрос.":"Это был риторический вопрос.","dialogs_chapter_4_                           По голосу и взгляду слышна радость.":"                           По голосу и взгляду слышна радость.","dialogs_chapter_4_Ладно.\\. А с чего такой весёлый?":"Ладно.\\. А с чего такой весёлый?","dialogs_chapter_4_Ты один из немногих, кто смог дожить до этого момента. Второй по счёту.":"Ты один из немногих, кто смог дожить до этого момента.\r\nВторой по счёту.","dialogs_chapter_4_К сожалению\\..\\..\\.. Дальше разреза никто не доходил.":"К сожалению\\..\\..\\..\r\nДальше разреза никто не доходил.","dialogs_chapter_4_Предыдущий жнец быстро освоил эту технику, а после - его самоуверенность взяла вверх. Он чувствовал себя непобедимым\\..\\..\\.. кромсал врагов с таким вкусом\\..\\..\\.. с таким аппетитом\\..\\..\\.. что в один момент зарубил собственный отряд.":"Предыдущий жнец быстро освоил эту технику, а после -\r\nего самоуверенность взяла вверх. Он чувствовал себя\r\nнепобедимым\\..\\..\\.. кромсал врагов с таким вкусом\\..\\..\\.. с таким\r\nаппетитом\\..\\..\\.. что в один момент зарубил собственный отряд.","dialogs_chapter_4_Почему? Жажда крови отбила мозг?":"Почему? Жажда крови отбила мозг?","dialogs_chapter_4_В яблочко!\\. Самоконтроль был главной слабостью прошлого жнеца.":"В яблочко!\\.\r\nСамоконтроль был главной слабостью прошлого жнеца.","dialogs_chapter_4_Я возлагаю на тебя большие надежды, Риом.\\. Не разочаруй меня.":"Я возлагаю на тебя большие надежды, Риом.\\.\r\nНе разочаруй меня.","dialogs_chapter_4_Постараюсь. А теперь\\..\\..\\.. Может уже начнём?":"Постараюсь. А теперь\\..\\..\\.. Может уже начнём?","dialogs_chapter_4_                                    Коельтан обнажил Геном Моркрет.":"                                    Коельтан обнажил Геном Моркрет.","dialogs_chapter_4_Конечно, с превеликим удовольствием.":"Конечно, с превеликим удовольствием.","dialogs_chapter_4_У любого оружия с душой есть своя стихия\\..\\..\\.. своя любимая пища\\..\\..\\..":"У любого оружия с душой есть своя стихия\\..\\..\\..\r\nсвоя любимая пища\\..\\..\\..","dialogs_chapter_4_Насытившись ею, он разит врагов с усиленной мощью.":"Насытившись ею, он разит врагов с усиленной мощью.","dialogs_chapter_4_                        Коельтан направил меч в сторону Риома.":"                        Коельтан направил меч в сторону Риома.","dialogs_chapter_4_Чувствуешь\\..\\..\\.. мою жажду убить тебя?":"Чувствуешь\\..\\..\\.. мою жажду убить тебя?","dialogs_chapter_4_Риом ощутил сильную рвоту, слабость и страх. Сердце начало бешено колотиться. Ноги едва удерживали тело.":"                        Риом ощутил сильную рвоту, слабость и страх.\n            Сердце начало бешено колотиться. Ноги едва удерживали тело.","dialogs_chapter_4_Что?! Что ты сделал?":"Что?! Что ты сделал?","dialogs_chapter_4_Это любимое блюдо Генома Моркрета!":"Это любимое блюдо Генома Моркрета!","dialogs_chapter_4_Жажда крови.\\. Желание забрать жизнь цели.\\. Чем они сильнее\\..\\..\\..":"Жажда крови.\\.\r\nЖелание забрать жизнь цели.\\.\r\nЧем они сильнее\\..\\..\\..","dialogs_chapter_4_Тем сильнее будут твои атаки!":"Тем сильнее будут твои атаки!","dialogs_chapter_4_И как я должен освоить этот приём? Снова будешь драться?":"И как я должен освоить этот приём?\r\nСнова будешь драться?","dialogs_chapter_4_Нет.\\. Не в этот раз.\\. Запомни это чувство, именно так должны ощущать себя враги при виде Генома Моркрета.":"Нет.\\. Не в этот раз.\\.\nЗапомни это чувство, именно так должны ощущать\nсебя враги при виде Генома Моркрета.","dialogs_chapter_4_Сейчас ты ненадолго побудешь в моей шкуре и поймёшь, о чём я говорю.":"Сейчас ты ненадолго побудешь в моей шкуре и поймёшь,\r\nо чём я говорю.","dialogs_chapter_4_С-стой! С меня хват...":"С-стой! С меня хват...","dialogs_chapter_4_Ах\\..\\..\\.. полная синергия\\..\\..\\.. Смотри и запоминай, Риом Рури.":"Ах\\..\\..\\.. полная синергия\\..\\..\\..\r\nСмотри и запоминай, Риом Рури.","dialogs_chapter_4_О! \\!Привет, Риом!":"О! \\!Привет, Риом!","dialogs_chapter_4_Ты успел прямо к обеду.":"Ты успел прямо к обеду.","dialogs_chapter_4_Я тут с опустошителями воюю, а ты чаи гоняешь\\..\\..\\..":"Я тут с опустошителями воюю, а ты чаи гоняешь\\..\\..\\..","dialogs_chapter_4_Часть силы Генома Моркрета ты получил.":"Часть силы Генома Моркрета ты получил.","dialogs_chapter_4_Коельтан делает глоток чая.":"Коельтан делает глоток чая.","dialogs_chapter_4_Что еще ты от меня хочешь?":"Что еще ты от меня хочешь?","dialogs_chapter_4_Поговорить":"Поговорить","dialogs_chapter_4_Изучить навык":"Изучить навык","dialogs_chapter_4_Теневой шаг":"Теневой шаг","dialogs_chapter_4_(Назад)":"(Назад)","dialogs_chapter_4_При нашей встрече\\..\\..\\.. в каньоне. Ты двигался с такой скоростью\\..\\..\\.. я и близко не мог уследить за тобой!":"При нашей встрече\\..\\..\\.. в каньоне. Ты двигался с \nтакой скоростью\\..\\..\\.. я и близко не мог уследить\nза тобой!","dialogs_chapter_4_Ага.":"Ага.","dialogs_chapter_4_Ещё в округе есть немало мест куда я хотел бы попасть, но не могу\\..\\..\\..":"Ещё в округе есть немало мест куда я хотел бы \nпопасть, но не могу\\..\\..\\..","dialogs_chapter_4_Угу.":"Угу.","dialogs_chapter_4_Словно ты замедляешь время\\..\\..\\..":"Словно ты замедляешь время\\..\\..\\..","dialogs_chapter_4_Риом. \\!Что ты от меня хочешь?":"Риом. \\!Что ты от меня хочешь?","dialogs_chapter_4_Научи меня двигаться с такой же скоростью, как ты!":"Научи меня двигаться с такой же скоростью, как ты!","dialogs_chapter_4_А! Техника теневого шага.":"А! Техника теневого шага.","dialogs_chapter_4_На будущее. Обычно я забираю часть духовной энергии у жнеца, взамен обучая новым приемам.":"На будущее. Обычно я забираю часть духовной \r\nэнергии у жнеца, взамен обучая новым приемам.","dialogs_chapter_4_Но теневой шаг тебе необходим.":"Но теневой шаг тебе необходим.","dialogs_chapter_4_Этому приему я обучу тебя бесплатно.":"Этому приему я обучу тебя бесплатно.","dialogs_chapter_4_И предупреждаю!":"И предупреждаю!","dialogs_chapter_4_Навернешься с большой высоты - сам виноват.":"Навернешься с большой высоты - сам виноват.","dialogs_chapter_4_Договорились!":"Договорились!","dialogs_chapter_4_Ты уже овладел этим приемом.":"Ты уже овладел этим приемом.","dialogs_chapter_4_Вернутся обратно":"Вернуться обратно","dialogs_chapter_4_Что ж, Риом... Добро пожаловать в иллюзорный мир.":"Что ж, Риом... Добро пожаловать в иллюзорный мир.","dialogs_chapter_4_Я воссоздал условия, где ты чаще всего будешь использовать теневой шаг.":"Я воссоздал условия, где ты чаще всего будешь \nиспользовать теневой шаг.","dialogs_chapter_4_Подойти к точке старта.":"Подойти к точке старта.","dialogs_chapter_4_Техника теневого шага сработает и ты перенесешься на самый верх вершины.":"Техника теневого шага сработает и ты \r\nперенесешься на самый верх вершины.","dialogs_chapter_4_А потом?":"А потом?","dialogs_chapter_4_Не знаю.":"Не знаю.","dialogs_chapter_4_Попробуй подвигаться \\! туда-сюда. \\! А лучше по краям.":"Попробуй подвигаться \\! туда-сюда. \\! А лучше по краям.","dialogs_chapter_4_Куда смотришь, туда и телепортируешься.":"Куда смотришь, туда и телепортируешься.","dialogs_chapter_4_Попрактикуйся, а когда надоест...":"Попрактикуйся, а когда надоест...","dialogs_chapter_4_Допрыгай до этой точки и я перенесу тебя обратно.":"Допрыгай до этой точки и я перенесу тебя обратно.","dialogs_chapter_4_Для прыжка подойдите к краю вершины и нажмите \\C[3]Z,\\C[0] или \\C[3]Space\\C[0].":"Для прыжка подойдите к краю вершины и нажмите \\C[3]Z,\\C[0] \r\nили \\C[3]Space\\C[0].","dialogs_chapter_4_Покинуть область":"Покинуть область","dialogs_chapter_4_Остаться":"Остаться","dialogs_chapter_4_Изучен навык \"Теневой шаг\"!":"Изучен навык \"Теневой шаг\"!","dialogs_chapter_4_Теперь Риом может свободно двигаться по возвышенностям.":"Теперь Риом может свободно двигаться по возвышенностям.","dialogs_chapter_4_Ура! Поздравляю!":"Ура! Поздравляю!","dialogs_chapter_4_А теперь - на выход.":"А теперь - на выход.","dialogs_chapter_4_Вот сборочный механизм.\\. Ты можешь сделать слиток лечения на нём.":"Вот сборочный механизм.\\.\r\nТы можешь сделать слиток лечения на нём.","dialogs_chapter_4_Готов?":"Готов?","dialogs_chapter_4_Желаете сохраниться?":"Желаете сохраниться?","dialogs_chapter_4_Да!":"Да!","dialogs_chapter_4_Подожди\\..\\..\\.. помнишь, о том, что я просил тебя сделать?":"Подожди\\..\\..\\.. помнишь, о том, что я просил \r\nтебя сделать?","dialogs_chapter_4_(Ты хотел мне что-то в своем мире показать? Да, помню.)":"(Ты хотел мне что-то в своем мире показать? \r\nДа, помню.)","dialogs_chapter_4_Советую сделать это сейчас. Неизвестно с чем ты столкнешься там\\..\\..\\.. внизу.":"Советую сделать это сейчас. \r\nНеизвестно с чем ты столкнешься там\\..\\..\\.. \r\nвнизу. ","dialogs_chapter_4_Погоди-ка\\..\\..\\.. перед тем, как начнешь, стоит ещё кое-что сделать.":"Погоди-ка\\..\\..\\.. перед тем, как начнешь, стоит \r\nещё кое-что сделать.","dialogs_chapter_4_(Что именно?)":"(Что именно?)","dialogs_chapter_4_Неизвестно с насколько большой преградой ты столкнешься. Органической\\..\\..\\.. или какой-либо ещё.":"Неизвестно с насколько большой преградой ты \r\nстолкнешься. \r\nОрганической\\..\\..\\.. или какой-либо ещё.","dialogs_chapter_4_У тебя должен быть “козырь в кармане”. \\.В данном случае, это мой особый удар - теневой разрез.":"У тебя должен быть “козырь в кармане”. \\.\r\nВ данном случае, это мой особый удар - теневой \r\nразрез.","dialogs_chapter_4_Немного манны и препятствие сносится за один взмах!":"Немного манны и препятствие сносится за один \r\nвзмах!","dialogs_chapter_4_(Подумаю над этим\\..\\..\\..)":"(Подумаю над этим\\..\\..\\..)","dialogs_chapter_4_*Риом приложил левую руку к стенке*":"                                *Риом приложил левую руку к стенке*","dialogs_chapter_4_Давай-давай, заходи!":"Давай-давай, заходи!","dialogs_chapter_4_Получен Осколок Иерархита.":"Получен Осколок Иерархита.","dialogs_chapter_4_Всего один\\..\\..\\..":"Всего один\\..\\..\\..","dialogs_chapter_4_Это хоть что-то. Иерархит очень редкий и ценный ресурс. Его можно обменять на приличную сумму, либо приберечь для создания очень мощной брони.":"Это хоть что-то. \nИерархит очень редкий и ценный ресурс. \nЕго можно обменять на приличную сумму, либо \nприберечь для создания очень мощной брони.","dialogs_chapter_4_Интересно\\..\\..\\.. Я подумаю над этим.":"Интересно\\..\\..\\.. Я подумаю над этим.","dialogs_chapter_4_Когда враг находится в состоянии \\I[75], он не получит какого-либо урона и не сможет вас атаковать. Бейте того, кто не находиться в данном состоянии.":"Когда враг находится в состоянии \\I[75], он не получит \nкакого-либо урона и не сможет вас атаковать. \nБейте того, кто не находиться в данном состоянии.","dialogs_chapter_4_":""}