{"Мастер фраза для определения максимальной длины текста":"Да уж! Эта старая клешня чуть не искромсала меня за своё золотишко!","Риом":"Риом","Ирей":"Ирей","Коельтан":"Коельтан","Кенчиру":"Кенчиру","Рита":"Рита","Коельшин":"Коельшин","Вейлер":"Вейлер","Зед":"Зед","Тини":"Тини","Каратель":"Каратель","Боевой жнец":"Боевой жнец","Ривальсер":"Ривальсер","Рикард":"Рикард","Сидрин":"Сидрин","Дин":"Дин","Литгер":"Литгер","Дерек":"Дерек","Лаурита":"Лаурита","Каспар":"Каспар","Крайс":"Крайс","Генри":"Генри","Ирни":"Ирни","Все каратели":"Все каратели","Весь отряд":"Весь отряд","Хифлок":"Хифлок","Рутгер":"Рутгер","Смерть":"Смерть","Риом и Рита":"Риом и Рита","Гасп":"Гасп","Дина":"Дина","Ильнара":"Ильнара","Брикс":"Брикс","Жнец":"Жнец","Авель":"Авель"}