{"Мастер фраза для определения максимальной длины текста":"Да уж! Эта старая клешня чуть не искромсала меня за своё золотишко!","Риом":"Риом","Юный жнец":"Юный жнец","Ирей":"Ирей","Коельтан":"Коельтан","Кенчиру":"Кенчиру","Рита":"Рита","Коельшин":"Коельшин","Вейлер":"Вейлер","Зед":"Зед","Тини":"Тини","Ривальсер. Специалист по разным устройствам, может починить что угодно.":"Ривальсер. Специалист по разным устройствам, может \nпочинить что угодно.","Каратель":"Каратель","Боевой жнец":"Боевой жнец","Ривальсер":"Ривальсер","Рикард":"Рикард","Сидрин":"Сидрин","Дин":"Дин","Литгер":"Литгер","Дерек":"Дерек","Лаурита":"Лаурита","Каспар":"Каспар","Крайс":"Крайс","Генри":"Генри","Ирни":"Ирни","Роза":"Роза","Все каратели":"Все каратели","Весь отряд":"Весь отряд","Хифлок":"Хифлок","Рутгер":"Рутгер","Смерть":"Смерть","Риом и Рита":"Риом и Рита","Гасп":"Гасп","Дина":"Дина","Ильнара":"Ильнара","Брикс":"Брикс","Жнец":"Жнец","Авель":"Авель","Белла":"Белла","Главный телохранитель":"Главный телохранитель","Система “Уведомитель”":"Система “Уведомитель”","Филин":"Филин","Уровень":"Уровень","Здоровье":"Здоровье","Мана":"Мана","Энергия":"Энергия","Мастерство":"Мастерство","Макс. HP":"Макс. HP","Макс. MP":"Макс. MP","Атака":"Атака","Защита":"Защита","Маг. атака":"Маг. атака","М. защита":"М. защита","Cкорость":"Cкорость","Контроль":"Контроль","Шанс попадания":"Шанс попадания","Шанс уклонение":"Шанс уклонение","Битва":"Битва","Побег":"Побег","Предмет":"Предмет","Умения":"Умения","Экипировать":"Экипировать","Состояние":"Состояние","Отряд":"Отряд","Настройки":"Настройки","Сохранить":"Сохранить","Завершить игру":"Завершить игру","Оружие":"Оружие","Броня":"Броня","Важный предмет":"Важный предмет","Лучшее":"Лучшее","Снять всё":"Снять всё","Купить":"Купить","Продать":"Продать","Новая игра":"Новая игра","Продолжить":"Продолжить","В титульное меню":"В титульное меню","Отмена":"Отмена","Бег всегда":"Бег всегда","Запомнить команду":"Запомнить команду","Сенсорный интерфейс":"Сенсорный интерфейс","Уровень громкости BGM":"Уровень громкости BGM","Уровень громкости BGS":"Уровень громкости BGS","Уровень громкости ME":"Уровень громкости ME","Уровень громкости SE":"Уровень громкости SE","В партии":"В партии","Опыт":"Опыт","До повышения":"До повышения","В какой файл сохранить?":"В какой файл сохранить?","Какой файл загрузить?":"Какой файл загрузить?","Файл":"Файл","Автосохранение":"Автосохранение","и его партия":"и его партия","появляется!":"появляется!","получает превосходство!":"получает превосходство!","удивлён!":"удивлён!","пытается сбежать!":"пытается сбежать!","Но сбежать не удалось!":"Но сбежать не удалось!","побеждает!":"побеждает!","проигрывает.":"проигрывает.","получено!":"получено!","найдено!":"найдено!","Найдено":"Найдено","теперь":"теперь","выучено!":"выучено!","использует":"использует","Отличный удар!":"Отличный удар!","Болезненный удар!":"Болезненный удар!","получает":"получает","урона!":"урона!","восстанавливает":"восстанавливает","обретает":"обретает","теряет":"теряет","поглощает":"поглощает","не получает повреждений!":"не получает повреждений!","Промах!":"Промах!","не получил(а) повреждений!":"не получил(а) повреждений!","уклоняется от атаки!":"уклоняется от атаки!","нейтрализует магию!":"нейтрализует магию!","отражает магию!":"отражает магию!","контратакует!":"контратакует!","защищает":"защищает","снова в норме!":"снова в норме!","Не действует на":"Не действует на","Голова":"Голова","Торс":"Торс","Руки":"Руки","Ноги":"Ноги","Неизвестно":"Неизвестно","Всего":"Всего","Описание":"Описание","Карта":"Карта","Совместный":"Совместный","Дуэлянт":"Дуэлянт","Командир":"Командир","Фехтовальщик":"Фехтовальщик","Броненосец":"Броненосец","Удар в голову":"Удар в голову","Накладывает оглушение.":"Накладывает оглушение.","Удар в торс":"Удар в торс","Ослабляет защиту противника.":"Ослабляет защиту противника.","Удар по рукам":"Удар по рукам","Ослабляет атаку противника.":"Ослабляет атаку противника.","Удар по ногам":"Удар по ногам","Снижает мобильность противника.":"Снижает мобильность противника.","Уклонение":"Уклонение","Позволяет на короткое время избежать всех видов урона (магического и физического).":"Позволяет на короткое время избежать всех видов урона \r\n(магического и физического).","Контратака":"Контратака","Возвращает врагу весь физический урон. Действует недолго. Усиливает атаку на короткое время. ":"Возвращает врагу весь физический урон. Действует недолго. \r\nУсиливает атаку на короткое время. ","Выход из боя":"Выход из боя","Отступление!":"Отступление!","Ожидание":"Ожидание","Восстанавливает 15 ТР. Пропуск хода.":"Восстанавливает 15 ТР. Пропуск хода.","Сокрушение":"Сокрушение","Шанс оглушения 90%.":"Шанс оглушения 90%.","Сильный удар":"Сильный удар","Снижает скорость цели и её защиту.":"Снижает скорость цели и её защиту.","Взмах на вскидку":"Взмах на вскидку","3 быстрых удара по 3-ем случайным противникам. Ослабляет защиту.":"3 быстрых удара по 3-ем случайным противникам.\r\nОслабляет защиту.","Парное рассечение":"Парное рассечение","2 удара по одному противнику. Ослабляет атаку.":"2 удара по одному противнику. Ослабляет атаку.","Подавление":"Подавление","8 ударов по одному противнику.":"8 ударов по одному противнику.","Точный удар":"Точный удар","Наносит удар, игнорируя контратаку и уклонение.":"Наносит удар, игнорируя контратаку и уклонение.","Прикрытие":"Прикрытие","Защищает союзника от смерти.":"Защищает союзника от смерти.","Разрушение ауры":"Разрушение ауры","Снижает маг. защиту цели.":"Снижает маг. защиту цели.","Защитный покров":"Защитный покров","Усиление маг. защиту.":"Усиление маг. защиту.","Обмен":"Обмен","Восстанавливает манну за счёт энергии.":"Восстанавливает манну за счёт энергии.","Укрепление мышц":"Укрепление мышц","Усиливает защиту всего отряда.":"Усиливает защиту всего отряда.","Обострение рефлексов":"Обострение рефлексов","Увеличивает скорость всего отряда.":"Увеличивает скорость всего отряда.","Жажда крови":"Жажда крови","Усиление атаки для всего отряда.":"Усиление атаки для всего отряда.","Перегрузка":"Перегрузка","Усиление маг. атаки для всего отряда.":"Усиление маг. атаки для всего отряда.","Милитовый барьэр":"Милитовый барьэр","Усиление маг. защиты всего отряда.":"Усиление маг. защиты всего отряда.","Контроль ситуации":"Контроль ситуации","Увеличение шанса наложения состояния для всего отряда.":"Увеличение шанса наложения состояния для всего \r\nотряда.","Команда: \"Уклонение!\"":"Команда: \"Уклонение!\"","Весь отряд избегает любого урона.":"Весь отряд избегает любого урона.","Команда: \"Контратака!\"":"Команда: \"Контратака!\"","Отряд возвращает врагу весь физический урон. Действует недолго. Усиливает атаку на короткое время. ":"Отряд возвращает врагу весь физический урон.  \r\nДействует недолго. Усиливает атаку на короткое время. ","Команда: \"Защита!\"":"Команда: \"Защита!\"","Отряд переходит в глухую оборону, повышает защиту.":"Отряд переходит в глухую оборону, повышает защиту.","Излучение Гидрита":"Излучение Гидрита","Исцеляет выбранного персонажа в отряде.":"Исцеляет выбранного персонажа в отряде.","Уклонение II":"Уклонение II","Позволяет избежать всех видов урона. Действует 1 ход. Снимет 2 степени ослабления ловкости.":"Позволяет избежать всех видов урона. Действует 1 ход.\r\nСнимет 2 степени ослабления ловкости.","Контратака II":"Контратака II","Возвращает врагу весь физический урон. Действует 1 ход. Снимет 2 степени ослабления атаки.":"Возвращает врагу весь физический урон. Действует 1 ход.\r\nСнимет 2 степени ослабления атаки.","Энерго-волна":"Энерго-волна","Один взмах - один труп. Возможен крит. удар, снижает магическую защиту.":"Один взмах - один труп. Возможен крит. удар, снижает \r\nмагическую защиту.","Поток милита":"Поток милита","Увеличивает реген. MP HP TP на 5%. Действует 10 ходов.":"Увеличивает реген. MP HP TP на 5%. Действует 10 ходов.","Второе дыхание":"Второе дыхание","Приводит в чувство павшего сопартийца. Навык действует только во время боя.":"Приводит в чувство павшего сопартийца. \r\nНавык действует только во время боя.","Gear Shiden!!":"Gear Shiden!!","Сильный одиночный удар. Урон зависит от маг. защиты врага и маг. атаки Зеда.":"Сильный одиночный удар.\r\nУрон зависит от маг. защиты врага и маг. атаки Зеда.","Багровый щит":"Багровый щит","Шанс физ., маг. уклонения 100%, маг. отражение 100%. Действует 3 хода.":"Шанс физ., маг. уклонения 100%, маг. отражение 100%. \r\nДействует 3 хода.","Двойной удар":"Двойной удар","Снижает защиту. 2 удара.":"Снижает защиту. 2 удара.","Резня":"Резня","Снижает защиту и с шансом 8% накладывает кровотечение.\r\n5 ударов.":"Снижает защиту и с шансом 8% накладывает кровотечение. 5 ударов.","Безумие!":"Безумие!","Подрыв жопы у Пиритового палача(в версиях выше 1.2.9 у всех опустошителей так же).":"Подрыв жопы у Пиритового палача(в версиях выше 1.2.9 \r\nу всех опустошителей так же).","Губительный прыжок":"Губительный прыжок","Был жнец Лёха, а стал блин лёпеха)":"Был жнец Лёха, а стал блин лёпеха)","Взмах топора":"Взмах топора","Инфернальный удар":"Инфернальный удар","Обжигает противника усиленным ударом, ослабляет броню.":"Обжигает противника усиленным ударом, ослабляет броню.","Обмораживающий удар":"Обмораживающий удар","Обмораживает противника усиленным ударом, снижает скорость цели.":"Обмораживает противника усиленным ударом, снижает \r\nскорость цели.","Дробящий удар":"Дробящий удар","Оглушает противника усиленным ударом, ослабляет атаку.":"Оглушает противника усиленным ударом, ослабляет атаку.","Слиток жизни":"Слиток жизни","(Для врага) Использует слиток лечения посреди боя.":"(Для врага) Использует слиток лечения посреди боя.","Взрывной слиток":"Взрывной слиток","(Для врага) Использует бомбу посреди боя.":"(Для врага) Использует бомбу посреди боя.","Тыльная спираль":"Тыльная спираль","Снижает контроль и имеет 60% шанс оглушения.":"Снижает контроль и имеет 60% шанс оглушения.","Ударный фантом":"Ударный фантом","Снижает защиту.":"Снижает защиту.","Теневые колья":"Теневые колья","Снижает скорость.":"Снижает скорость.","Хаотичный взмах":"Хаотичный взмах","Массовая атака.":"Массовая атака.","Магический слиток":"Магический слиток","Укус":"Укус","Наносит 100 ед. базового урона, урон зависит от защиты врага.":"Наносит 100 ед. базового урона, урон зависит от защиты\r\nврага.","Голод":"Голод","Приводит союзников в бешенство и заставляет чаще атаковать навыком Укус.":"Приводит союзников в бешенство и заставляет чаще \r\nатаковать навыком Укус.","Круговой взмах":"Круговой взмах","Бросок камня":"Бросок камня","Оглушает и ломает защиту цели.":"Оглушает и ломает защиту цели.","Рев Берсерка":"Рев Берсерка","Пугает цель и ослабляет контроль навыков.":"Пугает цель и ослабляет контроль навыков.","Дьявольское сердце":"Дьявольское сердце","Усиливает атаку и скорость. Ульта Линкера.":"Усиливает атаку и скорость. Ульта Линкера.","Стальная паутина":"Стальная паутина","Полностью обездвиживает цель.":"Полностью обездвиживает цель.","Смертельное пронзание":"Смертельное пронзание","Снижает ловкость и вызывает кровотечение.":"Снижает ловкость и вызывает кровотечение.","Интоксикация":"Интоксикация","Умение Арахноида. -5% HP/ход, ослабление ATK, DEF, AGI, LUK.":"Умение Арахноида. -5% HP/ход, ослабление ATK, DEF, AGI,\r\nLUK.","Удар хвостом":"Удар хвостом","Шанс ослабить атаку, или защиту, или скорость - 25%. Шанс мгновенной смерти - 25%. Шанс кровотечения - 100%":"Шанс ослабить атаку, или защиту, или скорость - 25%.\r\nШанс мгновенной смерти - 25%. Шанс кровотечения - 100%","Мертвая хватка":"Мертвая хватка","Снижает защиту за 1 удар.":"Снижает защиту за 1 удар.","Обвивающий танец":"Обвивающий танец","Ослабляет защиту рук, ног, торса и головы.":"Ослабляет защиту рук, ног, торса и головы.","Таран":"Таран","Оглушает и снижает эффективность блока.":"Оглушает и снижает эффективность блока.","Хватка ястреба":"Хватка ястреба","Снижает ловкость в 2 раза.":"Снижает ловкость в 2 раза.","Удар в голову(Летун)":"Удар в голову(Летун)","Удар в торс(Летун)":"Удар в торс(Летун)","Удар по ногам(Летун)":"Удар по ногам(Летун)","Удар по рукам(Летун)":"Удар по рукам(Летун)","Авто-бой":"Авто-бой","Персонаж переходит под управление ИИ до конца боя.":"Персонаж переходит под управление ИИ до конца боя.","Теневой разрез":"Теневой разрез","Значительно снижает защиту противника. Урон магический.":"Значительно снижает защиту противника.\r\nУрон магический.","Теневой покров":"Теневой покров","Массивный удар, снижает максиум здоровья. Урон магический.":"Массивный удар, снижает максиум здоровья.  \r\nУрон магический.","Лезвие тени":"Лезвие тени","Снижает скорость противника. Урон магический.":"Снижает скорость противника. Урон магический.","Прицел под 90 градусов":"Прицел под 90 градусов","Увеличивает урон от теневого разреза в два раза. Эффект длиться 1 ход.":"Увеличивает урон от теневого разреза в два раза.\r\nЭффект длиться 1 ход.","Тьма Генома":"Тьма Генома","Все удары на короткое время наносят критические удары.":"Все удары на короткое время наносят критические удары.","Передача энергии":"Передача энергии","Передает накопленные Очки Энергии выбранному союзнику.":"Передает накопленные Очки Энергии выбранному союзнику.","Огненный всплеск":"Огненный всплеск","Снижает атаку. Есть шанс наложить Горние на цель.":"Снижает атаку. Есть шанс наложить Горние на цель.","Ледяной взрыв":"Ледяной взрыв","Снижает скорость. Есть шанс наложить Обморожение на цель.":"Снижает скорость. Есть шанс наложить Обморожение \nна цель.","Разряд молний":"Разряд молний","Снижает защиту. Шанс оглушения 40%.":"Снижает защиту. Шанс оглушения 40%.","Прилив сил":"Прилив сил","Фантомный выпад":"Фантомный выпад","Снижает точность на 50%. Урон магический. Не игнорирует уклонение.":"Снижает точность на 50%. Урон магический.\r\nНе игнорирует уклонение.","Приоритет цели":"Приоритет цели","Фокусирует атаки на выбраном противнике. Понижает защиту цели.":"Фокусирует атаки на выбраном противнике.\r\nПонижает защиту цели.","Чистота души":"Чистота души","Снимает все негативные эффекты, кроме ослаблений.":"Снимает все негативные эффекты, кроме ослаблений.","Возврат контроля":"Возврат контроля","Персонаж возвращается под управление игрока.":"Персонаж возвращается под управление игрока.","Аура лечения":"Аура лечения","Регенерация HP + 4%. Повышение защиты на короткое время.":"Регенерация HP + 4%. \r\nПовышение защиты на короткое время.","Стальная крепость":"Стальная крепость","Повышает эффективность защиты у всего отряда.":"Повышает эффективность защиты у всего отряда.","Цепная мина":"Цепная мина","Массовая магическая атака. Шанс слабого оглушения 40%.":"Массовая магическая атака. Шанс слабого оглушения \n40%.","Теневой удар":"Теневой удар","Урон зависит от магической защиты цели и маг. атаки Риома.":"Урон зависит от магической защиты цели и маг. атаки \r\nРиома.","Созидание слитка адреналина":"Созидание слитка адреналина","Инженер за счёт энергии создает адреналиновый слиток.":"Инженер за счёт энергии создает адреналиновый слиток.","Созидание взрывного слитка":"Созидание взрывного слитка","Инженер за счёт энергии создает взрывной слиток.":"Инженер за счёт энергии создает взрывной слиток.","Связь":"Связь","Заглянуть в гости к Коельтану.":"Заглянуть в гости к Коельтану.","Метание кольев":"Метание кольев","Снижает защиту. Стандартная атака Стрелка.":"Снижает защиту. Стандартная атака Стрелка.","Бронебойный снаряд":"Бронебойный снаряд","Снимает с цели какие-либо усиления, а так же защиту и контратаку.":"Снимает с цели какие-либо усиления, а так же защиту и \r\nконтратаку.","Двойной сильный удар":"Двойной сильный удар","Стойкость":"Стойкость","Повышет физ. защиту в два раза, добавляет TP REG + 50%.":"Повышет физ. защиту в два раза, добавляет \r\nTP REG + 50%.","Таран Громилы":"Таран Громилы","Умение поддержки. Используется в сюжетных эпизодах. Восстанавливает 50% здоровья.":"Умение поддержки. Используется в сюжетных эпизодах.\r\nВосстанавливает 50% здоровья.","Боевой бустер":"Боевой бустер","Умение поддержки. Используется в сюжетных эпизодах. Увеличивает атаку и защиту на 50%.":"Умение поддержки. Используется в сюжетных эпизодах.\r\nУвеличивает атаку и защиту на 50%.","Умение поддержки. Используется в сюжетных эпизодах. Наносит 200 урона. Урон зависит защиты цели.":"Умение поддержки. Используется в сюжетных эпизодах.\r\nНаносит 200 урона. Урон зависит защиты цели.","Метание меча":"Метание меча","Ослабляет защиту и накладывает на цель кровотечение.":"Ослабляет защиту и накладывает на цель кровотечение.","Метание камня":"Метание камня","Ослабляет ловкость.":"Ослабляет ловкость.","(Для врага) Использует слиток лечения посреди боя на союзника.":"(Для врага) Использует слиток лечения посреди боя\nна союзника.","Кромсание":"Кромсание","Наносит 250 ед. базового урона, урон зависит от защиты врага. Для крупных врагов.":"Наносит 250 ед. базового урона, урон зависит от защиты\r\nврага. Для крупных врагов.","Восстанавливает 50% здоровья.":"Восстанавливает 50% здоровья.","Слиток магии":"Слиток магии","Восстанавливает 50% магической энергии.":"Восстанавливает 50% магической энергии.","Слиток атаки":"Слиток атаки","Повышает атаку на 50%.":"Повышает атаку на 50%.","Слиток защиты":"Слиток защиты","Повышает защиту на 50%.":"Повышает защиту на 50%.","Осколок Гистита":"Осколок Гистита","Гистит - легкий метал, который используется жнецами при создании инструментов, или строительстве зданий.":"Гистит - легкий метал, который используется жнецами при\r\nсоздании инструментов, или строительстве зданий.","Осколок Пирита":"Осколок Пирита","Пирит - крепкий метал, который используется жнецами при создании брони, оружия, или более прочных сплавов. ":"Пирит - крепкий метал, который используется жнецами при\r\nсоздании брони, оружия, или более прочных сплавов. ","Осколок Гидрита":"Осколок Гидрита","Гидрит - целительный минерал, который используется жнецами в медицине, в основном для создания слитков жизни.":"Гидрит - целительный минерал, который используется жне-\r\nцами в медицине, в основном для создания слитков жизни.","Осколок Милита":"Осколок Милита","Милит - минерал, излучающий мощные магические волны. Используеться, как катализатор энергии для зданий.":"Милит - минерал, излучающий мощные магические волны. \r\nИспользуеться, как катализатор энергии для зданий.","Осколок Тиранита":"Осколок Тиранита","Тиранит - самый прочный металл. Используется при создании брони\\оружия для Вероломгеров.":"Тиранит - самый прочный металл. Используется при созда-\r\nнии брони\\оружия для Вероломгеров.","Оружие-артефакт":"Оружие-артефакт","Темный клинок, оружие без владельца. Безопаснее держать его в ножнах.":"Темный клинок, оружие без владельца. Безопаснее \nдержать его в ножнах.","Батарея":"Батарея","Служит для активации разных механизмов.":"Служит для активации разных механизмов.","Повышает атаку и защиту на 50%.":"Повышает атаку и защиту на 50%.","Осколок Иерархита":"Осколок Иерархита","Иерархит - плоть Иерархов, полубогов исполняющих волю Творца. Используется для создания брони и оружия.":"Иерархит - плоть Иерархов, полубогов исполняющих \r\nволю Творца. Используется для создания брони и оружия.","Адреналиновый слиток":"Адреналиновый слиток","Восстанавливает 50% TP.":"Восстанавливает 50% TP.","Магический барьер":"Магический барьер","Повышает маг. защиту на 40%.":"Повышает маг. защиту на 40%.","Урон - 200 ед. (зависит от маг./физ. защиты цели + маг. атаки игрока). Ослабляет физ. защиту.":"Урон - 200 ед. (зависит от маг./физ. защиты цели + \r\nмаг. атаки игрока). Ослабляет физ. защиту.","Оглушающий слиток":"Оглушающий слиток","Урон - 200 ед. (зависит от маг\\физ защиты цели.) Шанс оглушения цели - 100%. Понижает скорость.":"Урон - 200 ед. (зависит от маг\\физ защиты цели.) \r\nШанс оглушения цели - 100%. Понижает скорость.","Урон - 400 ед. (зависит от маг. атаки игрока и маг. защиты цели). Ослабляет маг. защ. на 5 ходов.":"Урон - 400 ед. (зависит от маг. атаки игрока и \r\nмаг. защиты цели). Ослабляет маг. защ. на 5 ходов.","Сплав гистита":"Сплав гистита","Атака + 2, Скорость + 1. (Для оружия.)":"Атака + 2, Скорость + 1.\r\n(Для оружия.)","Сплав пирита":"Сплав пирита","Атака + 4, Защита + 2. (Для оружия.)":"Атака + 4, Защита + 2. (Для оружия.)","Сплав гидрита":"Сплав гидрита","Атака + 2, Защита + 2, Регенерация HP + 1% (Для оружия.)":"Атака + 2, Защита + 2, Регенерация HP + 1% \n(Для оружия.)","Сплав милита":"Сплав милита","Маг. атака + 4, Атаке + 2. (Для оружия.)":"Маг. атака + 4, Атаке + 2. (Для оружия.)","Сплав тиранита":"Сплав тиранита","Защите + 2, Атака + 6, Скорость - 1. (Для оружия.)":"Защите + 2, Атака + 6, Скорость - 1. (Для оружия.)","Ключ от ворот":"Ключ от ворот","Ключ открывающий ворота у входа в лесопилку рядом с озером Лакруса.":"Ключ открывающий ворота у входа в лесопилку рядом с \r\nозером Лакруса.","Горящее масло":"Горящее масло","Смесь для розжига огня.":"Смесь для розжига огня.","Цельная основа":"Цельная основа","Деталь от панели управления.":"Деталь от панели управления.","Багровые трусы":"Багровые трусы","Реликвия боевых жнецов, найденная в комнате Лауриты.":"Реликвия боевых жнецов, найденная в комнате Лауриты.","Кровавый наплечник":"Кровавый наплечник","Наплечник с кровавым отпечатком губ Лауриты.":"Наплечник с кровавым отпечатком губ Лауриты.","Чертеж батарейки":"Чертеж батарейки","Схема создания батарейки. Рецепт: 4 осколка гистита и 1 осколок гидрита.":"Схема создания батарейки. \r\nРецепт: 4 осколка гистита и 1 осколок гидрита.","Окровавленное удостоверение Тини":"Окровавленное удостоверение Тини","Окровавленное удостоверение личности Тини. Инженерный корпус, ранг - Ривальсер.":"Окровавленное удостоверение личности Тини. Инженерный\r\nкорпус, ранг - Ривальсер.","Инженерная установка":"Инженерная установка","Позволяет активировать джамперы.":"Позволяет активировать джамперы.","Чертеж боевого бустера":"Чертеж боевого бустера","Схема создания боевого бустера. Рецепт: 1 слиток атаки, 1 слиток защиты.":"Схема создания боевого бустера. \r\nРецепт: 1 слиток атаки, 1 слиток защиты.","Рация":"Рация","Инструмент, которий жнецы используют для связи друг с другом.":"Инструмент, которий жнецы используют для связи друг с\r\nдругом.","Чертеж сплава гидрита":"Чертеж сплава гидрита","Рецепт: 2 осколка гидрита и 1 осколок милита.":"Рецепт: 2 осколка гидрита и 1 осколок милита.","Скоростной модуль":"Скоростной модуль","Скорость + 1. (Для брони.)":"Скорость + 1. (Для брони.)","Силовой модуль":"Силовой модуль","Атаки + 3, Маг. атаки + 2. (Для брони.)":"Атаки + 3, Маг. атаки + 2. (Для брони.)","Защитный модуль":"Защитный модуль","Защиты + 3, Маг. защиты + 2. (Для брони.)":"Защиты + 3, Маг. защиты + 2. (Для брони.)","Интелектуальный модуль":"Интелектуальный модуль","Контроля + 5. (Для брони.)":"Контроля + 5. (Для брони.)","Жизненный модуль":"Жизненный модуль","HP + 50, Регенерация HP + 0.5. (Для брони.)":"HP + 50, Регенерация HP + 0.5. (Для брони.)","Энергетический модуль":"Энергетический модуль","MP + 30. (Для брони.)":"MP + 30. (Для брони.)","Геном Моркрет":"Геном Моркрет","Оружие-артефакт, обладает мощью \"режущей тьмы\". Шанс крит. удара - 5%, шанс кровотечения - 10%.":"Оружие-артефакт, обладает мощью \"режущей тьмы\". Шанс \r\nкрит. удара - 5%, шанс кровотечения - 10%.","Гиститовый меч":"Гиститовый меч","Стандартное оружие жнеца, меч невероятно легкий. Шанс крит. удара - 5%, шанс кровотечения - 5%.":"Стандартное оружие жнеца, меч невероятно легкий.\r\nШанс крит. удара - 5%, шанс кровотечения - 5%.","Пиритовый меч":"Пиритовый меч","Оружие Карателей, Боевых жнецов и, редко, Вероломгеров. Шанс крит. удара - 10%, шанс кровотечения - 5%.":"Оружие Карателей, Боевых жнецов и, редко, Вероломгеров.\r\nШанс крит. удара - 10%, шанс кровотечения - 5%.","Гидритовый меч":"Гидритовый меч","Излучает целительные волны за счёт манны. Шанс крит. удара - 5%, шанс кровотечения - 5%.":"Излучает целительные волны за счёт манны.\r\nШанс крит. удара - 5%, шанс кровотечения - 5%.","Милитовый меч":"Милитовый меч","Оружие Карателей, Боевых жнецов и, редко, Вероломгеров. Шанс крит. удара - 5%, шанс кровотечения - 5%.":"Оружие Карателей, Боевых жнецов и, редко, Вероломгеров.\r\nШанс крит. удара - 5%, шанс кровотечения - 5%.","Тиранитовый меч":"Тиранитовый меч","Топор":"Топор","Инструмент для рубки деревьев. Прочность слабая.":"Инструмент для рубки деревьев. Прочность слабая.","Факел":"Факел","Освещяет тьму, да и как оружие сгодится. Прочность слабая.":"Освещяет тьму, да и как оружие сгодится. \r\nПрочность слабая.","Убер Спрингер":"Убер Спрингер","Оружие-артефакт.":"Оружие-артефакт.","Когти Иерарха":"Когти Иерарха","Гиститовый шлем":"Гиститовый шлем","Снижает урон нанесенный по голове на 5%, снижает шанс получения оглушения на 5%.":"Снижает урон нанесенный по голове на 5%, снижает шанс \r\nполучения оглушения на 5%.","Гиститовый доспех":"Гиститовый доспех","Снижает урон нанесенный в зону торса на 5%, снижает шанс ослабления защиты на 5%.":"Снижает урон нанесенный в зону торса на 5%, снижает \r\nшанс ослабления защиты на 5%.","Гиститовые наручи":"Гиститовые наручи","Снижает урон нанесенный по рукам на 5%, снижает шанс ослабления атаки на 5%.":"Снижает урон нанесенный по рукам на 5%, снижает шанс \r\nослабления атаки на 5%.","Гиститовые ботинки":"Гиститовые ботинки","Снижает урон нанесенный по ногам на 5%, снижает шанс ослабления скорости на 5%.":"Снижает урон нанесенный по ногам на 5%, снижает шанс \r\nослабления скорости на 5%.","Пиритовый шлем":"Пиритовый шлем","Снижает урон нанесенный по голове на 10%, снижает шанс получения оглушения на 10%.":"Снижает урон нанесенный по голове на 10%, снижает шанс \r\nполучения оглушения на 10%.","Пиритовый доспех":"Пиритовый доспех","Снижает урон нанесенный в зону торса на 10%, снижает шанс ослабления защиты на 10%.":"Снижает урон нанесенный в зону торса на 10%, снижает \r\nшанс ослабления защиты на 10%.","Пиритовые наручи":"Пиритовые наручи","Снижает урон нанесенный по рукам на 10%, снижает шанс ослабления атаки на 10%.":"Снижает урон нанесенный по рукам на 10%, снижает шанс \r\nослабления атаки на 10%.","Пиритовые ботинки":"Пиритовые ботинки","Снижает урон нанесенный по ногам на 10%, снижает шанс ослабления скорости на 10%.":"Снижает урон нанесенный по ногам на 10%, снижает шанс \r\nослабления скорости на 10%.","Скоростной усилитель":"Скоростной усилитель","Увеличивает показатель ловкости(скорости в бою) на 10 ед.":"Увеличивает показатель ловкости(скорости в бою) на 10\r\nед.","Силовой усилитель":"Силовой усилитель","Увеличивает показатель атаки на 20 ед.":"Увеличивает показатель атаки на 20 ед.","Мышечный усилитель":"Мышечный усилитель","Увеличивает показатель защиты на 15 ед. Увеличивает эффективность блока на 50%.":"Увеличивает показатель защиты на 15 ед.\r\nУвеличивает эффективность блока на 50%.","Психический усилитель":"Психический усилитель","Увеличивает показатель контроля на 30 ед.":"Увеличивает показатель контроля на 30 ед.","Энергетический усилитель":"Энергетический усилитель","Увеличивает показатель маг. атаки на 20 ед.":"Увеличивает показатель маг. атаки на 20 ед.","Усилитель магического щита":"Усилитель магического щита","Увеличивает показатель маг. защиты на 30 ед.":"Увеличивает показатель маг. защиты на 30 ед.","Усилитель живучести":"Усилитель живучести","Увеличивает показатель здоровья на 500 ед.":"Увеличивает показатель здоровья на 500 ед.","Усилитель магии":"Усилитель магии","Увеличивает показатель манны на 150 ед.":"Увеличивает показатель манны на 150 ед.","Позволяет ставить ловушки на поле боя. Повышает защиту и контроль. Полезный инструмент в строительстве.":"Позволяет ставить ловушки на поле боя. Повышает защиту \r\nи контроль. Полезный инструмент в строительстве.","Физический усилитель":"Физический усилитель","Увеличивает показатель атаки на 15 ед. Увеличивает показатель защиты на 10 ед.":"Увеличивает показатель атаки на 15 ед.\r\nУвеличивает показатель защиты на 10 ед.","Регенерация TP 3%, ускоряет заполнение шкалы TP.":"Регенерация TP 3%, ускоряет заполнение шкалы TP.","Гидритовый шлем":"Гидритовый шлем","Снижает урон нанесенный по голове на 15%, снижает шанс получения оглушения на 15%. Реген. здоровья + 1%.":"Снижает урон нанесенный по голове на 15%, снижает шанс \r\nполучения оглушения на 15%. Реген. здоровья + 1%.","Гидритовый доспех":"Гидритовый доспех","Снижает урон нанесенный в зону торса на 15%, снижает шанс ослабления защиты на 15%. Реген. здоровья + 1%.":"Снижает урон нанесенный в зону торса на 15%, снижает \r\nшанс ослабления защиты на 15%. Реген. здоровья + 1%.","Гидритовые наручи":"Гидритовые наручи","Снижает урон нанесенный по рукам на 15%, снижает шанс ослабления атаки на 15%. Реген. здоровья + 1%.":"Снижает урон нанесенный по рукам на 15%, снижает шанс \r\nослабления атаки на 15%. Реген. здоровья + 1%.","Гидритовые ботинки":"Гидритовые ботинки","Снижает урон нанесенный по ногам на 15%, снижает шанс ослабления скорости на 15%. Реген. здоровья + 1%.":"Снижает урон нанесенный по ногам на 15%, снижает шанс \r\nослабления скорости на 15%. Реген. здоровья + 1%.","Милитовый шлем":"Милитовый шлем","Снижает урон нанесенный по голове на 20%, снижает шанс получения оглушения на 20%. Маг. отражение + 1%.":"Снижает урон нанесенный по голове на 20%, снижает шанс \r\nполучения оглушения на 20%. Маг. отражение + 1%.","Милитовый доспех":"Милитовый доспех","Снижает урон нанесенный в зону торса на 20%, снижает шанс ослабления защиты на 20%. Маг. отражение + 1%.":"Снижает урон нанесенный в зону торса на 20%, снижает \r\nшанс ослабления защиты на 20%. Маг. отражение + 1%.","Милитовые наручи":"Милитовые наручи","Снижает урон нанесенный по рукам на 20%, снижает шанс ослабления атаки на 20%. Маг. отражение + 1%.":"Снижает урон нанесенный по рукам на 20%, снижает шанс \r\nослабления атаки на 20%. Маг. отражение + 1%.","Милитовые ботинки":"Милитовые ботинки","Снижает урон нанесенный по ногам на 20%, снижает шанс ослабления скорости на 20%. Маг. отражение + 1%.":"Снижает урон нанесенный по ногам на 20%, снижает шанс \r\nослабления скорости на 20%. Маг. отражение + 1%.","Тиранитовый шлем":"Тиранитовый шлем","Снижает урон нанесенный по голове на 30%, снижает шанс получения оглушения на 30%.":"Снижает урон нанесенный по голове на 30%, снижает шанс \r\nполучения оглушения на 30%.","Тиранитовый доспех":"Тиранитовый доспех","Снижает урон нанесенный в зону торса на 30%, снижает шанс ослабления защиты на 30%.":"Снижает урон нанесенный в зону торса на 30%, снижает \r\nшанс ослабления защиты на 30%.","Тиранитовые наручи":"Тиранитовые наручи","Снижает урон нанесенный по рукам на 30%, снижает шанс ослабления атаки на 30%.":"Снижает урон нанесенный по рукам на 30%, снижает шанс \r\nослабления атаки на 30%","Тиранитовые ботинки":"Тиранитовые ботинки","Снижает урон нанесенный по ногам на 30%, снижает шанс ослабления скорости на 30%.":"Снижает урон нанесенный по ногам на 30%, снижает шанс \r\nослабления скорости на 30%.","Зверь":"Зверь","Мясник":"Мясник","Пиритовый палач":"Пиритовый палач","Лорд":"Лорд","Пожиратель трупов":"Пожиратель трупов","Берсерк":"Берсерк","Ирни Мерсалесс":"Ирни Мерсалесс","Крайс Шнайден":"Крайс Шнайден","Петр":"Петр","Волк":"Волк","Сидрин Рури":"Сидрин Рури","Мираж Кошмара":"Мираж Кошмара","Потрошитель":"Потрошитель","Линкер":"Линкер","Арахноид":"Арахноид","Громила":"Громила","Летун":"Летун","Стрелок":"Стрелок","Серпантир":"Серпантир","Сколопендра":"Сколопендра","Стая":"Стая","Опустошитель":"Опустошитель","Тренировочный зверь":"Тренировочный зверь","Потрошитель\\Зверь\\Мясник":"Потрошитель\\Зверь\\Мясник","Мясник\\Зверь":"Мясник\\Зверь","Мясник\\Зверь\\Палач":"Мясник\\Зверь\\Палач","Зверь*2":"Зверь*2","Фехтовальщик*2":"Фехтовальщик*2","Ирни Мерсалес\\Фехт\\Дуэль":"Ирни Мерсалес\\Фехт\\Дуэль","Командир\\Дуэлянт":"Командир\\Дуэлянт","Командир\\Броненосец":"Командир\\Броненосец","Командир\\Фехтовальщик":"Командир\\Фехтовальщик","Броненосец\\Фехтовальщик":"Броненосец\\Фехтовальщик","Дуэлянт\\Фехтовальщик":"Дуэлянт\\Фехтовальщик","Охранник общаги(Броненосец)":"Охранник общаги(Броненосец)","Сидрин 1":"Сидрин 1","Сидрин 2":"Сидрин 2","Командир\\Броненосец\\Дуэлянт":"Командир\\Броненосец\\Дуэлянт","Потрошитель\\Мясник*2":"Потрошитель\\Мясник*2","Потрошитель\\Зверь*2":"Потрошитель\\Зверь*2","Палач\\Потрошитель":"Палач\\Потрошитель","Потрошитель\\Мясник":"Потрошитель\\Мясник","Палач Коэльтана":"Палач Коэльтана","Громила\\Летун\\Стрелок":"Громила\\Летун\\Стрелок","Лорд(Агрессор)(Для сцены)":"Лорд(Агрессор)(Для сцены)","Дин 1-я стадия":"Дин 1-я стадия","Дин 2-я стадия":"Дин 2-я стадия","Дин 3-я стадия":"Дин 3-я стадия","Лорд(Поддержка)":"Лорд(Поддержка)","Лорд(Призыватель)":"Лорд(Призыватель)","Магия":"Магия","Навыки":"Навыки","Меч":"Меч","Двуручник":"Двуручник","Кастет":"Кастет","Древкое":"Древкое","Легкая броня":"Легкая броня","Средняя броня":"Средняя броня","Тяжелая броня":"Тяжелая броня","Специальная":"Специальная","Доп.слот":"Доп.слот","Тело":"Тело","Наручи":"Наручи","Ботинки":"Ботинки","Усилитель 1-ранга":"Усилитель 1-ранга","Усилитель 2-ранга":"Усилитель 2-ранга","Серебро":"Серебро","Милит":"Милит","Адамант":"Адамант","Огонь":"Огонь","Земля":"Земля","Воздух":"Воздух","Молния":"Молния","Тьма":"Тьма","Физический":"Физический","Гидрит":"Гидрит","Лёд":"Лёд","1 Вступительная кат-сцена":"1 Вступительная кат-сцена","2 Каньон Начало":"2 Каньон Начало","3 Каньон":"3 Каньон","4 Босс-файт":"4 Босс-файт","5 Рука опустошителя":"5 Рука опустошителя","6 Рука опустошителя":"6 Рука опустошителя","7 Торс":"7 Торс","8 Нутырь торса":"8 Нутырь торса","9 Последствия боя":"9 Последствия боя","10 Предыстория 2-й части":"10 Предыстория 2-й части","11 Чистилище(Восток)":"11 Чистилище(Восток)","Чистилище. Восток":"Чистилище. Восток","12 Коридор":"12 Коридор","Коридор":"Коридор","11 Лекционный зал Ирея":"11 Лекционный зал Ирея","Лекционный зал Ирея":"Лекционный зал Ирея","13 Лекционный зал Рикарда":"13 Лекционный зал Рикарда","Лекционный зал Рикарда":"Лекционный зал Рикарда","13+ Пустой зал Рикарда":"13+ Пустой зал Рикарда","Пустой зал Рикарда":"Пустой зал Рикарда","11+ Архив":"11+ Архив","Архив":"Архив","11+ Общежитие жнецов":"11+ Общежитие жнецов","Общежитие Ривальсеров":"Общежитие Ривальсеров","11+ Общежитие жнецов(Восток)":"11+ Общежитие жнецов(Восток)","Общежитие Ривальсеров(Восток)":"Общежитие Ривальсеров(Восток)","11+ Склад Расходников":"11+ Склад Расходников","Кладовщик ресурсов":"Кладовщик ресурсов","Чистилище(Юго-Восток)":"Чистилище(Юго-Восток)","Чистилище. Юго-Восток":"Чистилище. Юго-Восток","Столовая":"Столовая","25 Чистилище(Юг)":"25 Чистилище(Юг)","Чистилище. Юг":"Чистилище. Юг","26 Коридор Штаба Карателей":"26 Коридор Штаба Карателей","27 Прихожая Штаба Карателей":"27 Прихожая Штаба Карателей","28 Арена":"28 Арена","29 Кабинет Рикарда":"29 Кабинет Рикарда","30 Оружейная":"30 Оружейная","31 Оружейная(внутренная часть)":"31 Оружейная(внутренная часть)","32 Иллюзорный мир":"32 Иллюзорный мир","33 Иллюзорный мир":"33 Иллюзорный мир","36 Речь Рика перед резней":"36 Речь Рика перед резней","27+ Комната Ирни":"27+ Комната Ирни","Чистилище(Северо-Восток)":"Чистилище(Северо-Восток)","Чистилище. Северо-Восток":"Чистилище. Северо-Восток","Склад со снаряжением":"Склад со снаряжением","Чистилище(Север)":"Чистилище(Север)","Чистилище. Север":"Чистилище. Север","Арена":"Арена","21 Чистилище(Центр)":"21 Чистилище(Центр)","Чистилище. Центр":"Чистилище. Центр","23 Кабинет Сидрина Рури":"23 Кабинет Сидрина Рури","22 Прихожая Штаба":"22 Прихожая Штаба","24 Зал собраний":"24 Зал собраний","22+ Прихожая Штаба":"22+ Прихожая Штаба","22+ Кабинет Зеда":"22+ Кабинет Зеда","22+ Вход в подземный корпус":"22+ Вход в подземный корпус","22+ Наблюдательный пост":"22+ Наблюдательный пост","22+ Сектор А":"22+ Сектор А","22+ Сектор А(ТРЕВОГА)":"22+ Сектор А(ТРЕВОГА)","22+ Наблюдательный пост(ТРЕВОГА)":"22+ Наблюдательный пост(ТРЕВОГА)","34 Чистилище(Юго-Запад)":"34 Чистилище(Юго-Запад)","Чистилище. Юго-Запад":"Чистилище. Юго-Запад","35 Медицинский корпус":"35 Медицинский корпус","34+ Коридор корпуса Боевых жнецов":"34+ Коридор корпуса Боевых жнецов","34+ Комната Лауриты":"34+ Комната Лауриты","34+ Озеро в шкафу":"34+ Озеро в шкафу","34+ Чистилище(Северо-Восток)":"34+ Чистилище(Северо-Восток)","34+ Чистилище(Восток)":"34+ Чистилище(Восток)","34+ Чистилище(Юго-Восток)":"34+ Чистилище(Юго-Восток)","34+ Чистилище(Юг)":"34+ Чистилище(Юг)","34++ Коридор Штаба Карателей":"34++ Коридор Штаба Карателей","34++ Комната Ирни":"34++ Комната Ирни","34++ Кабинет Рикарда":"34++ Кабинет Рикарда","34+ Чистилище(Север)":"34+ Чистилище(Север)","34+ Чистилище(Северо-Запад)":"34+ Чистилище(Северо-Запад)","Чистилище. Северо-Запад":"Чистилище. Северо-Запад","34+ Чистилище(Запад)":"34+ Чистилище(Запад)","34+ Чистилище(Центр)":"34+ Чистилище(Центр)","34+ Чистилище(Юго-Запад)":"34+ Чистилище(Юго-Запад)","ПодВодой?":"ПодВодой?","Пустая":"Пустая","34.2 Лаборатория Риты":"34.2 Лаборатория Риты","15 Серебренная пустыня\\каньон":"15 Серебренная пустыня\\каньон","16 Зубчатый каньон":"16 Зубчатый каньон","17 Северная часть каньона":"17 Северная часть каньона","18 Северная часть каньона":"18 Северная часть каньона","18+ Северная часть каньона":"18+ Северная часть каньона","19 Северная часть каньона":"19 Северная часть каньона","20 Северная часть каньон":"20 Северная часть каньон","37-42 Зубчатый каньон(беседа-бой)":"37-42 Зубчатый каньон(беседа-бой)","38 Бойня_1й этап":"38 Бойня_1й этап","40 Бойня_2й этап":"40 Бойня_2й этап","41 Бойня_3й этап":"41 Бойня_3й этап","43 Зубчатый каньон(падение)":"43 Зубчатый каньон(падение)","44 Зубчатый каньон(рация)":"44 Зубчатый каньон(рация)","44+ Зубчатый каньон(правый срез)":"44+ Зубчатый каньон(правый срез)","44+ Зубчатый каньон(перекресток)":"44+ Зубчатый каньон(перекресток)","45 Зубчатый каньон(арена)":"45 Зубчатый каньон(арена)","46 Зубчатый каньон(босс)":"46 Зубчатый каньон(босс)","_+ Зубчатый каньон(левый срез)":"_+ Зубчатый каньон(левый срез)","_+ Зубчатый каньон(перекресток_2)":"_+ Зубчатый каньон(перекресток_2)","_+ Зубчатый каньон(безопасная зона)":"_+ Зубчатый каньон(безопасная зона)","Малая яма":"Малая яма","_+ Подземная секция(Лут)":"_+ Подземная секция(Лут)","_+ Подземная секция(Ничего)":"_+ Подземная секция(Ничего)","_+ Подземная секция(Секрет)":"_+ Подземная секция(Секрет)","_+ Подземная секция(Враг)":"_+ Подземная секция(Враг)","_+ Подземный сектор(База жнецов)":"_+ Подземный сектор(База жнецов)","_+ Подземный сектор(Опасная комната)":"_+ Подземный сектор(Опасная комната)","_+ Подземный сектор(Сломанный пол)":"_+ Подземный сектор(Сломанный пол)","_+ Подземный сектор(Опасный перекресток)":"_+ Подземный сектор(Опасный перекресток)","_+ Подземный сектор(Ресурсы)":"_+ Подземный сектор(Ресурсы)","_+ Подземный сектор(Опасный коридор)":"_+ Подземный сектор(Опасный коридор)","_+ Подземный сектор(Связующий коридор)":"_+ Подземный сектор(Связующий коридор)","Мир Мертвых":"Мир Мертвых","Чистилище(Северо-Запад)":"Чистилище(Северо-Запад)","_+ Главный перекресток":"_+ Главный перекресток","47 Дикий край каньона(безопасная зона)":"47 Дикий край каньона(безопасная зона)","48 Окружные скалы":"48 Окружные скалы","50 Подъем на вершину":"50 Подъем на вершину","51 Скала":"51 Скала","52 Вершина скалы":"52 Вершина скалы","52.2 Вершина скалы":"52.2 Вершина скалы","53 Спуск вниз":"53 Спуск вниз","54 Арена":"54 Арена","55 Закоулок арены":"55 Закоулок арены","52.1 Оброна смотр. пункта":"52.1 Оброна смотр. пункта","52.2 Вершина скалы(Разгромлена)":"52.2 Вершина скалы(Разгромлена)","49.2 Скалистое отдаление":"49.2 Скалистое отдаление","49.3 База инженеров":"49.3 База инженеров","49.1 Бой с палачем":"49.1 Бой с палачем","Иллюзорный мир":"Иллюзорный мир","_++ Тренировка прыжкам":"_++ Тренировка прыжкам","(Подзагрузка 5-й главы)":"(Подзагрузка 5-й главы)","56 Кабинет Сидрина Рури":"56 Кабинет Сидрина Рури","57 Раненный отряд":"57 Раненный отряд","58 Где-то в зубчатом каньоне":"58 Где-то в зубчатом каньоне","59 Лабаринт(безопасная зона)":"59 Лабаринт(безопасная зона)","_+ Лабаринт(костёр)":"_+ Лабаринт(костёр)","_+ Лабаринт(перекресток)":"_+ Лабаринт(перекресток)","_+ Лабаринт(переход к пустыне)":"_+ Лабаринт(переход к пустыне)","_+ Лабаринт(пустыня)":"_+ Лабаринт(пустыня)","_+ Лабаринт(разветвление)":"_+ Лабаринт(разветвление)","_+ Лабаринт(Гаргантриды)":"_+ Лабаринт(Гаргантриды)","_+ Лабаринт(вход в пещеру)":"_+ Лабаринт(вход в пещеру)","_+ Лабаринт(гидритовые источники)":"_+ Лабаринт(гидритовые источники)","_+ Лабаринт(левая_пропасть)":"_+ Лабаринт(левая_пропасть)","_+ Лабаринт(правая_пропасть)":"_+ Лабаринт(правая_пропасть)","60 Лабиринт(раненный отряд)":"60 Лабиринт(раненный отряд)","_+ Лабиринт(поле брани)":"_+ Лабиринт(поле брани)","60.1 Лабиринт(южное ответвление)":"60.1 Лабиринт(южное ответвление)","60.2 Лабиринт(центральный барьер)":"60.2 Лабиринт(центральный барьер)","_+ Лабиринт(левый край)":"_+ Лабиринт(левый край)","_+ Лабиринт(Центральная арена)":"_+ Лабиринт(Центральная арена)","14 Чистилище(Запад)":"14 Чистилище(Запад)","Чистилище. Запад":"Чистилище. Запад","1.1 Штаб Чистилища(Архив Штаба)":"1.1 Штаб Чистилища(Архив Штаба)","1.2 Штаб Чистилища(Коридор)":"1.2 Штаб Чистилища(Коридор)","1.3 Штаб Чистилища(Зал Смерти)":"1.3 Штаб Чистилища(Зал Смерти)","1.4 Штаб Чистилища(Фабрика жнецов)":"1.4 Штаб Чистилища(Фабрика жнецов)","1.5 Чистилище(Коридор)":"1.5 Чистилище(Коридор)","1.6 Чистилище(Ближний бой)":"1.6 Чистилище(Ближний бой)","1.7 Чистилище(Расходники)":"1.7 Чистилище(Расходники)","1.8 Чистилище(Расходники)":"1.8 Чистилище(Расходники)","1.11 Чистилище(Расходники)":"1.11 Чистилище(Расходники)","1.9 Чистилище(Проверка мышления)":"1.9 Чистилище(Проверка мышления)","1.10 Чистилище(Экзамен)":"1.10 Чистилище(Экзамен)","2.1 Комната Риома":"2.1 Комната Риома","Получены новые заметки!":"Получены новые заметки!","Автосохранение!":"Автосохранение!","Пропасть":"Пропасть","Южная база жнецов":"Южная база жнецов","Запечатанная дверь":"Запечатанная дверь","Лабиринт":"Лабиринт","Новая задача получена!":"Новая задача получена!","Задачи обновлены":"Задачи обновлены","Задача \"Цена ошибки\" успешно выполнена!":"Задача \"Цена ошибки\" успешно выполнена!","Задача \"Пропавший помощник\" успешно выполнена!":"Задача \"Пропавший помощник\" успешно выполнена!","Задача \"Век живи, век учись, сын!\" успешно выполнена!":"Задача \"Век живи, век учись, сын!\" успешно выполнена!","Одна из целей невыполнима":"Одна из целей невыполнима","Задача \"Время делу, попойке час!\" выполнена!":"Задача \"Время делу, попойке час!\" выполнена!","Задача \"Последний инженер\" успешно выполнена!":"Задача \"Последний инженер\" успешно выполнена!","Глава 3 успешно пройдена!":"Глава 3 успешно пройдена!","Глава 4 успешно пройдена!":"Глава 4 успешно пройдена!","Задача \"Последняя надежда\" успешно выполнена!":"Задача \"Последняя надежда\" успешно выполнена!","Задача \"Небрежность кладовщика\" успешно выполнена!":"Задача \"Небрежность кладовщика\" успешно выполнена!","Набор модулей(рецепт)":"Набор модулей(рецепт)","Найден секрет!":"Найден секрет!","Изучен новый навык!":"Изучен новый навык!"}