{"Мастер фраза для определения максимальной длины текста":"Да уж! Эта старая клешня чуть не искромсала меня за своё золотишко!","interface_language":"Выбор языка","Авто":"Авто","Закончить":"Закончить","Убрать":"Убрать","<Ничего>":"<Ничего>","Восстановить":"Восстановить","Состояние":"Состояние","Усиление":"Усиление","Использовать":"Использовать","Загрузить":"Загрузить","Сохранить":"Сохранить","Удалить":"Удалить","Выберите слот для файла.":"Выберите слот для файла.","Загружает данные из сохраненной игры.":"Загружает данные из сохраненной игры.","Сохраняет текущий прогресс в вашей игре.":"Сохраняет текущий прогресс в вашей игре.","Удаляет все данные из этого файла сохранения.":"Удаляет все данные из этого файла сохранения.","Это сохранение для другой игры.":"Это сохранение для другой игры.","Пусто":"Пусто","Время игры:":"Время игры:","Всего сохранений:":"Всего сохранений:","Вы хотите загрузить этот файл сохранения?":"Вы хотите загрузить этот файл сохранения?","Вы хотите перезаписать этот файл сохранения?":"Вы хотите перезаписать этот файл сохранения?","Вы хотите удалить этот файл сохранения?":"Вы хотите удалить этот файл сохранения?","Да":"Да","Нет":"Нет","Созидатель":"Созидатель","Создать предмет":"Создать предмет","Создать оружие":"Создать оружие","Создать доспех":"Создать доспех","Готово":"Готово","Собранные рецепты":"Собранные рецепты","Созданные предметы":"Созданные предметы","Изготовленное оружие":"Изготовленное оружие","Изготовленные доспехи":"Изготовленные доспехи","Этот предмет еще не синтезирован.":"Этот предмет еще не синтезирован.","Ингредиенты":"Ингредиенты","Количество":"Количество","Улучшить":"Улучшить","Доступные слоты":"Доступные слоты","Слот":"Слот","Авторы и благодарность":"Авторы и благодарность","Выход":"Выход","Idea":"Идея","Story":"Сюжет","Gamedesign":"Игровой дизайн","Q&A":"Q&A","Mapping":"Рисование карт","Art":"Художник","Developing":"Разработчики","Music":"Музыка","Special thanks":"Отдельная благодарность","Plugins":"Плагины"}