{"Мастер фраза для определения максимальной длины текста":"Встретиться с Ирни Мерсалессом в комнате ря","Задачи":"Задачи","Доступные":"Доступные","Завершенные":"Завершенные","Проваленные":"Проваленные","Все задачи":"Все задачи","Закрыть":"Закрыть","Прочитать задачу":"Прочитать задачу","Отмена":"Отмена","Сложность":"Сложность","От кого":"От кого","Местоположение":"Местоположение","Описание":"Описание","Цели":"Цели","Награда":"Награда","quests_Цена ошибки":"Цена ошибки","quests_Легко":"Легко","quests_Литгер":"Литгер","quests_Склад Расходников":"Склад Расходников","quests_Литгер по неосторожности продал Дереку взрывной слиток, вместо слитка жизни (они по цвету очень похожи). Из-за чего Литгер теперь должен оплатить ущерб в размере 6-и слитков здоровья.":"Литгер по неосторожности продал Дереку \r\nвзрывной слиток, вместо слитка жизни \r\n(они по цвету очень похожи). \r\nИз-за чего Литгер теперь должен оплатить \r\nущерб в размере 6-и слитков здоровья.","quests_Найти 6 слитков жизни.":"Найти 6 слитков жизни.","quests_Отдать слитки Литгеру.":"Отдать слитки Литгеру.","quests_-25% стоимости всех рассходников. ":"-25% стоимости всех рассходников. ","quests_Небрежность кладовщика":"Небрежность кладовщика","quests_Дерек":"Дерек","quests_Склад со снаряжением":"Склад со снаряжением","quests_Дерек, перебирая слитки в своей комнате, случайно задел взрывной слиток и потерял большую часть своего имущества, вместе с лицом.":"Дерек, перебирая слитки в своей комнате, \r\nслучайно задел взрывной слиток и потерял \r\nбольшую часть своего имущества, вместе с\r\nлицом.","quests_Заставить Литгера компенсировать ущерб Дереку.":"Заставить Литгера компенсировать ущерб\r\nДереку.","quests_Поговорить с Дереком.":"Поговорить с Дереком.","quests_15% скидка на броню и оружие.":"15% скидка на броню и оружие.","quests_Век живи, век учись, сын!":"Век живи, век учись, сын!","quests_Просто":"Просто","quests_Сидрин Рури":"Сидрин Рури","quests_Арена":"Арена","quests_Риом перед лекцией решил посетить арену, где практиковался в фехтовании Сидрин Рури, его отец. Поприветствовав сына, Сидрин предложил ему провести полноценный спарринг. Если Риом согласится, то отец ему в награду выдаст пиритовый меч.":"Риом перед лекцией решил посетить арену, где\r\nпрактиковался в фехтовании Сидрин Рури, его\r\nотец.\r\nПоприветствовав сына, Сидрин предложил ему\r\nпровести полноценный спарринг.\r\nЕсли Риом согласится, то отец ему в награду\r\nвыдаст пиритовый меч.","quests_Сразиться с Сидрином.":"Сразиться с Сидрином.","quests_Выиграть 1-й раунд.":"Выиграть 1-й раунд.","quests_Выиграть 2-й раунд.":"Выиграть 2-й раунд.","quests_Пиритовый сплав х2.":"Пиритовый сплав х2.","quests_Пиритовый меч.":"Пиритовый меч.","quests_Пропавший помощник":"Пропавший помощник","quests_Ирей":"Ирей","quests_Лекционный зал Ирея":"Лекционный зал Ирея","quests_Ирей готов простить Риома за его грубость. Взамен юный жнец должен помочь Вероломгеру с поиском его помощника, Вейлера. Жнец помогал Ирею с презентациями исследований и локациями, а в скором времени он пропал.":"Ирей готов простить Риома за его грубость.\nВзамен юный жнец должен помочь \nВероломгеру с поиском его помощника, \nВейлера. Жнец помогал Ирею с \nпрезентациями исследований и локациями, \nа в скором времени он пропал.","quests_Найти зацепку в архиве.":"Найти зацепку в архиве.","quests_Проверить личную комнату Вейлера в Восточном районе.":"Проверить личную комнату Вейлера в\r\nВосточном районе.","quests_Поговорить с Зедом в Центре Чистилища.":"Поговорить с Зедом в Центре Чистилища.","quests_Спуститься в подземный комплекс.":"Спуститься в подземный комплекс.","quests_Найти жнеца в подземном комплексе.":"Найти жнеца в подземном комплексе.","quests_Покинуть комплекс (жнец должен выжить).":"Покинуть комплекс (жнец должен выжить).","quests_Доложить обо всем Ирею.":"Доложить обо всем Ирею.","quests_Благодарность Ирея":"Благодарность Ирея","quests_Усиливающие устройство":"Усиливающие устройство","quests_Слиток жизни х2":"Слиток жизни х2","quests_Слиток магии":"Слиток магии","quests_Глава 2":"Глава 2","quests_Риом":"Риом","quests_Чистилище":"Чистилище","quests_Проснувшись от сна, Риому Рури предстояло пройти инструктаж в лекционном зале Рикарда. Но до начала инструктажа оставалось много времени, нужно чем-то себя занять.":"Проснувшись от сна, Риому Рури предстояло\r\nпройти инструктаж в лекционном зале Рикарда.\r\nНо до начала инструктажа оставалось много \r\nвремени, нужно чем-то себя занять.","quests_Задание отряда заключалась в проверке одного из районов Зубчатого каньона на наличие базы Восставших. В бой разведке вступать запрещено. Любые найденные данные нужно передать карательному корпусу. Сейчас Риому нужно встретиться со своими товарищами.":"Задание отряда заключалась в проверке \nодного из районов Зубчатого каньона на \nналичие базы Восставших.\nВ бой разведке вступать запрещено.\nЛюбые найденные данные нужно передать\nкарательному корпусу.\nСейчас Риому нужно встретиться со своими\nтоварищами.","quests_Придя на место Риом и Кенчиру нашли свой отряд... Кто-то перебил всех жнецов. Стоит осмотреть поле боя, чтобы найти улики или выживших.":"Придя на место Риом и Кенчиру нашли свой\nотряд... Кто-то перебил всех жнецов.\nСтоит осмотреть поле боя, чтобы найти улики\nили выживших.","quests_В ходе поисков Риом нашел уцелевшего жнеца - Риту. От нее он узнает, что отряд Ривальсеров по приказу Рикарда остался устанавливать точку телепорта, а сам командир с группой отправился дальше на разведку. Через некоторое время на группу жнецов с Ритой напали опустошители. Когда Риом подошёл к раненной девушке, на него напали жнецы из карательного корпуса. Нынешний глава Крайс Шнайден, проводит зачистку каньона от опустошителей и по его мнению - Рита убила свой же отряд. Риом с Кенчиру решили доставить выжившую в штаб Вероломгеров... Высшие жнецы сами решат что с ней делать. Нужно только добраться до штаба.":"В ходе поисков Риом нашел уцелевшего \nжнеца - Риту. От нее он узнает, что отряд \nРивальсеров по приказу Рикарда остался \nустанавливать точку телепорта, а сам командир\nс группой отправился дальше на разведку.\nЧерез некоторое время на группу жнецов с \nРитой напали опустошители. Когда Риом \nподошёл к раненной девушке, на него напали \nжнецы из карательного корпуса. Нынешний \nглава Крайс Шнайден, проводит зачистку \nканьона от опустошителей и по его мнению - \nРита убила свой же отряд. Риом с Кенчиру\nрешили доставить выжившую в штаб \nВероломгеров... Высшие жнецы сами решат \nчто с ней делать. Нужно только добраться до \nштаба. ","quests_Суд признал Риту невиновной и вынес приговор Крайсу. Сейчас владычица Чистилища, Смерть, решит вернёт Рикард свой прежний титул или нет. А пока Риом должен явиться в штаб Карателей и поговорить с Рикардом, когда тот вернётся. ":"Суд признал Риту невиновной и вынес приговор\r\nКрайсу.\r\nСейчас владычица Чистилища, Смерть, решит\r\nвернёт Рикард свой прежний титул или нет. \r\nА пока Риом должен явиться в штаб Карателей и \r\nпоговорить с Рикардом, когда тот вернётся. ","quests_Крайс получил наказание и на его место пришёл Рикард. Он поведал Риому о повышенной активности давнего врага Чистилища - Восставших. Опустошители, творения Влур-Стига, тоже с каждым месяцем становятся сильнее и злее. Чистилище активно готовится к войне. Для Риома Рури командир Рикард подготовил кое-что особенное. Нужно встретиться с Каспаром в коридоре штаба Карателей, он сопроводит Риома в оружейную.":"Крайс получил наказание и на его место \nпришёл Рикард. \nОн поведал Риому о повышенной активности \nдавнего врага Чистилища - Восставших. \nОпустошители, творения Влур-Стига, \nтоже с каждым месяцем становятся сильнее и \nзлее. \nЧистилище активно готовится к войне. \nДля Риома Рури командир Рикард подготовил \nкое-что особенное. Нужно встретиться с\nКаспаром в коридоре штаба Карателей,\nон сопроводит Риома в оружейную.","quests_Каспар привел Риома в оружейную, где хранятся артефакты. Загадочное и очень мощное оружие. Любой, кто коснется его, будет подвержен испытанию.":"Каспар привел Риома в оружейную, где хранятся \r\nартефакты. Загадочное и очень мощное оружие. \r\nЛюбой, кто коснется его, будет подвержен \r\nиспытанию.","quests_Риом чудом остался жив... Его доставили каратели в медицинский корпус. Пока Риом был в отключке жнецы обнаружили крупный отряд Восставших на границе между Серебрянной пустыней и Зубчатым каньоном. Боевые жнецы уже вот-вот отправятся на битву. Каратели тоже примут участие. Рикард собирает крупный отряд на брифинг и Риом обязан прийти на него, как можно скорее.":"Риом чудом остался жив... \nЕго доставили каратели в медицинский корпус. \nПока Риом был в отключке жнецы обнаружили \nкрупный отряд Восставших на границе между \nСеребрянной пустыней и Зубчатым каньоном. \nБоевые жнецы уже вот-вот отправятся на битву. \nКаратели тоже примут участие. \nРикард собирает крупный отряд на брифинг и \nРиом обязан прийти на него, как можно скорее.","quests_Навестить Сидрина Рури в Северном районе Чистилища.":"Навестить Сидрина Рури в Северном \r\nрайоне Чистилища.","quests_Найти кладовщика Дерека в Северо-Восточном районе Чистилища.":"Найти кладовщика Дерека в \r\nСеверо-Восточном районе Чистилища.","quests_Найти кладовщика Литгера в Восточном районе Чистилища.":"Найти кладовщика Литгера в Восточном\r\nрайоне Чистилища.","quests_Найти Вейлера помощника Ирея.":"Найти Вейлера помощника Ирея.","quests_Явиться на инструктаж Рикарда.":"Явиться на инструктаж Рикарда.","quests_Активировать телепорт.":"Активировать телепорт.","quests_Догнать разведотряд Рикарда.":"Догнать разведотряд Рикарда.","quests_Найти зацепки.":"Найти зацепки.","quests_Доставить Риту в штаб Вероломгеров.":"Доставить Риту в штаб Вероломгеров.","quests_Прийти в штаб Карателей.":"Прийти в штаб Карателей.","quests_Следовать за Каспаром.":"Следовать за Каспаром.","quests_Встретиться с Ирни Мерсалессом в комнате рядом с кабинетом Рикарда.":"Встретиться с Ирни Мерсалессом в комнате \nрядом с кабинетом Рикарда.","quests_Отправиться в оружейную с Каспаром.":"Отправиться в оружейную с Каспаром.","quests_Коснуться меча.":"Коснуться меча.","quests_Пройти испытание.":"Пройти испытание.","quests_Встретиться с Рикардом в штабе Карателей.":"Встретиться с Рикардом в штабе Карателей.","quests_Меч Геном Моркрет":"Меч Геном Моркрет","quests_Время делу, попойке час!":"Время делу, попойке час!","quests_Ирни Мерсалесс":"Ирни Мерсалесс","quests_Комната Ирни":"Комната Ирни","quests_Встреча Риом с отрядом Ирни Мерсалесса обернулась затяжной попойкой. Один из жнецов, леди Роза, смешала жидкий милит с бренди на десяток бутылок. Дорога веселья привела весь отряд в корпус боевых жнецов. Ирни попросил меня добыть одну из реликвий боевых жнецов в комнате Лауриты. На вопрос о конкретике он ответил: ”Нежное, шелковистое, мягкое, таиться в одном из тысячи сундуков, Лаурита носит их только при лунном свете среди звезд, перед тем, как окунуться в бескрайнее море.\"":"Встреча Риом с отрядом Ирни Мерсалесса\nобернулась затяжной попойкой. \nОдин из жнецов, леди Роза, смешала жидкий \nмилит с бренди на десяток бутылок. \nДорога веселья привела весь\nотряд в корпус боевых жнецов. \nИрни попросил Риома добыть одну из \nреликвий боевых жнецов в комнате Лауриты. \nНа вопрос о конкретике он ответил: \n”Нежное, шелковистое, мягкое, таиться \nв одном из тысячи сундуков, Лаурита \nносит их только при лунном свете среди \nзвезд, перед тем, как окунуться в бескрайнее\nморе.”","quests_Найти одну из реликвий.":"Найти одну из реликвий.","quests_Встретиться с Рози в Северо-Восточном районе.":"Встретиться с Рози в Северо-Восточном\r\nрайоне.","quests_Найти Ирни.":"Найти Ирни.","quests_Доставить Ирни в его комнату.":"Доставить Ирни в его комнату.","quests_Реликвия":"Реликвия","quests_Глава 3":"Глава 3","quests_Зубчатый каньон":"Зубчатый каньон","quests_После сокрушительного поражения, Риому удалось выжить. Но теперь жнец застрял в неизвестном ему участке каньона. Опустошители повсюду и единственный шанс на спасение - телепорт, или дорога, ведущая в более безопасное место.":"После сокрушительного поражения, Риому \nудалось выжить. Но теперь жнец застрял в \nнеизвестном ему участке каньона. \nОпустошители повсюду и единственный шанс \nна спасение - телепорт, или дорога, ведущая \nв более безопасное место.","quests_Как оказалось, единственный способ покинуть пропасть каньона - телепорт. Он в рабочем состоянии, но без энергии. Эту проблему можно решить, поменяв батарейку. Риому придется её где-то раздобыть и добраться до телепорта в живом состоянии.":"Как оказалось, единственный способ покинуть \nпропасть каньона - телепорт. Он в рабочем \nсостоянии, но без энергии. Эту проблему \nможно решить, поменяв батарейку. Риому \nпридется её где-то раздобыть и добраться до \nтелепорта в живом состоянии.","quests_Найти способ выбраться из Пропасти.":"Найти способ выбраться из Пропасти.","quests_Раздобыть батарейку и активировать телепорт.":"Раздобыть батарейку и активировать \nтелепорт.","quests_Последний инженер":"Последний инженер","quests_Жнец-Ривальсер Тини":"Жнец-Ривальсер Тини","quests_Северный каньон":"Северный каньон","quests_По пути к выходу из северного района Зубчатого каньона Риом встретил причудливого жнеца Тини. Его отряд оборудовал форпосты и пункты добычи недалеко от пещер с ресурсами. Но на группу инженеров напали опустошители и перебили всех, кроме Тини. Жнец пытался выбраться из каньона, но из-за страха перед столь яростным врагом, решил спрятаться и надеяться на чудо. Тини рассказал про телепорт недалеко от его лагеря и то, что устройство может быть обесточено. Восстановить питание возможно с помощью батареи. Дабы помочь Риому, инженер поделился с ним чертежом батареи.":"По пути к выходу из северного района Зубчатого\r\nканьона Риом встретил причудливого жнеца\r\nТини. Его отряд оборудовал форпосты и пункты\r\nдобычи недалеко от пещер с ресурсами.\r\nНо на группу инженеров напали опустошители\r\nи перебили всех, кроме Тини.\r\nЖнец пытался выбраться из каньона, но из-за\r\nстраха перед столь яростным врагом, решил\r\nспрятаться и надеяться на чудо.\r\nТини рассказал про телепорт недалеко от его\r\nлагеря и то, что устройство может быть\r\nобесточено. Восстановить питание возможно с\r\nпомощью батареи.\r\nДабы помочь Риому, инженер поделился с ним\r\nчертежом батареи.","quests_По пути к выходу из северного района Зубчатого каньона Риом встретил причудливого жнеца Тини. Его отряд оборудовал форпосты и пункты добычи недалеко от пещер с ресурсами. Но на группу инженеров напали опустошители и перебили всех, кроме Тини. Жнец пытался выбраться из каньона, но из-за страха перед столь яростным врагом, решил спрятаться и надеяться на чудо. Тини рассказал про телепорт недалеко от его лагеря и то, что устройство может быть обесточено. Восстановить питание возможно с помощью батареи. Риом, вместе с Тини, отправляется на поиски батереи.":"По пути к выходу из северного района Зубчатого\nканьона Риом встретил причудливого жнеца\nТини. Его отряд оборудовал форпосты и пункты\nдобычи недалеко от пещер с ресурсами.\nНо на группу инженеров напали опустошители\nи перебили всех, кроме Тини.\nЖнец пытался выбраться из каньона, но из-за\nстраха перед столь яростным врагом, решил\nспрятаться и надеяться на чудо.\nТини рассказал про телепорт недалеко от его\nлагеря и то, что устройство может быть\nобесточено. Восстановить питание возможно с\nпомощью батареи.\nРиом, вместе с Тини, отправляется на поиски\nбатереи.","quests_Получить батарею.":"Получить батарею.","quests_Найти телепорт.":"Найти телепорт.","quests_Тини должен выжить.":"Тини должен выжить.","quests_Инженерная установка":"Инженерная установка","quests_Последняя надежда":"Последняя надежда","quests_Средняя":"Средняя","quests_Ильнара":"Ильнара","quests_Северная область зубчатого каньона":"Северная область зубчатого \nканьона","quests_Исследуя каньон, Риом обнаружил исследовательский отряд жнецов-инженеров во главе с капитаном Ильнарой. Они искали в подземных секциях очень редкий материал - осколок иерархита. Из этого материала состоят тела Иерархов, полубогов, которые служат Творцу всего живого. Один из таких прислужников сейчас находится в Чистилище - Ирей. Давным-давно он получил серьезные раны и их пришлось залатать дешевым и доступным материалом - пиритом. Тот, кого приравняли к Высшим жнецам, решил восстановить утерянное, руками своих подчиненных...":"Исследуя каньон, Риом обнаружил \nисследовательский отряд жнецов-инженеров \nво главе с капитаном Ильнарой. \nОни искали в подземных секциях очень \nредкий материал - осколок иерархита. Из этого \nматериала состоят тела Иерархов, полубогов, \nкоторые служат Творцу всего живого. Один из \nтаких прислужников сейчас находится в \nЧистилище - Ирей. Давным-давно он получил \nсерьезные раны и их пришлось залатать \nдешевым и доступным материалом - пиритом.\nТот, кого приравняли к Высшим жнецам, решил\nвосстановить утерянное, руками своих \nподчиненных...","quests_Исследуя каньон, Риом обнаружил исследовательский отряд жнецов-инженеров во главе с капитаном Ильнарой. Один из её подчиненных, Брикс, сильно ранен. Мне придется раздобыть где-то слиток лечения...":"Исследуя каньон, Риом обнаружил \nисследовательский отряд жнецов-инженеров во \nглаве с капитаном Ильнарой. Один из её \nподчиненных, Брикс, сильно ранен. \nМне придется раздобыть где-то слиток лечения...","quests_Риом успешно добрался до своей цели, но связь с Ильнарой прервалась... Ни она, ни кто-либо из её отряда не отвечают Риому. Что-то тут явно не так.":"Риом успешно добрался до своей цели, \r\nно связь с Ильнарой прервалась... \r\nНи она, ни кто-либо из её отряда не \r\nотвечают Риому. Что-то тут явно не так.","quests_Когда Риом вернулся, чтобы узнать, что случилось с отрядом Ильнары - находка была ужасающей. Весь форпост словно ураганом сдуло. Повсюду кровь и тела опустошителей, но ни одного тела жнеца. Судьба отряда Ильнары неизвестна...":"Когда Риом вернулся, чтобы узнать, \r\nчто случилось с отрядом Ильнары - находка\r\nбыла ужасающей.\r\nВесь форпост словно ураганом сдуло. \r\nПовсюду кровь и тела опустошителей, но \r\nни одного тела жнеца. \r\nСудьба отряда Ильнары неизвестна...","quests_Добраться до вершины скалы.":"Добраться до вершины скалы.","quests_Принести раненому Брикс слиток лечения.":"Принести раненому Брикс слиток лечения.","quests_Вернуться на вершину скалы.":"Вернуться на вершину скалы.","quests_Глава 4":"Глава 4","quests_После победы над огромным опустошителем, Риом телепортировался на один из смотрительных пунктов. Он оказался начисто разгромлен. Теперь же жнецу предстоит найти путь, который выведет его из Южного каньона.":"После победы над огромным опустошителем, \r\nРиом телепортировался на один из \r\nсмотрительных пунктов. Он оказался начисто \r\nразгромлен. Теперь же жнецу предстоит найти \r\nпуть, который выведет его из Южного каньона.","quests_Северный каньон оказался напрочь забит дикими опустошителями. Вокруг почти нет ни одного уцелевшего жнеца. Они либо тут не задерживаются, либо скрываются в таких местах, где опустошители до них не доберутся. Кроме этого, Риом обнаружил место, где по словам Коельтана, есть хрупкая каменная порода. За ней, как правило, есть проход… но куда он ведет? Чтобы это проверить придется найти способ спуститься вниз. Кроме этого, Коельтан попросил заглянуть к нему в иллюзорный мир, в безопасном месте. Он обучит Риома новому приему.":"Северный каньон оказался напрочь забит \nдикими опустошителями. Вокруг почти нет ни \nодного уцелевшего жнеца. Они либо тут не \nзадерживаются, либо скрываются в таких \nместах, где опустошители до них не доберутся.\nКроме этого, Риом обнаружил место, где по \nсловам Коельтана, есть хрупкая каменная \nпорода. За ней, как правило, есть проход…\nно куда он ведет? \nЧтобы это проверить придется найти способ \nспуститься вниз. Кроме этого, Коельтан \nпопросил заглянуть к нему в иллюзорный мир, \nв безопасном месте. Он обучит Риома новому \nприему.","quests_Теперь дорога к одной из баз в Восточном районе открыта. Риом смог одолеть “троицу” диких опустошителей, которые стояли между ним и телепортом. Дикая и неизведанная местность осталась позади. Следующее место более изученное, но не менее опасное.":"Теперь дорога к одной из баз в Восточном \nрайоне открыта. Риом смог одолеть “троицу” \nдиких опустошителей, которые стояли между \nним и телепортом. Дикая и неизведанная \nместность осталась позади. Следующее место \nболее изученное, но не менее опасное.","quests_Разведать обстановку.":"Разведать обстановку.","quests_Изучить навык Теневого разреза в брошенном лагере жнецов.":"Изучить навык Теневого разреза в брошенном \nлагере жнецов.","quests_Найти способ безопасного спуска.":"Найти способ безопасного спуска.","quests_Сложно":"Сложно","quests_Дьявольский секрет":"Дьявольский секрет","quests_Рита":"Рита","quests_Лаборатория Риты":"Лаборатория Риты","quests_По словам Риты, Риом ещё не до конца оправился от полученных ранений. Физических ран на теле нет, но нервная система не до конца восстановилась. В мед-корпусе для такой процедуры не хватает оборудования, по этому Рита привела юного жнеца в свою лабораторию.":"По словам Риты, Риом ещё не до конца \nоправился от полученных ранений. \nФизических ран на теле нет, но нервная система\nне до конца восстановилась. \nВ мед-корпусе для такой процедуры не хватает \nоборудования, по этому Рита привела юного \nжнеца в свою лабораторию. ","quests_Рита смогла восстановить нервную систему Риома. Как оказалось, повреждение нервов грозило юному жнецу уязвимостью к ментальному контролю. Также Риом узнал, природу целительной магии Риты - демоническая связь с суккубами. В тело девушки вживлена плоть демона - позвоночник. Рита не стала озвучивать всех подробностей, кроме того, что она случайно в мире Живых наткнулась на суккуба и демонесса провела процедуру синтеза плоти. Рита периодически слышит голоса из Преисподней, но они не оказываютна неё никакого воздействия. Рита поведала о своем секрете, но взамен заключила с Риомом сделку - он будет хранить её секрет в тайне и если расскажет кому-то без согласия Риты, то умрет.":"Рита смогла восстановить нервную систему \nРиома. Как оказалось, повреждение нервов \nгрозило юному жнецу уязвимостью к \nментальному контролю. Также Риом узнал, \nприроду целительной магии Риты - \nдемоническая связь с суккубами. В тело \nдевушки вживлена плоть демона - \nпозвоночник. Рита не стала озвучивать всех \nподробностей, кроме того, что она случайно \nв мире Живых наткнулась на суккуба и \nдемонесса провела процедуру синтеза плоти.\nРита периодически слышит голоса из \nПреисподней, но они не оказывают на неё \nникакого воздействия. Рита поведала о своем\nсекрете, но взамен заключила с Риомом \nсделку - он будет хранить её секрет в тайне и\nесли расскажет кому-то без согласия Риты, \nто умрет.","quests_Закончить лечение Риома.":"Закончить лечение Риома.","quests_Обратный путь. Последний.":"Обратный путь. Последний.","quests_Авель":"Авель","quests_Лабиринт (безопасная зона)":"Лабиринт (безопасная зона)","quests_Последовать за Авелем.":"Последовать за Авелем.","quests_Разобрать 50 павших жнецов.":"Разобрать 50 павших жнецов.","quests_Авель должен выжить.":"Авель должен выжить.","quests_Пройти мимо кристала адаманта.":"Пройти мимо кристала адаманта.","quests_Особое усиление на выбор.":"Особое усиление на выбор.","quests_Глава 5":"Глава 5","quests_Лабиринт":"Лабиринт","quests_Найти раненый отряд.":"Найти раненый отряд.","quests_Собрать 30 слитков.":"Собрать 30 слитков.","quests_Связаться с медицинским корпусом.":"Связаться с медицинским корпусом.","quests_Встретить Лауриту.":"Встретить Лауриту.","quests_Довести отряд Лауриты до лагеря раненых жнецов.":"Довести отряд Лауриты до лагеря раненых \nжнецов.","quests_Лаурита не должна погибнуть.":"Лаурита не должна погибнуть.","quests_Рита не должна погибнуть.":"Рита не должна погибнуть.","quests_Кенчиру не должен погибнуть.":"Кенчиру не должен погибнуть."}